root_cause_id,scenario_id,answer,fault_type_cn,root_cause_description,suggested_action,mean_rsrp,mean_sinr,mean_throughput_mbps,mean_rb_num,mean_gps_speed_kmh
RC_ID_1P7PJMPV0R,ID_1P7PJMPV0R,C2,信号中断/覆盖退化,服务小区覆盖距离超过 1 km，越区覆盖,检查越区覆盖，调整功率、方位角或切换边界。,-79.355,12.058,847.792,207.317,17.4
RC_ID_8B1D1TUTFA,ID_8B1D1TUTFA,C1,信号中断/覆盖退化,服务小区下倾角过大，远端弱覆盖,复核服务小区下倾角，优化远端覆盖。,-83.542,11.217,850.051,208.43,18.5
RC_ID_IGGXMA9GZH,ID_IGGXMA9GZH,C2,信号中断/覆盖退化,服务小区覆盖距离超过 1 km，越区覆盖,检查越区覆盖，调整功率、方位角或切换边界。,-86.614,21.24,671.739,204.145,18.9
RC_ID_D6C9N2X295,ID_D6C9N2X295,C2,信号中断/覆盖退化,服务小区覆盖距离超过 1 km，越区覆盖,检查越区覆盖，调整功率、方位角或切换边界。,-84.998,10.698,921.43,207.86,15.8
RC_ID_8JC15PNP3Q,ID_8JC15PNP3Q,C5,基站故障,频繁切换降低性能,调整切换门限、迟滞和定时器，减少频繁切换。,-78.516,10.008,789.406,195.452,21.4
RC_ID_JH01F8GPC2,ID_JH01F8GPC2,C8,带宽不足,平均调度 RB 低于 160 影响吞吐,检查 RB 调度资源，评估扩容或负载均衡。,-82.035,8.22,742.545,161.97,19.9
RC_ID_4T5Z9ZTC6P,ID_4T5Z9ZTC6P,C4,信道干扰,非共站同频邻区导致严重重叠覆盖,处理同频重叠覆盖，优化频点、功率和覆盖边界。,-84.925,10.939,674.005,203.831,22
RC_ID_YN7969NO6H,ID_YN7969NO6H,C2,信号中断/覆盖退化,服务小区覆盖距离超过 1 km，越区覆盖,检查越区覆盖，调整功率、方位角或切换边界。,-78.654,11.049,702.967,207.088,20.2
RC_ID_1W0Z7Z03FA,ID_1W0Z7Z03FA,C8,带宽不足,平均调度 RB 低于 160 影响吞吐,检查 RB 调度资源，评估扩容或负载均衡。,-83.011,17.356,714.129,164.719,13.8
RC_ID_6IEENAY3DS,ID_6IEENAY3DS,C8,带宽不足,平均调度 RB 低于 160 影响吞吐,检查 RB 调度资源，评估扩容或负载均衡。,-85.281,7.62,1010.785,166.4215,19.9
RC_ID_KYV7TLA3TL,ID_KYV7TLA3TL,C1,信号中断/覆盖退化,服务小区下倾角过大，远端弱覆盖,复核服务小区下倾角，优化远端覆盖。,-87.889,22.399,634.862,198.663,18.2
RC_ID_KUQ56NHKRC,ID_KUQ56NHKRC,C8,带宽不足,平均调度 RB 低于 160 影响吞吐,检查 RB 调度资源，评估扩容或负载均衡。,-84.764,10.193,788.018,168.414,17.9
RC_ID_2KSUJ32FOL,ID_2KSUJ32FOL,C3,信道干扰,邻区提供更高吞吐,优化邻区关系和切换策略，降低强邻区抢占影响。,-86.477,12.978,590.856,196.647,19.4
RC_ID_EAD732W3XX,ID_EAD732W3XX,C5,基站故障,频繁切换降低性能,调整切换门限、迟滞和定时器，减少频繁切换。,-79.698,13.366,776.623,209.474,16
RC_ID_HKXOGZ7785,ID_HKXOGZ7785,C7,信号中断/覆盖退化,车速超过 40 km/h 影响吞吐,结合高速移动场景优化移动性和覆盖连续性。,-80.345,22.522,1080.766,211.004,34.4
RC_ID_FOFNOQ7YTE,ID_FOFNOQ7YTE,C6,信道干扰,邻区和服务小区 PCI mod 30 相同导致干扰,重新规划 PCI，消除 PCI mod 30 冲突。,-84.96,0.419,746.006,207.131,14
RC_ID_0BX5DYZD39,ID_0BX5DYZD39,C2,信号中断/覆盖退化,服务小区覆盖距离超过 1 km，越区覆盖,检查越区覆盖，调整功率、方位角或切换边界。,-82.81,6.978,737.717,210.537,18.5
RC_ID_C7RM8J7UGT,ID_C7RM8J7UGT,C7,信号中断/覆盖退化,车速超过 40 km/h 影响吞吐,结合高速移动场景优化移动性和覆盖连续性。,-84.784,18.006,939.314,211.216,34.1
RC_ID_1LU1GQKRM6,ID_1LU1GQKRM6,C3,信道干扰,邻区提供更高吞吐,优化邻区关系和切换策略，降低强邻区抢占影响。,-82.871,12.325,655.173,197.706,25.9
RC_ID_R1C9OFX6LP,ID_R1C9OFX6LP,C7,信号中断/覆盖退化,车速超过 40 km/h 影响吞吐,结合高速移动场景优化移动性和覆盖连续性。,-87.753,20.266,734.174,208.922,38.4
RC_ID_UJCCC7ZXWL,ID_UJCCC7ZXWL,C4,信道干扰,非共站同频邻区导致严重重叠覆盖,处理同频重叠覆盖，优化频点、功率和覆盖边界。,-81.04,8.307,670.061,209.511,19.1
RC_ID_QU7GKMVBF5,ID_QU7GKMVBF5,C2,信号中断/覆盖退化,服务小区覆盖距离超过 1 km，越区覆盖,检查越区覆盖，调整功率、方位角或切换边界。,-87.302,24.238,652.083,204.633,19.7
RC_ID_NEU20PLXQK,ID_NEU20PLXQK,C3,信道干扰,邻区提供更高吞吐,优化邻区关系和切换策略，降低强邻区抢占影响。,-82.369,3.773,595.43,201.165,22.2
RC_ID_4NPSIR5L53,ID_4NPSIR5L53,C3,信道干扰,邻区提供更高吞吐,优化邻区关系和切换策略，降低强邻区抢占影响。,-77.544,3.404,635.219,192.578,18.8
RC_ID_1WVH8KPA4T,ID_1WVH8KPA4T,C2,信号中断/覆盖退化,服务小区覆盖距离超过 1 km，越区覆盖,检查越区覆盖，调整功率、方位角或切换边界。,-85.972,15.074,930.5,210.639,19.4
RC_ID_BWVRXVQE9Q,ID_BWVRXVQE9Q,C4,信道干扰,非共站同频邻区导致严重重叠覆盖,处理同频重叠覆盖，优化频点、功率和覆盖边界。,-85.076,24.087,640.596,197.24,16.2
RC_ID_0YPJON1GHW,ID_0YPJON1GHW,C7,信号中断/覆盖退化,车速超过 40 km/h 影响吞吐,结合高速移动场景优化移动性和覆盖连续性。,-81.896,5.776,641.042,202.379,35.1
RC_ID_4MCV3S8MLN,ID_4MCV3S8MLN,C7,信号中断/覆盖退化,车速超过 40 km/h 影响吞吐,结合高速移动场景优化移动性和覆盖连续性。,-84.96,0.419,746.006,207.131,30
RC_ID_GSDA622T4C,ID_GSDA622T4C,C2,信号中断/覆盖退化,服务小区覆盖距离超过 1 km，越区覆盖,检查越区覆盖，调整功率、方位角或切换边界。,-83.902,18.669,791.192,205.77,20.9
RC_ID_LSCO1MRIBD,ID_LSCO1MRIBD,C7,信号中断/覆盖退化,车速超过 40 km/h 影响吞吐,结合高速移动场景优化移动性和覆盖连续性。,-87.018,20.55,562.341,199.74,33.8
RC_ID_X3QD1XNWP5,ID_X3QD1XNWP5,C3,信道干扰,邻区提供更高吞吐,优化邻区关系和切换策略，降低强邻区抢占影响。,-86.939,20.147,630.381,206.685,23.6
RC_ID_EFLNDZMQJR,ID_EFLNDZMQJR,C7,信号中断/覆盖退化,车速超过 40 km/h 影响吞吐,结合高速移动场景优化移动性和覆盖连续性。,-77.452,20.731,888.929,210.606,30.5
RC_ID_OGRFKUPW5Q,ID_OGRFKUPW5Q,C7,信号中断/覆盖退化,车速超过 40 km/h 影响吞吐,结合高速移动场景优化移动性和覆盖连续性。,-82.137,15.141,946.087,203.585,33.8
RC_ID_QYF2KWKMS1,ID_QYF2KWKMS1,C5,基站故障,频繁切换降低性能,调整切换门限、迟滞和定时器，减少频繁切换。,-81.894,11.194,622.405,210.84,22.7
RC_ID_QYZPVN14N6,ID_QYZPVN14N6,C3,信道干扰,邻区提供更高吞吐,优化邻区关系和切换策略，降低强邻区抢占影响。,-81.656,3.766,732.565,201.838,23.1
RC_ID_F4GWV685E7,ID_F4GWV685E7,C6,信道干扰,邻区和服务小区 PCI mod 30 相同导致干扰,重新规划 PCI，消除 PCI mod 30 冲突。,-87.467,15.545,922.385,207.194,20.2
RC_ID_S5XH2N7HHU,ID_S5XH2N7HHU,C4,信道干扰,非共站同频邻区导致严重重叠覆盖,处理同频重叠覆盖，优化频点、功率和覆盖边界。,-87.15,8.435,801.304,208.407,21.6
RC_ID_VJNZBBWW6L,ID_VJNZBBWW6L,C2,信号中断/覆盖退化,服务小区覆盖距离超过 1 km，越区覆盖,检查越区覆盖，调整功率、方位角或切换边界。,-86.547,24.024,887.997,210.469,14.8
RC_ID_ERYI944XVK,ID_ERYI944XVK,C4,信道干扰,非共站同频邻区导致严重重叠覆盖,处理同频重叠覆盖，优化频点、功率和覆盖边界。,-86.086,21.876,726.899,193.751,18.5
RC_ID_O33P1CNAGW,ID_O33P1CNAGW,C1,信号中断/覆盖退化,服务小区下倾角过大，远端弱覆盖,复核服务小区下倾角，优化远端覆盖。,-89.569,20.49,586.152,206.223,15.3
RC_ID_8F5APW38G5,ID_8F5APW38G5,C7,信号中断/覆盖退化,车速超过 40 km/h 影响吞吐,结合高速移动场景优化移动性和覆盖连续性。,-81.668,12.806,1040.123,208.432,36.4
RC_ID_MEW6189J1B,ID_MEW6189J1B,C2,信号中断/覆盖退化,服务小区覆盖距离超过 1 km，越区覆盖,检查越区覆盖，调整功率、方位角或切换边界。,-76.305,15.716,948.51,204.202,16.6
RC_ID_38AT499617,ID_38AT499617,C4,信道干扰,非共站同频邻区导致严重重叠覆盖,处理同频重叠覆盖，优化频点、功率和覆盖边界。,-83.014,17.466,1000.05,211.184,17.2
RC_ID_TBVYNNOWBH,ID_TBVYNNOWBH,C5,基站故障,频繁切换降低性能,调整切换门限、迟滞和定时器，减少频繁切换。,-83.902,18.669,791.192,205.77,20.9
RC_ID_1EB0DGFP07,ID_1EB0DGFP07,C2,信号中断/覆盖退化,服务小区覆盖距离超过 1 km，越区覆盖,检查越区覆盖，调整功率、方位角或切换边界。,-82.252,14.702,824.852,209.022,19.7
RC_ID_QJMFRH0157,ID_QJMFRH0157,C2,信号中断/覆盖退化,服务小区覆盖距离超过 1 km，越区覆盖,检查越区覆盖，调整功率、方位角或切换边界。,-83.964,7.561,648.033,201.69,18.4
RC_ID_FCHHTWBXW4,ID_FCHHTWBXW4,C3,信道干扰,邻区提供更高吞吐,优化邻区关系和切换策略，降低强邻区抢占影响。,-82.683,5.486,827.049,206.955,25.1
RC_ID_MDU5TNIU9G,ID_MDU5TNIU9G,C5,基站故障,频繁切换降低性能,调整切换门限、迟滞和定时器，减少频繁切换。,-82.578,10.668,670.887,206.536,21.6
RC_ID_O51NFCIH9G,ID_O51NFCIH9G,C6,信道干扰,邻区和服务小区 PCI mod 30 相同导致干扰,重新规划 PCI，消除 PCI mod 30 冲突。,-85.471,4.856,706.371,209.881,21.4
RC_ID_Q9RFM0OUQ8,ID_Q9RFM0OUQ8,C6,信道干扰,邻区和服务小区 PCI mod 30 相同导致干扰,重新规划 PCI，消除 PCI mod 30 冲突。,-79.555,10.163,852.033,207.533,19.9
RC_ID_C97E7TZDX3,ID_C97E7TZDX3,C2,信号中断/覆盖退化,服务小区覆盖距离超过 1 km，越区覆盖,检查越区覆盖，调整功率、方位角或切换边界。,-86.156,18.896,624.175,205.699,18.6
RC_ID_R9RDU5P8UO,ID_R9RDU5P8UO,C3,信道干扰,邻区提供更高吞吐,优化邻区关系和切换策略，降低强邻区抢占影响。,-81.983,21.996,715.245,201.67,25
RC_ID_TH9HRUXGTP,ID_TH9HRUXGTP,C7,信号中断/覆盖退化,车速超过 40 km/h 影响吞吐,结合高速移动场景优化移动性和覆盖连续性。,-82.455,7.245,625.553,193.219,37.2
RC_ID_2M9MQZF3S8,ID_2M9MQZF3S8,C8,带宽不足,平均调度 RB 低于 160 影响吞吐,检查 RB 调度资源，评估扩容或负载均衡。,-86.318,21.079,583.29,163.0895,16.8
RC_ID_G7BYL7V20J,ID_G7BYL7V20J,C3,信道干扰,邻区提供更高吞吐,优化邻区关系和切换策略，降低强邻区抢占影响。,-81.623,12.084,711.52,187.554,16.9
RC_ID_NTFSOIOEOG,ID_NTFSOIOEOG,C8,带宽不足,平均调度 RB 低于 160 影响吞吐,检查 RB 调度资源，评估扩容或负载均衡。,-80.714,9.854,633.787,163.1845,21.6
RC_ID_CBH917UZP2,ID_CBH917UZP2,C5,基站故障,频繁切换降低性能,调整切换门限、迟滞和定时器，减少频繁切换。,-76.93,2.42,654.077,203.041,25.4
RC_ID_5GUVM4YEWZ,ID_5GUVM4YEWZ,C2,信号中断/覆盖退化,服务小区覆盖距离超过 1 km，越区覆盖,检查越区覆盖，调整功率、方位角或切换边界。,-86.496,19.066,976.464,208.737,15.6
RC_ID_844T2PSXTK,ID_844T2PSXTK,C5,基站故障,频繁切换降低性能,调整切换门限、迟滞和定时器，减少频繁切换。,-85.383,13.015,843.923,209.476,23.1
RC_ID_342CVK5J6Z,ID_342CVK5J6Z,C2,信号中断/覆盖退化,服务小区覆盖距离超过 1 km，越区覆盖,检查越区覆盖，调整功率、方位角或切换边界。,-73.134,11.721,1059.551,209.389,20.7
RC_ID_I851CU985B,ID_I851CU985B,C1,信号中断/覆盖退化,服务小区下倾角过大，远端弱覆盖,复核服务小区下倾角，优化远端覆盖。,-85.858,17.125,677.899,196.54,17.1
RC_ID_05YSXSLU2Q,ID_05YSXSLU2Q,C1,信号中断/覆盖退化,服务小区下倾角过大，远端弱覆盖,复核服务小区下倾角，优化远端覆盖。,-88.712,5.66,610.332,207.011,16.9
RC_ID_JT0SG47X0A,ID_JT0SG47X0A,C5,基站故障,频繁切换降低性能,调整切换门限、迟滞和定时器，减少频繁切换。,-83.533,17.023,1043.214,210.058,18.7
RC_ID_I8NU7NS04A,ID_I8NU7NS04A,C7,信号中断/覆盖退化,车速超过 40 km/h 影响吞吐,结合高速移动场景优化移动性和覆盖连续性。,-81.623,12.084,671.52,187.554,32.9
RC_ID_MAHNTU9MKC,ID_MAHNTU9MKC,C5,基站故障,频繁切换降低性能,调整切换门限、迟滞和定时器，减少频繁切换。,-84.33,3.026,536.477,206.408,23.4
RC_ID_Z0UH9479AB,ID_Z0UH9479AB,C7,信号中断/覆盖退化,车速超过 40 km/h 影响吞吐,结合高速移动场景优化移动性和覆盖连续性。,-86.547,24.024,887.997,210.469,30.8
RC_ID_YJT3TZHN4Q,ID_YJT3TZHN4Q,C5,基站故障,频繁切换降低性能,调整切换门限、迟滞和定时器，减少频繁切换。,-83.107,11.405,852.806,208.129,22.2
RC_ID_ZZMOO06PHG,ID_ZZMOO06PHG,C8,带宽不足,平均调度 RB 低于 160 影响吞吐,检查 RB 调度资源，评估扩容或负载均衡。,-79.315,9.431,527.424,161.7065,15.7
RC_ID_L7441JV5F3,ID_L7441JV5F3,C1,信号中断/覆盖退化,服务小区下倾角过大，远端弱覆盖,复核服务小区下倾角，优化远端覆盖。,-85.671,14.049,609.589,201.5,21.3
RC_ID_40LK1INKRI,ID_40LK1INKRI,C5,基站故障,频繁切换降低性能,调整切换门限、迟滞和定时器，减少频繁切换。,-87.114,15.285,819.266,211.053,20.3
RC_ID_X8Y2E1PZA4,ID_X8Y2E1PZA4,C8,带宽不足,平均调度 RB 低于 160 影响吞吐,检查 RB 调度资源，评估扩容或负载均衡。,-86.868,27.317,765.626,168.6335,25.7
RC_ID_BYHBV61AFG,ID_BYHBV61AFG,C2,信号中断/覆盖退化,服务小区覆盖距离超过 1 km，越区覆盖,检查越区覆盖，调整功率、方位角或切换边界。,-80.869,8.051,941.371,204.071,21.3
RC_ID_AM0EUMQBC3,ID_AM0EUMQBC3,C2,信号中断/覆盖退化,服务小区覆盖距离超过 1 km，越区覆盖,检查越区覆盖，调整功率、方位角或切换边界。,-85.384,10.13,836.558,204.144,24
RC_ID_FY51KPFY9N,ID_FY51KPFY9N,C7,信号中断/覆盖退化,车速超过 40 km/h 影响吞吐,结合高速移动场景优化移动性和覆盖连续性。,-80.329,15.28,567.624,207.773,37.4
RC_ID_5GEMKEGKNX,ID_5GEMKEGKNX,C1,信号中断/覆盖退化,服务小区下倾角过大，远端弱覆盖,复核服务小区下倾角，优化远端覆盖。,-87.737,1.741,730.911,207.137,26.3
RC_ID_UC4GARG8G5,ID_UC4GARG8G5,C1,信号中断/覆盖退化,服务小区下倾角过大，远端弱覆盖,复核服务小区下倾角，优化远端覆盖。,-88.529,26.518,934.381,210.77,17.6
RC_ID_A24LGY5Y0E,ID_A24LGY5Y0E,C2,信号中断/覆盖退化,服务小区覆盖距离超过 1 km，越区覆盖,检查越区覆盖，调整功率、方位角或切换边界。,-84.074,5.471,663.758,203.457,21.9
RC_ID_VT67F721DQ,ID_VT67F721DQ,C7,信号中断/覆盖退化,车速超过 40 km/h 影响吞吐,结合高速移动场景优化移动性和覆盖连续性。,-88.071,10.182,687.066,207.417,39.1
RC_ID_IEPBTPUJ9C,ID_IEPBTPUJ9C,C2,信号中断/覆盖退化,服务小区覆盖距离超过 1 km，越区覆盖,检查越区覆盖，调整功率、方位角或切换边界。,-87.753,20.266,734.174,208.922,22.4
RC_ID_GPC7YS3JG8,ID_GPC7YS3JG8,C8,带宽不足,平均调度 RB 低于 160 影响吞吐,检查 RB 调度资源，评估扩容或负载均衡。,-87.114,15.285,819.266,168.824,20.3
RC_ID_9B20TXNIDK,ID_9B20TXNIDK,C6,信道干扰,邻区和服务小区 PCI mod 30 相同导致干扰,重新规划 PCI，消除 PCI mod 30 冲突。,-73.564,23.042,1157.858,210.818,15.8
RC_ID_O894D7M0VU,ID_O894D7M0VU,C7,信号中断/覆盖退化,车速超过 40 km/h 影响吞吐,结合高速移动场景优化移动性和覆盖连续性。,-82.81,6.978,737.717,210.537,34.5
RC_ID_37BB87PFZX,ID_37BB87PFZX,C7,信号中断/覆盖退化,车速超过 40 km/h 影响吞吐,结合高速移动场景优化移动性和覆盖连续性。,-84.074,5.471,663.758,203.457,37.9
RC_ID_IEX6OQA1L4,ID_IEX6OQA1L4,C4,信道干扰,非共站同频邻区导致严重重叠覆盖,处理同频重叠覆盖，优化频点、功率和覆盖边界。,-86.477,12.978,550.856,196.647,19.4
RC_ID_F9R1A6KS3O,ID_F9R1A6KS3O,C2,信号中断/覆盖退化,服务小区覆盖距离超过 1 km，越区覆盖,检查越区覆盖，调整功率、方位角或切换边界。,-84.242,17.615,983.36,205.525,17.9
RC_ID_PVMLBTN01X,ID_PVMLBTN01X,C7,信号中断/覆盖退化,车速超过 40 km/h 影响吞吐,结合高速移动场景优化移动性和覆盖连续性。,-82.708,9.801,961.856,209.372,30.5
RC_ID_IRMB06E0A6,ID_IRMB06E0A6,C3,信道干扰,邻区提供更高吞吐,优化邻区关系和切换策略，降低强邻区抢占影响。,-83.588,18.514,1079.8,209.145,24.4
RC_ID_GNWSJY4XMI,ID_GNWSJY4XMI,C4,信道干扰,非共站同频邻区导致严重重叠覆盖,处理同频重叠覆盖，优化频点、功率和覆盖边界。,-80.329,15.28,567.624,207.773,21.4
RC_ID_51G99BK65O,ID_51G99BK65O,C1,信号中断/覆盖退化,服务小区下倾角过大，远端弱覆盖,复核服务小区下倾角，优化远端覆盖。,-89.41,10.052,828.333,202.017,18.8
RC_ID_S2N80V8XI0,ID_S2N80V8XI0,C3,信道干扰,邻区提供更高吞吐,优化邻区关系和切换策略，降低强邻区抢占影响。,-79.315,9.431,567.424,201.188,15.7
RC_ID_R4WW3V49IY,ID_R4WW3V49IY,C1,信号中断/覆盖退化,服务小区下倾角过大，远端弱覆盖,复核服务小区下倾角，优化远端覆盖。,-79.182,2.04,733.844,201.88,23.2
RC_ID_GJ3OMWW342,ID_GJ3OMWW342,C2,信号中断/覆盖退化,服务小区覆盖距离超过 1 km，越区覆盖,检查越区覆盖，调整功率、方位角或切换边界。,-83.512,19.648,1051.553,210.16,22.1
RC_ID_3ZA4RLAFIO,ID_3ZA4RLAFIO,C1,信号中断/覆盖退化,服务小区下倾角过大，远端弱覆盖,复核服务小区下倾角，优化远端覆盖。,-82.426,7.714,548.458,198.056,22.7
RC_ID_R9DMT4E7GE,ID_R9DMT4E7GE,C4,信道干扰,非共站同频邻区导致严重重叠覆盖,处理同频重叠覆盖，优化频点、功率和覆盖边界。,-85.972,21.353,635.785,205.182,17.5
RC_ID_NF31COPFP1,ID_NF31COPFP1,C2,信号中断/覆盖退化,服务小区覆盖距离超过 1 km，越区覆盖,检查越区覆盖，调整功率、方位角或切换边界。,-83.774,24.352,640.861,204.426,21.3
RC_ID_XIKZ5U7CKR,ID_XIKZ5U7CKR,C8,带宽不足,平均调度 RB 低于 160 影响吞吐,检查 RB 调度资源，评估扩容或负载均衡。,-85.923,22.619,607.395,152.824,22.4
RC_ID_8Q9OYR1PNA,ID_8Q9OYR1PNA,C4,信道干扰,非共站同频邻区导致严重重叠覆盖,处理同频重叠覆盖，优化频点、功率和覆盖边界。,-82.46,9.148,641.175,206.565,23.7
RC_ID_GHHHZAWEGJ,ID_GHHHZAWEGJ,C8,带宽不足,平均调度 RB 低于 160 影响吞吐,检查 RB 调度资源，评估扩容或负载均衡。,-82.106,2.243,602.226,163.304,16.9
RC_ID_PEA6C517F2,ID_PEA6C517F2,C1,信号中断/覆盖退化,服务小区下倾角过大，远端弱覆盖,复核服务小区下倾角，优化远端覆盖。,-86.29,13.218,614.54,206.033,24.7
RC_ID_4U624WL6M5,ID_4U624WL6M5,C3,信道干扰,邻区提供更高吞吐,优化邻区关系和切换策略，降低强邻区抢占影响。,-80.751,12.26,855.971,206.711,12
RC_ID_CVLZWRZYV7,ID_CVLZWRZYV7,C7,信号中断/覆盖退化,车速超过 40 km/h 影响吞吐,结合高速移动场景优化移动性和覆盖连续性。,-83.032,10.864,652.082,202.823,41
RC_ID_8C1K5159OG,ID_8C1K5159OG,C1,信号中断/覆盖退化,服务小区下倾角过大，远端弱覆盖,复核服务小区下倾角，优化远端覆盖。,-80.85,7.725,737.785,206.763,13.5
RC_ID_J0MKXQ0ZOY,ID_J0MKXQ0ZOY,C6,信道干扰,邻区和服务小区 PCI mod 30 相同导致干扰,重新规划 PCI，消除 PCI mod 30 冲突。,-82.683,5.486,787.049,206.955,25.1
RC_ID_G6RDCAKROH,ID_G6RDCAKROH,C4,信道干扰,非共站同频邻区导致严重重叠覆盖,处理同频重叠覆盖，优化频点、功率和覆盖边界。,-80.499,21.093,728.698,207.166,22.8
RC_ID_W7P65NZNKD,ID_W7P65NZNKD,C2,信号中断/覆盖退化,服务小区覆盖距离超过 1 km，越区覆盖,检查越区覆盖，调整功率、方位角或切换边界。,-85.889,22.399,634.862,198.663,18.2
RC_ID_BROGQGYVGL,ID_BROGQGYVGL,C7,信号中断/覆盖退化,车速超过 40 km/h 影响吞吐,结合高速移动场景优化移动性和覆盖连续性。,-77.643,6.139,635.694,203.189,32.1
RC_ID_XRLJ4IRRSJ,ID_XRLJ4IRRSJ,C3,信道干扰,邻区提供更高吞吐,优化邻区关系和切换策略，降低强邻区抢占影响。,-85.709,8.858,854.012,208.726,15.4
RC_ID_UFMZGX0B4D,ID_UFMZGX0B4D,C8,带宽不足,平均调度 RB 低于 160 影响吞吐,检查 RB 调度资源，评估扩容或负载均衡。,-79.555,10.163,852.033,166.3075,19.9
RC_ID_E9OFM0LSP4,ID_E9OFM0LSP4,C7,信号中断/覆盖退化,车速超过 40 km/h 影响吞吐,结合高速移动场景优化移动性和覆盖连续性。,-81.577,7.517,716.078,200.076,35.9
RC_ID_5IFSYPZ9D3,ID_5IFSYPZ9D3,C5,基站故障,频繁切换降低性能,调整切换门限、迟滞和定时器，减少频繁切换。,-86.124,22.484,733.184,199.456,19.2
RC_ID_VIYAKJCG7V,ID_VIYAKJCG7V,C1,信号中断/覆盖退化,服务小区下倾角过大，远端弱覆盖,复核服务小区下倾角，优化远端覆盖。,-85.995,2.69,676.732,204.593,25
RC_ID_7NG3DPS8LD,ID_7NG3DPS8LD,C2,信号中断/覆盖退化,服务小区覆盖距离超过 1 km，越区覆盖,检查越区覆盖，调整功率、方位角或切换边界。,-85.541,21.489,1014.869,211.188,17.7
RC_ID_KSUAC7SPBL,ID_KSUAC7SPBL,C8,带宽不足,平均调度 RB 低于 160 影响吞吐,检查 RB 调度资源，评估扩容或负载均衡。,-85.944,6.208,610.361,159.5655,22.8
RC_ID_XLWBDBVIVE,ID_XLWBDBVIVE,C6,信道干扰,邻区和服务小区 PCI mod 30 相同导致干扰,重新规划 PCI，消除 PCI mod 30 冲突。,-84.907,6.638,739.23,207.689,22.9
RC_ID_37IYCR134J,ID_37IYCR134J,C3,信道干扰,邻区提供更高吞吐,优化邻区关系和切换策略，降低强邻区抢占影响。,-83.79,13.218,654.54,206.033,24.7
RC_ID_ONB2LQXN7U,ID_ONB2LQXN7U,C8,带宽不足,平均调度 RB 低于 160 影响吞吐,检查 RB 调度资源，评估扩容或负载均衡。,-82.252,14.702,824.852,167.5525,19.7
RC_ID_QGORUQ197I,ID_QGORUQ197I,C8,带宽不足,平均调度 RB 低于 160 影响吞吐,检查 RB 调度资源，评估扩容或负载均衡。,-83.751,2.275,975.621,163.968,17.8
RC_ID_X5OZ2XKSO0,ID_X5OZ2XKSO0,C7,信号中断/覆盖退化,车速超过 40 km/h 影响吞吐,结合高速移动场景优化移动性和覆盖连续性。,-83.072,13.307,778.024,203.175,33.5
RC_ID_90DGZ1RABD,ID_90DGZ1RABD,C8,带宽不足,平均调度 RB 低于 160 影响吞吐,检查 RB 调度资源，评估扩容或负载均衡。,-79.125,8.149,673.646,153.684,18.8
RC_ID_49USFHNSRS,ID_49USFHNSRS,C1,信号中断/覆盖退化,服务小区下倾角过大，远端弱覆盖,复核服务小区下倾角，优化远端覆盖。,-87.835,8.159,602.102,207.152,16.5
RC_ID_G3RN6AD40U,ID_G3RN6AD40U,C6,信道干扰,邻区和服务小区 PCI mod 30 相同导致干扰,重新规划 PCI，消除 PCI mod 30 冲突。,-84.459,20.207,740.667,202.918,17.5
RC_ID_JG7FD9KQ9B,ID_JG7FD9KQ9B,C7,信号中断/覆盖退化,车速超过 40 km/h 影响吞吐,结合高速移动场景优化移动性和覆盖连续性。,-83.904,19.519,846.38,208.767,37
RC_ID_E2BI635E1C,ID_E2BI635E1C,C5,基站故障,频繁切换降低性能,调整切换门限、迟滞和定时器，减少频繁切换。,-83.428,15.386,767.26,210.024,19.4
RC_ID_3HG3RXD0SO,ID_3HG3RXD0SO,C7,信号中断/覆盖退化,车速超过 40 km/h 影响吞吐,结合高速移动场景优化移动性和覆盖连续性。,-83.471,10.513,652.939,195.005,32.8
RC_ID_BQJFG1OMUA,ID_BQJFG1OMUA,C2,信号中断/覆盖退化,服务小区覆盖距离超过 1 km，越区覆盖,检查越区覆盖，调整功率、方位角或切换边界。,-78.926,7.714,548.458,198.056,22.7
RC_ID_KPGX4QZY6R,ID_KPGX4QZY6R,C6,信道干扰,邻区和服务小区 PCI mod 30 相同导致干扰,重新规划 PCI，消除 PCI mod 30 冲突。,-81.402,7.764,690.079,200.266,17.5
RC_ID_0EPGGIH97I,ID_0EPGGIH97I,C8,带宽不足,平均调度 RB 低于 160 影响吞吐,检查 RB 调度资源，评估扩容或负载均衡。,-79.556,6.048,628.547,165.0235,19.4
RC_ID_J70FCDBTJD,ID_J70FCDBTJD,C5,基站故障,频繁切换降低性能,调整切换门限、迟滞和定时器，减少频繁切换。,-85.897,15.118,718.718,210.43,19.5
RC_ID_5ADGA9BVW9,ID_5ADGA9BVW9,C7,信号中断/覆盖退化,车速超过 40 km/h 影响吞吐,结合高速移动场景优化移动性和覆盖连续性。,-83.939,20.429,755.729,204.22,33.8
RC_ID_WX1919XMZE,ID_WX1919XMZE,C7,信号中断/覆盖退化,车速超过 40 km/h 影响吞吐,结合高速移动场景优化移动性和覆盖连续性。,-85.483,22.556,583.062,194.466,35.7
RC_ID_8HAZ449WJY,ID_8HAZ449WJY,C6,信道干扰,邻区和服务小区 PCI mod 30 相同导致干扰,重新规划 PCI，消除 PCI mod 30 冲突。,-85.834,6.994,573.572,210.996,15.1
RC_ID_GMS5N8SXP6,ID_GMS5N8SXP6,C3,信道干扰,邻区提供更高吞吐,优化邻区关系和切换策略，降低强邻区抢占影响。,-86.069,20.49,626.152,206.223,15.3
RC_ID_0H6PNISE3Q,ID_0H6PNISE3Q,C6,信道干扰,邻区和服务小区 PCI mod 30 相同导致干扰,重新规划 PCI，消除 PCI mod 30 冲突。,-79.556,6.048,628.547,205.43,19.4
RC_ID_HPZOZNNLTG,ID_HPZOZNNLTG,C3,信道干扰,邻区提供更高吞吐,优化邻区关系和切换策略，降低强邻区抢占影响。,-86.614,21.24,711.739,204.145,18.9
RC_ID_FRU1N6BWV5,ID_FRU1N6BWV5,C4,信道干扰,非共站同频邻区导致严重重叠覆盖,处理同频重叠覆盖，优化频点、功率和覆盖边界。,-79.114,16.424,681.703,187.845,20.2
RC_ID_FNLW71K3IV,ID_FNLW71K3IV,C6,信道干扰,邻区和服务小区 PCI mod 30 相同导致干扰,重新规划 PCI，消除 PCI mod 30 冲突。,-86.102,20.043,1046.115,210.023,24.1
RC_ID_WG4TQ0CHHA,ID_WG4TQ0CHHA,C4,信道干扰,非共站同频邻区导致严重重叠覆盖,处理同频重叠覆盖，优化频点、功率和覆盖边界。,-73.01,9.386,989.462,207.829,16.4
RC_ID_MHDRLFT7E7,ID_MHDRLFT7E7,C7,信号中断/覆盖退化,车速超过 40 km/h 影响吞吐,结合高速移动场景优化移动性和覆盖连续性。,-81.336,4.393,749.774,209.254,30.3
RC_ID_OIQNETJ0OG,ID_OIQNETJ0OG,C2,信号中断/覆盖退化,服务小区覆盖距离超过 1 km，越区覆盖,检查越区覆盖，调整功率、方位角或切换边界。,-83.311,5.908,628.991,199.476,21.8
RC_ID_I8OT3DRM4Z,ID_I8OT3DRM4Z,C4,信道干扰,非共站同频邻区导致严重重叠覆盖,处理同频重叠覆盖，优化频点、功率和覆盖边界。,-85.311,10.097,528.365,202.627,17.2
RC_ID_OVOQTCLBIV,ID_OVOQTCLBIV,C3,信道干扰,邻区提供更高吞吐,优化邻区关系和切换策略，降低强邻区抢占影响。,-83.573,9.209,813.177,208.261,21.6
RC_ID_DFYARKWXCG,ID_DFYARKWXCG,C5,基站故障,频繁切换降低性能,调整切换门限、迟滞和定时器，减少频繁切换。,-84.522,7.411,1112.746,208.063,20.3
RC_ID_BU42H8TY3K,ID_BU42H8TY3K,C7,信号中断/覆盖退化,车速超过 40 km/h 影响吞吐,结合高速移动场景优化移动性和覆盖连续性。,-73.564,23.042,1157.858,210.818,31.8
RC_ID_ZUZ2XQ11B3,ID_ZUZ2XQ11B3,C4,信道干扰,非共站同频邻区导致严重重叠覆盖,处理同频重叠覆盖，优化频点、功率和覆盖边界。,-84.909,11.824,665.507,210.472,19.5
RC_ID_VC1MFPLLB8,ID_VC1MFPLLB8,C5,基站故障,频繁切换降低性能,调整切换门限、迟滞和定时器，减少频繁切换。,-87.465,9.302,671.507,191.364,19.4
RC_ID_O2AGCH06Y4,ID_O2AGCH06Y4,C3,信道干扰,邻区提供更高吞吐,优化邻区关系和切换策略，降低强邻区抢占影响。,-86.569,19.556,613.755,205.142,20.9
RC_ID_3S2LKZK2N2,ID_3S2LKZK2N2,C7,信号中断/覆盖退化,车速超过 40 km/h 影响吞吐,结合高速移动场景优化移动性和覆盖连续性。,-84.24,13.214,607.955,209.886,39.4
RC_ID_D9ZTNVUGUZ,ID_D9ZTNVUGUZ,C3,信道干扰,邻区提供更高吞吐,优化邻区关系和切换策略，降低强邻区抢占影响。,-82.135,7.503,648.458,202.915,18
RC_ID_4J14EQG3F8,ID_4J14EQG3F8,C8,带宽不足,平均调度 RB 低于 160 影响吞吐,检查 RB 调度资源，评估扩容或负载均衡。,-84.663,5.5,676.208,162.3975,23.1
RC_ID_8GMZ9J51P2,ID_8GMZ9J51P2,C3,信道干扰,邻区提供更高吞吐,优化邻区关系和切换策略，降低强邻区抢占影响。,-84.205,4.352,832.664,209.327,23.9
RC_ID_HLDZPASCTI,ID_HLDZPASCTI,C8,带宽不足,平均调度 RB 低于 160 影响吞吐,检查 RB 调度资源，评估扩容或负载均衡。,-80.904,7.801,579.148,165.014,22.5
RC_ID_OLVAIRCK04,ID_OLVAIRCK04,C3,信道干扰,邻区提供更高吞吐,优化邻区关系和切换策略，降低强邻区抢占影响。,-84.757,22.611,718.047,205.682,23.6
RC_ID_KFTG4D2EH9,ID_KFTG4D2EH9,C3,信道干扰,邻区提供更高吞吐,优化邻区关系和切换策略，降低强邻区抢占影响。,-79.226,11.551,772.02,202.32,19.5
RC_ID_WFKPIMBZR9,ID_WFKPIMBZR9,C3,信道干扰,邻区提供更高吞吐,优化邻区关系和切换策略，降低强邻区抢占影响。,-81.881,13.581,730.047,203.066,25.4
RC_ID_4G9E1VBZZC,ID_4G9E1VBZZC,C8,带宽不足,平均调度 RB 低于 160 影响吞吐,检查 RB 调度资源，评估扩容或负载均衡。,-85.897,15.118,718.718,168.3625,19.5
RC_ID_J9CD4DLIXE,ID_J9CD4DLIXE,C5,基站故障,频繁切换降低性能,调整切换门限、迟滞和定时器，减少频繁切换。,-79.355,12.058,847.792,207.317,17.4
RC_ID_C32OA0GPT3,ID_C32OA0GPT3,C1,信号中断/覆盖退化,服务小区下倾角过大，远端弱覆盖,复核服务小区下倾角，优化远端覆盖。,-86.96,0.419,746.006,207.131,14
RC_ID_CY1QJI4P03,ID_CY1QJI4P03,C6,信道干扰,邻区和服务小区 PCI mod 30 相同导致干扰,重新规划 PCI，消除 PCI mod 30 冲突。,-81.348,14.715,754.998,203.794,14.7
RC_ID_0DIK9LFEZJ,ID_0DIK9LFEZJ,C7,信号中断/覆盖退化,车速超过 40 km/h 影响吞吐,结合高速移动场景优化移动性和覆盖连续性。,-75.709,6.382,722.88,202.13,32.6
RC_ID_0PEBK2F5BM,ID_0PEBK2F5BM,C5,基站故障,频繁切换降低性能,调整切换门限、迟滞和定时器，减少频繁切换。,-81.614,11.942,1123.845,204.858,25.8
RC_ID_0TWKI43WVS,ID_0TWKI43WVS,C6,信道干扰,邻区和服务小区 PCI mod 30 相同导致干扰,重新规划 PCI，消除 PCI mod 30 冲突。,-83.859,21.027,861.719,202.807,17
RC_ID_43DG4BLAGE,ID_43DG4BLAGE,C4,信道干扰,非共站同频邻区导致严重重叠覆盖,处理同频重叠覆盖，优化频点、功率和覆盖边界。,-83.437,4.12,712.502,205.222,27.2
RC_ID_LODEG0U225,ID_LODEG0U225,C3,信道干扰,邻区提供更高吞吐,优化邻区关系和切换策略，降低强邻区抢占影响。,-75.092,11.474,760.12,202.447,21.5
RC_ID_NBP0OG5LN2,ID_NBP0OG5LN2,C5,基站故障,频繁切换降低性能,调整切换门限、迟滞和定时器，减少频繁切换。,-81.633,7.339,1157.095,206.768,18.9
RC_ID_0QR5G8EJQV,ID_0QR5G8EJQV,C2,信号中断/覆盖退化,服务小区覆盖距离超过 1 km，越区覆盖,检查越区覆盖，调整功率、方位角或切换边界。,-81.614,11.942,1123.845,204.858,25.8
RC_ID_I0WGX0GSRI,ID_I0WGX0GSRI,C7,信号中断/覆盖退化,车速超过 40 km/h 影响吞吐,结合高速移动场景优化移动性和覆盖连续性。,-87.28,24.689,607.998,201.457,32.7
RC_ID_G87LK9B15V,ID_G87LK9B15V,C2,信号中断/覆盖退化,服务小区覆盖距离超过 1 km，越区覆盖,检查越区覆盖，调整功率、方位角或切换边界。,-71.707,13.834,785.797,201.168,17.7
RC_ID_MIFP511FMQ,ID_MIFP511FMQ,C5,基站故障,频繁切换降低性能,调整切换门限、迟滞和定时器，减少频繁切换。,-83.214,3.204,631.877,204.518,22.2
RC_ID_S523FXBSTX,ID_S523FXBSTX,C3,信道干扰,邻区提供更高吞吐,优化邻区关系和切换策略，降低强邻区抢占影响。,-84.242,17.615,1023.36,205.525,17.9
RC_ID_L8YMKP4W9T,ID_L8YMKP4W9T,C3,信道干扰,邻区提供更高吞吐,优化邻区关系和切换策略，降低强邻区抢占影响。,-85.921,15.846,1015.547,211.006,23.5
RC_ID_5S0VFLN5ZD,ID_5S0VFLN5ZD,C7,信号中断/覆盖退化,车速超过 40 km/h 影响吞吐,结合高速移动场景优化移动性和覆盖连续性。,-82.135,7.503,608.458,202.915,34
RC_ID_D19PI38QSJ,ID_D19PI38QSJ,C4,信道干扰,非共站同频邻区导致严重重叠覆盖,处理同频重叠覆盖，优化频点、功率和覆盖边界。,-79.226,11.551,732.02,202.32,19.5
RC_ID_DCMCG8AH2U,ID_DCMCG8AH2U,C7,信号中断/覆盖退化,车速超过 40 km/h 影响吞吐,结合高速移动场景优化移动性和覆盖连续性。,-79.977,5.046,557.125,202.529,35.1
RC_ID_ZNUHYN6AUA,ID_ZNUHYN6AUA,C7,信号中断/覆盖退化,车速超过 40 km/h 影响吞吐,结合高速移动场景优化移动性和覆盖连续性。,-80.714,9.854,633.787,203.575,37.6
RC_ID_KA50SPPZC1,ID_KA50SPPZC1,C1,信号中断/覆盖退化,服务小区下倾角过大，远端弱覆盖,复核服务小区下倾角，优化远端覆盖。,-83.714,9.854,633.787,203.575,21.6
RC_ID_B87U4G1OZU,ID_B87U4G1OZU,C4,信道干扰,非共站同频邻区导致严重重叠覆盖,处理同频重叠覆盖，优化频点、功率和覆盖边界。,-85.383,13.015,843.923,209.476,23.1
RC_ID_4IBJNP1PW3,ID_4IBJNP1PW3,C2,信号中断/覆盖退化,服务小区覆盖距离超过 1 km，越区覆盖,检查越区覆盖，调整功率、方位角或切换边界。,-86.124,22.484,733.184,199.456,19.2
RC_ID_WGO9KW4HLB,ID_WGO9KW4HLB,C1,信号中断/覆盖退化,服务小区下倾角过大，远端弱覆盖,复核服务小区下倾角，优化远端覆盖。,-78.592,11.474,720.12,202.447,21.5
RC_ID_D2M6NP2UFR,ID_D2M6NP2UFR,C5,基站故障,频繁切换降低性能,调整切换门限、迟滞和定时器，减少频繁切换。,-84.828,26.219,807.398,210.648,23.1
RC_ID_RH0KWM8ART,ID_RH0KWM8ART,C6,信道干扰,邻区和服务小区 PCI mod 30 相同导致干扰,重新规划 PCI，消除 PCI mod 30 冲突。,-85.248,-2.708,664.175,205.828,24.8
RC_ID_A1H1ULXAAQ,ID_A1H1ULXAAQ,C8,带宽不足,平均调度 RB 低于 160 影响吞吐,检查 RB 调度资源，评估扩容或负载均衡。,-85.541,21.489,1014.869,168.928,17.7
RC_ID_MQOXVO6GUT,ID_MQOXVO6GUT,C3,信道干扰,邻区提供更高吞吐,优化邻区关系和切换策略，降低强邻区抢占影响。,-82.858,17.125,717.899,196.54,17.1
RC_ID_TBVEY9W0HS,ID_TBVEY9W0HS,C3,信道干扰,邻区提供更高吞吐,优化邻区关系和切换策略，降低强邻区抢占影响。,-86.237,1.741,770.911,207.137,26.3
RC_ID_WVHU54DF9Y,ID_WVHU54DF9Y,C8,带宽不足,平均调度 RB 低于 160 影响吞吐,检查 RB 调度资源，评估扩容或负载均衡。,-83.896,18.042,854.066,163.8605,16.2
RC_ID_GO348T0JIR,ID_GO348T0JIR,C5,基站故障,频繁切换降低性能,调整切换门限、迟滞和定时器，减少频繁切换。,-84.909,11.824,665.507,210.472,19.5
RC_ID_H2SYWVEA6Z,ID_H2SYWVEA6Z,C7,信号中断/覆盖退化,车速超过 40 km/h 影响吞吐,结合高速移动场景优化移动性和覆盖连续性。,-80.377,23.108,957.78,189.211,34.4
RC_ID_G7I1QO2TO5,ID_G7I1QO2TO5,C8,带宽不足,平均调度 RB 低于 160 影响吞吐,检查 RB 调度资源，评估扩容或负载均衡。,-80.007,6.604,764.331,165.9945,21.6
RC_ID_NHBLTX62JF,ID_NHBLTX62JF,C2,信号中断/覆盖退化,服务小区覆盖距离超过 1 km，越区覆盖,检查越区覆盖，调整功率、方位角或切换边界。,-82.455,7.245,625.553,193.219,21.2
RC_ID_RU45XYW3FM,ID_RU45XYW3FM,C8,带宽不足,平均调度 RB 低于 160 影响吞吐,检查 RB 调度资源，评估扩容或负载均衡。,-86.385,22.681,892.412,167.404,18.2
RC_ID_9YXETT61IK,ID_9YXETT61IK,C5,基站故障,频繁切换降低性能,调整切换门限、迟滞和定时器，减少频繁切换。,-83.859,21.027,861.719,202.807,17
RC_ID_Z35E0ET8QW,ID_Z35E0ET8QW,C5,基站故障,频繁切换降低性能,调整切换门限、迟滞和定时器，减少频繁切换。,-85.281,7.62,1010.785,208.125,19.9
RC_ID_IVM4QVQ6XM,ID_IVM4QVQ6XM,C3,信道干扰,邻区提供更高吞吐,优化邻区关系和切换策略，降低强邻区抢占影响。,-81.72,8.478,684.22,210.169,21.9
RC_ID_4END79B2KW,ID_4END79B2KW,C4,信道干扰,非共站同频邻区导致严重重叠覆盖,处理同频重叠覆盖，优化频点、功率和覆盖边界。,-81.372,8.922,657.052,208.385,20.1
RC_ID_3FLY60DLJ1,ID_3FLY60DLJ1,C3,信道干扰,邻区提供更高吞吐,优化邻区关系和切换策略，降低强邻区抢占影响。,-86.666,24.717,724.066,204.859,16.7
RC_ID_4KL6BITOZW,ID_4KL6BITOZW,C2,信号中断/覆盖退化,服务小区覆盖距离超过 1 km，越区覆盖,检查越区覆盖，调整功率、方位角或切换边界。,-84.1,5.853,658.36,207.149,13.6
RC_ID_2WJ7HA3EF1,ID_2WJ7HA3EF1,C1,信号中断/覆盖退化,服务小区下倾角过大，远端弱覆盖,复核服务小区下倾角，优化远端覆盖。,-79.43,2.42,654.077,203.041,25.4
RC_ID_POQXQ693KP,ID_POQXQ693KP,C1,信号中断/覆盖退化,服务小区下倾角过大，远端弱覆盖,复核服务小区下倾角，优化远端覆盖。,-89.318,21.079,583.29,202.937,16.8
RC_ID_76G7VHSY82,ID_76G7VHSY82,C5,基站故障,频繁切换降低性能,调整切换门限、迟滞和定时器，减少频繁切换。,-86.569,19.556,573.755,205.142,20.9
RC_ID_7FKIJKF3JR,ID_7FKIJKF3JR,C6,信道干扰,邻区和服务小区 PCI mod 30 相同导致干扰,重新规划 PCI，消除 PCI mod 30 冲突。,-85.384,10.13,836.558,204.144,24
RC_ID_PM78O5BY7C,ID_PM78O5BY7C,C1,信号中断/覆盖退化,服务小区下倾角过大，远端弱覆盖,复核服务小区下倾角，优化远端覆盖。,-86.388,8.217,666.702,210.186,16.8
RC_ID_IXHVRWUJ8L,ID_IXHVRWUJ8L,C3,信道干扰,邻区提供更高吞吐,优化邻区关系和切换策略，降低强邻区抢占影响。,-80.028,10.629,845.537,206.235,17.1
RC_ID_GG6DWXM4GT,ID_GG6DWXM4GT,C6,信道干扰,邻区和服务小区 PCI mod 30 相同导致干扰,重新规划 PCI，消除 PCI mod 30 冲突。,-73.134,11.721,1059.551,209.389,20.7
RC_ID_AFA57BY6E2,ID_AFA57BY6E2,C6,信道干扰,邻区和服务小区 PCI mod 30 相同导致干扰,重新规划 PCI，消除 PCI mod 30 冲突。,-85.281,7.62,1010.785,208.125,19.9
RC_ID_KYEXR685B7,ID_KYEXR685B7,C7,信号中断/覆盖退化,车速超过 40 km/h 影响吞吐,结合高速移动场景优化移动性和覆盖连续性。,-78.596,10.274,976.798,208.951,43.6
RC_ID_FMDVTGQDBS,ID_FMDVTGQDBS,C6,信道干扰,邻区和服务小区 PCI mod 30 相同导致干扰,重新规划 PCI，消除 PCI mod 30 冲突。,-81.983,21.996,675.245,201.67,25
RC_ID_K84RTHB6M1,ID_K84RTHB6M1,C3,信道干扰,邻区提供更高吞吐,优化邻区关系和切换策略，降低强邻区抢占影响。,-78.654,11.049,742.967,207.088,20.2
RC_ID_92K1O0ES3Q,ID_92K1O0ES3Q,C4,信道干扰,非共站同频邻区导致严重重叠覆盖,处理同频重叠覆盖，优化频点、功率和覆盖边界。,-84.667,11.995,804.488,206.078,17.8
RC_ID_3NL82GM3MQ,ID_3NL82GM3MQ,C2,信号中断/覆盖退化,服务小区覆盖距离超过 1 km，越区覆盖,检查越区覆盖，调整功率、方位角或切换边界。,-83.796,3.05,596.576,200.702,9
RC_ID_CZ4OI6XBP8,ID_CZ4OI6XBP8,C6,信道干扰,邻区和服务小区 PCI mod 30 相同导致干扰,重新规划 PCI，消除 PCI mod 30 冲突。,-83.65,5.985,584.501,207.914,21.5
RC_ID_WM00OJJUE8,ID_WM00OJJUE8,C4,信道干扰,非共站同频邻区导致严重重叠覆盖,处理同频重叠覆盖，优化频点、功率和覆盖边界。,-77.544,3.404,595.219,192.578,18.8
RC_ID_6MQRIA62ED,ID_6MQRIA62ED,C7,信号中断/覆盖退化,车速超过 40 km/h 影响吞吐,结合高速移动场景优化移动性和覆盖连续性。,-87.101,19.99,783.245,210.285,33.9
RC_ID_W4WA6PF4V0,ID_W4WA6PF4V0,C5,基站故障,频繁切换降低性能,调整切换门限、迟滞和定时器，减少频繁切换。,-79.315,9.431,527.424,201.188,15.7
RC_ID_SNNPR3YSKV,ID_SNNPR3YSKV,C7,信号中断/覆盖退化,车速超过 40 km/h 影响吞吐,结合高速移动场景优化移动性和覆盖连续性。,-81.72,8.478,644.22,210.169,37.9
RC_ID_Y2PXZSRK3P,ID_Y2PXZSRK3P,C2,信号中断/覆盖退化,服务小区覆盖距离超过 1 km，越区覆盖,检查越区覆盖，调整功率、方位角或切换边界。,-85.923,22.619,607.395,191.326,22.4
RC_ID_98C1GYSCPQ,ID_98C1GYSCPQ,C7,信号中断/覆盖退化,车速超过 40 km/h 影响吞吐,结合高速移动场景优化移动性和覆盖连续性。,-85.889,22.399,634.862,198.663,34.2
RC_ID_1PAIXWGSBR,ID_1PAIXWGSBR,C4,信道干扰,非共站同频邻区导致严重重叠覆盖,处理同频重叠覆盖，优化频点、功率和覆盖边界。,-80.307,4.617,695.162,204.344,20
RC_ID_V4T0PZD5CQ,ID_V4T0PZD5CQ,C5,基站故障,频繁切换降低性能,调整切换门限、迟滞和定时器，减少频繁切换。,-87.088,2.31,708.896,207.843,23.6
RC_ID_UHAZVXC9BK,ID_UHAZVXC9BK,C3,信道干扰,邻区提供更高吞吐,优化邻区关系和切换策略，降低强邻区抢占影响。,-70.403,18.25,807.827,202.343,23.7
RC_ID_IQL95B33TY,ID_IQL95B33TY,C4,信道干扰,非共站同频邻区导致严重重叠覆盖,处理同频重叠覆盖，优化频点、功率和覆盖边界。,-70.156,11.929,687.721,205.023,15.6
RC_ID_9KJVIBQS16,ID_9KJVIBQS16,C1,信号中断/覆盖退化,服务小区下倾角过大，远端弱覆盖,复核服务小区下倾角，优化远端覆盖。,-86.627,17.571,1026.954,211.318,20.2
RC_ID_WQF9DUHG0P,ID_WQF9DUHG0P,C4,信道干扰,非共站同频邻区导致严重重叠覆盖,处理同频重叠覆盖，优化频点、功率和覆盖边界。,-83.856,6.631,562.645,204.191,16.3
RC_ID_HYBS2OA3HR,ID_HYBS2OA3HR,C2,信号中断/覆盖退化,服务小区覆盖距离超过 1 km，越区覆盖,检查越区覆盖，调整功率、方位角或切换边界。,-83.736,19.695,956.203,204.15,16.9
RC_ID_UY1GHFZ2A0,ID_UY1GHFZ2A0,C2,信号中断/覆盖退化,服务小区覆盖距离超过 1 km，越区覆盖,检查越区覆盖，调整功率、方位角或切换边界。,-82.88,8.054,1059.595,208.278,23.3
RC_ID_TB9OI9LIVX,ID_TB9OI9LIVX,C6,信道干扰,邻区和服务小区 PCI mod 30 相同导致干扰,重新规划 PCI，消除 PCI mod 30 冲突。,-77.731,13.586,776.388,203.638,23.4
RC_ID_HLYFG0PTAH,ID_HLYFG0PTAH,C2,信号中断/覆盖退化,服务小区覆盖距离超过 1 km，越区覆盖,检查越区覆盖，调整功率、方位角或切换边界。,-84.47,3.209,1134.975,203.801,16.6
RC_ID_151GXFYZ9R,ID_151GXFYZ9R,C4,信道干扰,非共站同频邻区导致严重重叠覆盖,处理同频重叠覆盖，优化频点、功率和覆盖边界。,-79.907,5.707,746.389,207.093,23.1
RC_ID_1JTYYHNFX2,ID_1JTYYHNFX2,C7,信号中断/覆盖退化,车速超过 40 km/h 影响吞吐,结合高速移动场景优化移动性和覆盖连续性。,-80.762,8.207,834.292,206.91,37.2
RC_ID_OHBF60UH7P,ID_OHBF60UH7P,C4,信道干扰,非共站同频邻区导致严重重叠覆盖,处理同频重叠覆盖，优化频点、功率和覆盖边界。,-87.088,2.31,708.896,207.843,23.6
RC_ID_D3VQQTQC7E,ID_D3VQQTQC7E,C8,带宽不足,平均调度 RB 低于 160 影响吞吐,检查 RB 调度资源，评估扩容或负载均衡。,-82.708,9.801,961.856,167.9045,14.5
RC_ID_HGAKRPEM7M,ID_HGAKRPEM7M,C1,信号中断/覆盖退化,服务小区下倾角过大，远端弱覆盖,复核服务小区下倾角，优化远端覆盖。,-84.724,8.065,545.317,204.409,18.3
RC_ID_LV4M808KRN,ID_LV4M808KRN,C1,信号中断/覆盖退化,服务小区下倾角过大，远端弱覆盖,复核服务小区下倾角，优化远端覆盖。,-85.254,3.819,622.025,206.014,18.2
RC_ID_3R2G5AO3XW,ID_3R2G5AO3XW,C6,信道干扰,邻区和服务小区 PCI mod 30 相同导致干扰,重新规划 PCI，消除 PCI mod 30 冲突。,-75.696,6.118,698.528,205.135,21.6
RC_ID_1QXSH60TGK,ID_1QXSH60TGK,C1,信号中断/覆盖退化,服务小区下倾角过大，远端弱覆盖,复核服务小区下倾角，优化远端覆盖。,-88.439,20.147,590.381,206.685,23.6
RC_ID_FFM57YB5G3,ID_FFM57YB5G3,C5,基站故障,频繁切换降低性能,调整切换门限、迟滞和定时器，减少频繁切换。,-85.873,21.799,629.779,200.125,15.9
RC_ID_H3VQE0ID81,ID_H3VQE0ID81,C2,信号中断/覆盖退化,服务小区覆盖距离超过 1 km，越区覆盖,检查越区覆盖，调整功率、方位角或切换边界。,-79.556,6.048,628.547,205.43,19.4
RC_ID_KYLHN3YCRF,ID_KYLHN3YCRF,C4,信道干扰,非共站同频邻区导致严重重叠覆盖,处理同频重叠覆盖，优化频点、功率和覆盖边界。,-80.162,11.968,682.371,199.943,23.2
RC_ID_X0WPEPLN5F,ID_X0WPEPLN5F,C4,信道干扰,非共站同频邻区导致严重重叠覆盖,处理同频重叠覆盖，优化频点、功率和覆盖边界。,-81.542,11.217,850.051,208.43,18.5
RC_ID_S9UE92GSKI,ID_S9UE92GSKI,C2,信号中断/覆盖退化,服务小区覆盖距离超过 1 km，越区覆盖,检查越区覆盖，调整功率、方位角或切换边界。,-79.409,15.828,755.768,202.074,21.8
RC_ID_O9W5VLLJ7R,ID_O9W5VLLJ7R,C6,信道干扰,邻区和服务小区 PCI mod 30 相同导致干扰,重新规划 PCI，消除 PCI mod 30 冲突。,-78.926,7.714,548.458,198.056,22.7
RC_ID_566IFWXLKW,ID_566IFWXLKW,C4,信道干扰,非共站同频邻区导致严重重叠覆盖,处理同频重叠覆盖，优化频点、功率和覆盖边界。,-71.717,4.622,737.008,199.131,19.8
RC_ID_KY6HL49NA5,ID_KY6HL49NA5,C3,信道干扰,邻区提供更高吞吐,优化邻区关系和切换策略，降低强邻区抢占影响。,-87.201,26.091,1074.038,207.945,17.3
RC_ID_M7DGX2H3Z2,ID_M7DGX2H3Z2,C8,带宽不足,平均调度 RB 低于 160 影响吞吐,检查 RB 调度资源，评估扩容或负载均衡。,-75.709,6.382,722.88,161.6145,16.6
RC_ID_ILZRGBN8BI,ID_ILZRGBN8BI,C8,带宽不足,平均调度 RB 低于 160 影响吞吐,检查 RB 调度资源，评估扩容或负载均衡。,-85.419,5.763,650.821,166.974,19.3
RC_ID_6EB8PCPGYR,ID_6EB8PCPGYR,C1,信号中断/覆盖退化,服务小区下倾角过大，远端弱覆盖,复核服务小区下倾角，优化远端覆盖。,-86.286,19.595,1059.661,209.542,11.3
RC_ID_H7E8I9H4CA,ID_H7E8I9H4CA,C4,信道干扰,非共站同频邻区导致严重重叠覆盖,处理同频重叠覆盖，优化频点、功率和覆盖边界。,-85.889,22.399,634.862,198.663,18.2
RC_ID_P4SS96XT6J,ID_P4SS96XT6J,C1,信号中断/覆盖退化,服务小区下倾角过大，远端弱覆盖,复核服务小区下倾角，优化远端覆盖。,-86.742,17.615,983.36,205.525,17.9
RC_ID_5DOZCO0LDC,ID_5DOZCO0LDC,C7,信号中断/覆盖退化,车速超过 40 km/h 影响吞吐,结合高速移动场景优化移动性和覆盖连续性。,-84.47,3.209,1134.975,203.801,32.6
RC_ID_UGRS5OQEVX,ID_UGRS5OQEVX,C6,信道干扰,邻区和服务小区 PCI mod 30 相同导致干扰,重新规划 PCI，消除 PCI mod 30 冲突。,-80.377,23.108,957.78,189.211,18.4
RC_ID_2JD5X8ONVE,ID_2JD5X8ONVE,C8,带宽不足,平均调度 RB 低于 160 影响吞吐,检查 RB 调度资源，评估扩容或负载均衡。,-83.939,20.429,755.729,163.211,17.8
RC_ID_U2PSEC76T1,ID_U2PSEC76T1,C7,信号中断/覆盖退化,车速超过 40 km/h 影响吞吐,结合高速移动场景优化移动性和覆盖连续性。,-79.219,10.873,716.574,203.469,33.6
RC_ID_NZU1UXXM4D,ID_NZU1UXXM4D,C3,信道干扰,邻区提供更高吞吐,优化邻区关系和切换策略，降低强邻区抢占影响。,-77.643,6.139,675.694,203.189,16.1
RC_ID_TMXB9Y75FY,ID_TMXB9Y75FY,C3,信道干扰,邻区提供更高吞吐,优化邻区关系和切换策略，降低强邻区抢占影响。,-86.072,14.998,789.721,200.473,22
RC_ID_X0686ZL60H,ID_X0686ZL60H,C4,信道干扰,非共站同频邻区导致严重重叠覆盖,处理同频重叠覆盖，优化频点、功率和覆盖边界。,-86.943,24.963,553.339,202.133,20.9
RC_ID_NBHZ6IMNG5,ID_NBHZ6IMNG5,C2,信号中断/覆盖退化,服务小区覆盖距离超过 1 km，越区覆盖,检查越区覆盖，调整功率、方位角或切换边界。,-86.939,20.147,590.381,206.685,23.6
RC_ID_6ZMTAK1DRJ,ID_6ZMTAK1DRJ,C7,信号中断/覆盖退化,车速超过 40 km/h 影响吞吐,结合高速移动场景优化移动性和覆盖连续性。,-82.106,2.243,602.226,204.239,32.9
RC_ID_4YMAVDYRZD,ID_4YMAVDYRZD,C5,基站故障,频繁切换降低性能,调整切换门限、迟滞和定时器，减少频繁切换。,-82.153,10.673,617.002,208.085,21.7
RC_ID_EX2W549ZOW,ID_EX2W549ZOW,C7,信号中断/覆盖退化,车速超过 40 km/h 影响吞吐,结合高速移动场景优化移动性和覆盖连续性。,-81.382,9.494,678.906,206.031,36.8
RC_ID_TLFMMJ3RIQ,ID_TLFMMJ3RIQ,C1,信号中断/覆盖退化,服务小区下倾角过大，远端弱覆盖,复核服务小区下倾角，优化远端覆盖。,-87.998,10.698,921.43,207.86,15.8
RC_ID_W61VLZAC6R,ID_W61VLZAC6R,C4,信道干扰,非共站同频邻区导致严重重叠覆盖,处理同频重叠覆盖，优化频点、功率和覆盖边界。,-78.045,10.696,704.641,207.702,19.5
RC_ID_O5D6976SJ6,ID_O5D6976SJ6,C2,信号中断/覆盖退化,服务小区覆盖距离超过 1 km，越区覆盖,检查越区覆盖，调整功率、方位角或切换边界。,-78.868,14.143,826.737,205.485,20.7
RC_ID_7Y1IVR1FFQ,ID_7Y1IVR1FFQ,C8,带宽不足,平均调度 RB 低于 160 影响吞吐,检查 RB 调度资源，评估扩容或负载均衡。,-83.032,10.864,652.082,162.945,25
RC_ID_8VYI6DAEHA,ID_8VYI6DAEHA,C7,信号中断/覆盖退化,车速超过 40 km/h 影响吞吐,结合高速移动场景优化移动性和覆盖连续性。,-80.557,8.795,663.923,204.039,34.6
RC_ID_Y6N3ZXWITW,ID_Y6N3ZXWITW,C7,信号中断/覆盖退化,车速超过 40 km/h 影响吞吐,结合高速移动场景优化移动性和覆盖连续性。,-81.19,17.033,816.786,207.167,27.4
RC_ID_KWN4410OAN,ID_KWN4410OAN,C7,信号中断/覆盖退化,车速超过 40 km/h 影响吞吐,结合高速移动场景优化移动性和覆盖连续性。,-78.075,6.593,694.227,206.232,30.3
RC_ID_01I59PC4XB,ID_01I59PC4XB,C8,带宽不足,平均调度 RB 低于 160 影响吞吐,检查 RB 调度资源，评估扩容或负载均衡。,-84.036,24.137,615.913,166.29,19.9
RC_ID_6FNCZ3JFJU,ID_6FNCZ3JFJU,C5,基站故障,频繁切换降低性能,调整切换门限、迟滞和定时器，减少频繁切换。,-85.401,9.153,1020.406,208.875,20.1
RC_ID_239MP4VK6W,ID_239MP4VK6W,C3,信道干扰,邻区提供更高吞吐,优化邻区关系和切换策略，降低强邻区抢占影响。,-84.667,11.995,844.488,206.078,17.8
RC_ID_66S0U0ECB9,ID_66S0U0ECB9,C2,信号中断/覆盖退化,服务小区覆盖距离超过 1 km，越区覆盖,检查越区覆盖，调整功率、方位角或切换边界。,-86.986,22.117,664.141,201.052,14.4
RC_ID_869HX64MJF,ID_869HX64MJF,C5,基站故障,频繁切换降低性能,调整切换门限、迟滞和定时器，减少频繁切换。,-83.65,5.985,584.501,207.914,21.5
RC_ID_8HK0RXIXWN,ID_8HK0RXIXWN,C6,信道干扰,邻区和服务小区 PCI mod 30 相同导致干扰,重新规划 PCI，消除 PCI mod 30 冲突。,-79.698,13.366,776.623,209.474,16
RC_ID_P8IS6Z8IVY,ID_P8IS6Z8IVY,C6,信道干扰,邻区和服务小区 PCI mod 30 相同导致干扰,重新规划 PCI，消除 PCI mod 30 冲突。,-87.101,19.99,783.245,210.285,17.9
RC_ID_06BYFFHF5G,ID_06BYFFHF5G,C7,信号中断/覆盖退化,车速超过 40 km/h 影响吞吐,结合高速移动场景优化移动性和覆盖连续性。,-83.746,11.675,678.067,199.041,37.9
RC_ID_JNJB7434HL,ID_JNJB7434HL,C2,信号中断/覆盖退化,服务小区覆盖距离超过 1 km，越区覆盖,检查越区覆盖，调整功率、方位角或切换边界。,-82.25,12.509,858.033,208.364,23.4
RC_ID_DBHM1K1STL,ID_DBHM1K1STL,C2,信号中断/覆盖退化,服务小区覆盖距离超过 1 km，越区覆盖,检查越区覆盖，调整功率、方位角或切换边界。,-83.069,2.448,514.677,206.698,23.5
RC_ID_73JGNAMZWJ,ID_73JGNAMZWJ,C3,信道干扰,邻区提供更高吞吐,优化邻区关系和切换策略，降低强邻区抢占影响。,-80.145,8.104,645.136,203.958,13.1
RC_ID_57M9M023DT,ID_57M9M023DT,C2,信号中断/覆盖退化,服务小区覆盖距离超过 1 km，越区覆盖,检查越区覆盖，调整功率、方位角或切换边界。,-79.508,12.101,738.481,206.616,16
RC_ID_GX9BWC2K4M,ID_GX9BWC2K4M,C8,带宽不足,平均调度 RB 低于 160 影响吞吐,检查 RB 调度资源，评估扩容或负载均衡。,-76.221,5.799,584.602,161.8575,20.9
RC_ID_1TNAXKL499,ID_1TNAXKL499,C6,信道干扰,邻区和服务小区 PCI mod 30 相同导致干扰,重新规划 PCI，消除 PCI mod 30 冲突。,-69.388,4.254,677.069,203.497,19.2
RC_ID_W8V32FJSM3,ID_W8V32FJSM3,C7,信号中断/覆盖退化,车速超过 40 km/h 影响吞吐,结合高速移动场景优化移动性和覆盖连续性。,-81.685,7.162,639.757,205.725,31.6
RC_ID_ZD66832DXM,ID_ZD66832DXM,C2,信号中断/覆盖退化,服务小区覆盖距离超过 1 km，越区覆盖,检查越区覆盖，调整功率、方位角或切换边界。,-86.877,2.536,583.088,202.453,19.1
RC_ID_OLB3U70N99,ID_OLB3U70N99,C5,基站故障,频繁切换降低性能,调整切换门限、迟滞和定时器，减少频繁切换。,-80.307,4.617,695.162,204.344,20
RC_ID_CH8MRNCN6G,ID_CH8MRNCN6G,C1,信号中断/覆盖退化,服务小区下倾角过大，远端弱覆盖,复核服务小区下倾角，优化远端覆盖。,-82.21,17.926,940.028,203.97,20
RC_ID_MWJIOSDYOF,ID_MWJIOSDYOF,C2,信号中断/覆盖退化,服务小区覆盖距离超过 1 km，越区覆盖,检查越区覆盖，调整功率、方位角或切换边界。,-81.04,8.307,670.061,209.511,19.1
RC_ID_UD4KNGIKMN,ID_UD4KNGIKMN,C2,信号中断/覆盖退化,服务小区覆盖距离超过 1 km，越区覆盖,检查越区覆盖，调整功率、方位角或切换边界。,-83.342,9.242,660.272,207.177,19.3
RC_ID_QYMLDHIWXH,ID_QYMLDHIWXH,C7,信号中断/覆盖退化,车速超过 40 km/h 影响吞吐,结合高速移动场景优化移动性和覆盖连续性。,-83.736,19.695,956.203,204.15,32.9
RC_ID_M62AHXW6M6,ID_M62AHXW6M6,C8,带宽不足,平均调度 RB 低于 160 影响吞吐,检查 RB 调度资源，评估扩容或负载均衡。,-81.62,9.258,707.77,157.543,19
RC_ID_YGXSCIUX94,ID_YGXSCIUX94,C6,信道干扰,邻区和服务小区 PCI mod 30 相同导致干扰,重新规划 PCI，消除 PCI mod 30 冲突。,-83.879,14.417,740.764,200.787,19.8
RC_ID_ZKBNK17XMI,ID_ZKBNK17XMI,C1,信号中断/覆盖退化,服务小区下倾角过大，远端弱覆盖,复核服务小区下倾角，优化远端覆盖。,-88.4,13.149,853.161,209.863,18.9
RC_ID_6EQI2T8DLO,ID_6EQI2T8DLO,C8,带宽不足,平均调度 RB 低于 160 影响吞吐,检查 RB 调度资源，评估扩容或负载均衡。,-80.798,13.488,685.832,163.4495,18.3
RC_ID_AO0L4T1G4X,ID_AO0L4T1G4X,C5,基站故障,频繁切换降低性能,调整切换门限、迟滞和定时器，减少频繁切换。,-79.303,23.928,828.976,203.783,22
RC_ID_5EATGK2C15,ID_5EATGK2C15,C5,基站故障,频繁切换降低性能,调整切换门限、迟滞和定时器，减少频繁切换。,-79.114,16.424,681.703,187.845,20.2
RC_ID_7IO3EOMORC,ID_7IO3EOMORC,C7,信号中断/覆盖退化,车速超过 40 km/h 影响吞吐,结合高速移动场景优化移动性和覆盖连续性。,-85.82,22.441,703.671,198.871,37.6
RC_ID_GGLJ12GOIL,ID_GGLJ12GOIL,C5,基站故障,频繁切换降低性能,调整切换门限、迟滞和定时器，减少频繁切换。,-79.779,4.4,517.701,206.171,10
RC_ID_CQP33VKXGT,ID_CQP33VKXGT,C3,信道干扰,邻区提供更高吞吐,优化邻区关系和切换策略，降低强邻区抢占影响。,-87.101,19.99,823.245,210.285,17.9
RC_ID_YQWS7G7205,ID_YQWS7G7205,C5,基站故障,频繁切换降低性能,调整切换门限、迟滞和定时器，减少频繁切换。,-81.382,9.494,678.906,206.031,20.8
RC_ID_I3YK1E8NIE,ID_I3YK1E8NIE,C4,信道干扰,非共站同频邻区导致严重重叠覆盖,处理同频重叠覆盖，优化频点、功率和覆盖边界。,-81.668,12.806,1040.123,208.432,20.4
RC_ID_YMY1Q1358Z,ID_YMY1Q1358Z,C5,基站故障,频繁切换降低性能,调整切换门限、迟滞和定时器，减少频繁切换。,-82.564,8.078,504.807,198.195,7.2
RC_ID_MJJYHRSGX7,ID_MJJYHRSGX7,C4,信道干扰,非共站同频邻区导致严重重叠覆盖,处理同频重叠覆盖，优化频点、功率和覆盖边界。,-83.588,18.514,1039.8,209.145,24.4
RC_ID_PLWZKW59TU,ID_PLWZKW59TU,C8,带宽不足,平均调度 RB 低于 160 影响吞吐,检查 RB 调度资源，评估扩容或负载均衡。,-80.886,8.559,722.925,164.19,12.3
RC_ID_KERJRIBVPM,ID_KERJRIBVPM,C4,信道干扰,非共站同频邻区导致严重重叠覆盖,处理同频重叠覆盖，优化频点、功率和覆盖边界。,-80.714,9.854,633.787,203.575,21.6
RC_ID_RDI2Z5C4Z9,ID_RDI2Z5C4Z9,C5,基站故障,频繁切换降低性能,调整切换门限、迟滞和定时器，减少频繁切换。,-75.936,8.292,650.952,202.274,19.6
RC_ID_PCJ9A07RMJ,ID_PCJ9A07RMJ,C4,信道干扰,非共站同频邻区导致严重重叠覆盖,处理同频重叠覆盖，优化频点、功率和覆盖边界。,-81.644,10.623,616.166,206.803,18.8
RC_ID_ZCFLKSQBA7,ID_ZCFLKSQBA7,C4,信道干扰,非共站同频邻区导致严重重叠覆盖,处理同频重叠覆盖，优化频点、功率和覆盖边界。,-87.328,20.356,600.418,195.456,22.7
RC_ID_OUGEACXDZF,ID_OUGEACXDZF,C8,带宽不足,平均调度 RB 低于 160 影响吞吐,检查 RB 调度资源，评估扩容或负载均衡。,-82.192,5.776,798.331,168.656,19.9
RC_ID_96SU0J7GRL,ID_96SU0J7GRL,C6,信道干扰,邻区和服务小区 PCI mod 30 相同导致干扰,重新规划 PCI，消除 PCI mod 30 冲突。,-79.779,4.4,517.701,206.171,10
RC_ID_QYWLI52V3K,ID_QYWLI52V3K,C5,基站故障,频繁切换降低性能,调整切换门限、迟滞和定时器，减少频繁切换。,-83.879,14.417,740.764,200.787,19.8
RC_ID_9OOMXICCJ8,ID_9OOMXICCJ8,C7,信号中断/覆盖退化,车速超过 40 km/h 影响吞吐,结合高速移动场景优化移动性和覆盖连续性。,-80.145,8.104,605.136,203.958,29.1
RC_ID_AF0Q2HL2ID,ID_AF0Q2HL2ID,C2,信号中断/覆盖退化,服务小区覆盖距离超过 1 km，越区覆盖,检查越区覆盖，调整功率、方位角或切换边界。,-84.33,3.026,536.477,206.408,23.4
RC_ID_D2PD4AGHWU,ID_D2PD4AGHWU,C4,信道干扰,非共站同频邻区导致严重重叠覆盖,处理同频重叠覆盖，优化频点、功率和覆盖边界。,-86.102,20.043,1046.115,210.023,24.1
RC_ID_YSKVOUZYIN,ID_YSKVOUZYIN,C3,信道干扰,邻区提供更高吞吐,优化邻区关系和切换策略，降低强邻区抢占影响。,-79.219,10.873,756.574,203.469,17.6
RC_ID_N1D5HJI3UP,ID_N1D5HJI3UP,C3,信道干扰,邻区提供更高吞吐,优化邻区关系和切换策略，降低强邻区抢占影响。,-86.102,20.043,1086.115,210.023,24.1
RC_ID_JVSNNCFYFX,ID_JVSNNCFYFX,C8,带宽不足,平均调度 RB 低于 160 影响吞吐,检查 RB 调度资源，评估扩容或负载均衡。,-86.484,20.926,601.206,157.556,15.1
RC_ID_W3LSGWFD56,ID_W3LSGWFD56,C5,基站故障,频繁切换降低性能,调整切换门限、迟滞和定时器，减少频繁切换。,-71.707,13.834,785.797,201.168,17.7
RC_ID_CJ1V37URVV,ID_CJ1V37URVV,C7,信号中断/覆盖退化,车速超过 40 km/h 影响吞吐,结合高速移动场景优化移动性和覆盖连续性。,-82.88,8.054,1059.595,208.278,39.3
RC_ID_23W7ERUDAC,ID_23W7ERUDAC,C7,信号中断/覆盖退化,车速超过 40 km/h 影响吞吐,结合高速移动场景优化移动性和覆盖连续性。,-81.644,10.623,616.166,206.803,34.8
RC_ID_P7A5SHSU7V,ID_P7A5SHSU7V,C1,信号中断/覆盖退化,服务小区下倾角过大，远端弱覆盖,复核服务小区下倾角，优化远端覆盖。,-85.859,21.027,861.719,202.807,17
RC_ID_2QOPWG8EYA,ID_2QOPWG8EYA,C3,信道干扰,邻区提供更高吞吐,优化邻区关系和切换策略，降低强邻区抢占影响。,-87.114,15.285,859.266,211.053,20.3
RC_ID_T6SFPP46FV,ID_T6SFPP46FV,C7,信号中断/覆盖退化,车速超过 40 km/h 影响吞吐,结合高速移动场景优化移动性和覆盖连续性。,-78.868,14.143,826.737,205.485,36.7
RC_ID_PNEA4I6CGK,ID_PNEA4I6CGK,C7,信号中断/覆盖退化,车速超过 40 km/h 影响吞吐,结合高速移动场景优化移动性和覆盖连续性。,-84.417,11.552,686.763,205.508,32.8
RC_ID_6KS2YX2YVP,ID_6KS2YX2YVP,C5,基站故障,频繁切换降低性能,调整切换门限、迟滞和定时器，减少频繁切换。,-81.62,9.258,707.77,196.21,19
RC_ID_4WZI2JQONI,ID_4WZI2JQONI,C5,基站故障,频繁切换降低性能,调整切换门限、迟滞和定时器，减少频繁切换。,-84.3,9.197,617.177,199.703,16.5
RC_ID_9BSDDISRP1,ID_9BSDDISRP1,C1,信号中断/覆盖退化,服务小区下倾角过大，远端弱覆盖,复核服务小区下倾角，优化远端覆盖。,-84.404,7.801,579.148,205.833,22.5
RC_ID_VH6F8QQ1W5,ID_VH6F8QQ1W5,C3,信道干扰,邻区提供更高吞吐,优化邻区关系和切换策略，降低强邻区抢占影响。,-83.902,18.669,831.192,205.77,20.9
RC_ID_XOEO34IAGA,ID_XOEO34IAGA,C2,信号中断/覆盖退化,服务小区覆盖距离超过 1 km，越区覆盖,检查越区覆盖，调整功率、方位角或切换边界。,-82.995,2.69,676.732,204.593,25
RC_ID_VCVBCB8NAR,ID_VCVBCB8NAR,C2,信号中断/覆盖退化,服务小区覆盖距离超过 1 km，越区覆盖,检查越区覆盖，调整功率、方位角或切换边界。,-77.771,18.54,791.153,205.882,24.4
RC_ID_OYIJM35I3N,ID_OYIJM35I3N,C5,基站故障,频繁切换降低性能,调整切换门限、迟滞和定时器，减少频繁切换。,-79.219,10.873,716.574,203.469,17.6
RC_ID_P72PTVRIC0,ID_P72PTVRIC0,C8,带宽不足,平均调度 RB 低于 160 影响吞吐,检查 RB 调度资源，评估扩容或负载均衡。,-81.668,12.806,1040.123,167.069,20.4
RC_ID_7CP6NDQ3M5,ID_7CP6NDQ3M5,C1,信号中断/覆盖退化,服务小区下倾角过大，远端弱覆盖,复核服务小区下倾角，优化远端覆盖。,-87.601,8.606,643.581,206.767,20.9
RC_ID_O7EYXNH00H,ID_O7EYXNH00H,C4,信道干扰,非共站同频邻区导致严重重叠覆盖,处理同频重叠覆盖，优化频点、功率和覆盖边界。,-78.722,8.101,696.294,205.39,18.3
RC_ID_7TKED5RGL7,ID_7TKED5RGL7,C6,信道干扰,邻区和服务小区 PCI mod 30 相同导致干扰,重新规划 PCI，消除 PCI mod 30 冲突。,-85.312,10.646,982.646,199.784,14.8
RC_ID_QS3BUOFOLK,ID_QS3BUOFOLK,C7,信号中断/覆盖退化,车速超过 40 km/h 影响吞吐,结合高速移动场景优化移动性和覆盖连续性。,-81.894,21.261,973.782,207.787,33.6
RC_ID_99IV7GL9JN,ID_99IV7GL9JN,C2,信号中断/覆盖退化,服务小区覆盖距离超过 1 km，越区覆盖,检查越区覆盖，调整功率、方位角或切换边界。,-83.848,13.263,822.625,210.216,20
RC_ID_LYTSHDFAZK,ID_LYTSHDFAZK,C3,信道干扰,邻区提供更高吞吐,优化邻区关系和切换策略，降低强邻区抢占影响。,-83.037,3.811,655.835,202.287,19.9
RC_ID_C7F32ZAG2L,ID_C7F32ZAG2L,C3,信道干扰,邻区提供更高吞吐,优化邻区关系和切换策略，降低强邻区抢占影响。,-79.36,9.715,900.39,206.693,18.1
RC_ID_5ZZ4LZT4NW,ID_5ZZ4LZT4NW,C5,基站故障,频繁切换降低性能,调整切换门限、迟滞和定时器，减少频繁切换。,-78.118,7.446,687.178,201.216,15.7
RC_ID_LHIT5QHAEJ,ID_LHIT5QHAEJ,C2,信号中断/覆盖退化,服务小区覆盖距离超过 1 km，越区覆盖,检查越区覆盖，调整功率、方位角或切换边界。,-75.374,11.651,631.605,202.64,20.3
RC_ID_8Z7SLIMHKF,ID_8Z7SLIMHKF,C4,信道干扰,非共站同频邻区导致严重重叠覆盖,处理同频重叠覆盖，优化频点、功率和覆盖边界。,-81.382,9.494,678.906,206.031,20.8
RC_ID_XUXFDEXHNW,ID_XUXFDEXHNW,C8,带宽不足,平均调度 RB 低于 160 影响吞吐,检查 RB 调度资源，评估扩容或负载均衡。,-82.88,8.054,1059.595,167.1165,23.3
RC_ID_U236STZJB7,ID_U236STZJB7,C4,信道干扰,非共站同频邻区导致严重重叠覆盖,处理同频重叠覆盖，优化频点、功率和覆盖边界。,-87.302,14.041,1081.132,211.023,20.1
RC_ID_4ZH7TLJB26,ID_4ZH7TLJB26,C1,信号中断/覆盖退化,服务小区下倾角过大，远端弱覆盖,复核服务小区下倾角，优化远端覆盖。,-84.516,9.176,712.709,206.745,25.1
RC_ID_7UGG6CNUTR,ID_7UGG6CNUTR,C4,信道干扰,非共站同频邻区导致严重重叠覆盖,处理同频重叠覆盖，优化频点、功率和覆盖边界。,-79.541,10.227,730.398,204.93,21.9
RC_ID_IP80BLTHTR,ID_IP80BLTHTR,C6,信道干扰,邻区和服务小区 PCI mod 30 相同导致干扰,重新规划 PCI，消除 PCI mod 30 冲突。,-84.784,18.006,939.314,211.216,18.1
RC_ID_VHTW9FY0JC,ID_VHTW9FY0JC,C6,信道干扰,邻区和服务小区 PCI mod 30 相同导致干扰,重新规划 PCI，消除 PCI mod 30 冲突。,-77.771,18.54,791.153,205.882,24.4
RC_ID_6S7BNN3LRX,ID_6S7BNN3LRX,C7,信号中断/覆盖退化,车速超过 40 km/h 影响吞吐,结合高速移动场景优化移动性和覆盖连续性。,-85.944,6.208,610.361,200.011,38.8
RC_ID_V9HXJEVZ21,ID_V9HXJEVZ21,C8,带宽不足,平均调度 RB 低于 160 影响吞吐,检查 RB 调度资源，评估扩容或负载均衡。,-87.302,24.238,652.083,163.728,19.7
RC_ID_LUSP0VLO8W,ID_LUSP0VLO8W,C7,信号中断/覆盖退化,车速超过 40 km/h 影响吞吐,结合高速移动场景优化移动性和覆盖连续性。,-82.46,9.148,641.175,206.565,39.7
RC_ID_C3QTIA7MHN,ID_C3QTIA7MHN,C3,信道干扰,邻区提供更高吞吐,优化邻区关系和切换策略，降低强邻区抢占影响。,-84.036,24.137,655.913,206.972,19.9
RC_ID_6BTZ99PLIA,ID_6BTZ99PLIA,C1,信号中断/覆盖退化,服务小区下倾角过大，远端弱覆盖,复核服务小区下倾角，优化远端覆盖。,-82.829,15.28,567.624,207.773,21.4
RC_ID_CNXLVLTFEE,ID_CNXLVLTFEE,C4,信道干扰,非共站同频邻区导致严重重叠覆盖,处理同频重叠覆盖，优化频点、功率和覆盖边界。,-79.929,8.786,585.725,202.928,21.3
RC_ID_O9QP9W7P6P,ID_O9QP9W7P6P,C2,信号中断/覆盖退化,服务小区覆盖距离超过 1 km，越区覆盖,检查越区覆盖，调整功率、方位角或切换边界。,-80.219,11.883,690.44,199.998,24.2
RC_ID_7AGU6E9F2T,ID_7AGU6E9F2T,C3,信道干扰,邻区提供更高吞吐,优化邻区关系和切换策略，降低强邻区抢占影响。,-84.745,6.384,770.106,206.293,19.1
RC_ID_1J4G7M3M81,ID_1J4G7M3M81,C8,带宽不足,平均调度 RB 低于 160 影响吞吐,检查 RB 调度资源，评估扩容或负载均衡。,-80.899,8.366,738.003,166.4335,14.8
RC_ID_JSSD413LQ3,ID_JSSD413LQ3,C5,基站故障,频繁切换降低性能,调整切换门限、迟滞和定时器，减少频繁切换。,-83.161,6.479,687.155,205.65,20.5
RC_ID_SBPQHXQXCW,ID_SBPQHXQXCW,C1,信号中断/覆盖退化,服务小区下倾角过大，远端弱覆盖,复核服务小区下倾角，优化远端覆盖。,-85.394,21.261,973.782,207.787,17.6
RC_ID_U1O82H6B33,ID_U1O82H6B33,C2,信号中断/覆盖退化,服务小区覆盖距离超过 1 km，越区覆盖,检查越区覆盖，调整功率、方位角或切换边界。,-77.594,2.995,677.913,199.551,17.5
RC_ID_DR1WPO6O0V,ID_DR1WPO6O0V,C5,基站故障,频繁切换降低性能,调整切换门限、迟滞和定时器，减少频繁切换。,-87.201,26.091,1034.038,207.945,17.3
RC_ID_YCXPJIGY3A,ID_YCXPJIGY3A,C6,信道干扰,邻区和服务小区 PCI mod 30 相同导致干扰,重新规划 PCI，消除 PCI mod 30 冲突。,-85.143,18.521,936.238,207.054,24.6
RC_ID_ZGT0NCUUDL,ID_ZGT0NCUUDL,C5,基站故障,频繁切换降低性能,调整切换门限、迟滞和定时器，减少频繁切换。,-84.839,15.557,743.725,206.474,24.3
RC_ID_52W55EMK5Q,ID_52W55EMK5Q,C4,信道干扰,非共站同频邻区导致严重重叠覆盖,处理同频重叠覆盖，优化频点、功率和覆盖边界。,-80.762,8.207,834.292,206.91,21.2
RC_ID_JF6NPNZRDE,ID_JF6NPNZRDE,C6,信道干扰,邻区和服务小区 PCI mod 30 相同导致干扰,重新规划 PCI，消除 PCI mod 30 冲突。,-85.541,21.489,1014.869,211.188,17.7
RC_ID_18I1OCHQAK,ID_18I1OCHQAK,C7,信号中断/覆盖退化,车速超过 40 km/h 影响吞吐,结合高速移动场景优化移动性和覆盖连续性。,-84.036,24.137,615.913,206.972,35.9
RC_ID_JTEUXW9KKY,ID_JTEUXW9KKY,C2,信号中断/覆盖退化,服务小区覆盖距离超过 1 km，越区覆盖,检查越区覆盖，调整功率、方位角或切换边界。,-75.912,7.647,836.87,207.376,20.5
RC_ID_53CS4Q4W1L,ID_53CS4Q4W1L,C2,信号中断/覆盖退化,服务小区覆盖距离超过 1 km，越区覆盖,检查越区覆盖，调整功率、方位角或切换边界。,-82.192,5.776,798.331,210.689,19.9
RC_ID_9EUNN2BW4R,ID_9EUNN2BW4R,C6,信道干扰,邻区和服务小区 PCI mod 30 相同导致干扰,重新规划 PCI，消除 PCI mod 30 冲突。,-81.227,7.168,538.815,204.449,17.3
RC_ID_IA7KEUS45K,ID_IA7KEUS45K,C5,基站故障,频繁切换降低性能,调整切换门限、迟滞和定时器，减少频繁切换。,-88.027,25.5,657.777,206.009,23.2
RC_ID_IY3ZWUVF3S,ID_IY3ZWUVF3S,C5,基站故障,频繁切换降低性能,调整切换门限、迟滞和定时器，减少频繁切换。,-84.96,0.419,746.006,207.131,14
RC_ID_IN2RTY02KG,ID_IN2RTY02KG,C6,信道干扰,邻区和服务小区 PCI mod 30 相同导致干扰,重新规划 PCI，消除 PCI mod 30 冲突。,-83.786,19.595,1059.661,209.542,11.3
RC_ID_TWML53JMD5,ID_TWML53JMD5,C7,信号中断/覆盖退化,车速超过 40 km/h 影响吞吐,结合高速移动场景优化移动性和覆盖连续性。,-80.007,6.604,764.331,206.807,37.6
RC_ID_J1BLCK22PI,ID_J1BLCK22PI,C4,信道干扰,非共站同频邻区导致严重重叠覆盖,处理同频重叠覆盖，优化频点、功率和覆盖边界。,-75.696,6.118,698.528,205.135,21.6
RC_ID_62TICGOYM7,ID_62TICGOYM7,C1,信号中断/覆盖退化,服务小区下倾角过大，远端弱覆盖,复核服务小区下倾角，优化远端覆盖。,-89.114,21.24,671.739,204.145,18.9
RC_ID_ENS6T8L6L5,ID_ENS6T8L6L5,C6,信道干扰,邻区和服务小区 PCI mod 30 相同导致干扰,重新规划 PCI，消除 PCI mod 30 冲突。,-87.302,14.041,1081.132,211.023,20.1
RC_ID_07R9Q9DR2P,ID_07R9Q9DR2P,C8,带宽不足,平均调度 RB 低于 160 影响吞吐,检查 RB 调度资源，评估扩容或负载均衡。,-85.727,11.351,664.302,168.1145,19.2
RC_ID_D4949R5WS1,ID_D4949R5WS1,C2,信号中断/覆盖退化,服务小区覆盖距离超过 1 km，越区覆盖,检查越区覆盖，调整功率、方位角或切换边界。,-84.334,10.25,713.808,207.528,19
RC_ID_KYEUTWISM0,ID_KYEUTWISM0,C1,信号中断/覆盖退化,服务小区下倾角过大，远端弱覆盖,复核服务小区下倾角，优化远端覆盖。,-87.779,20.031,613.704,188.313,16.1
RC_ID_E1IK3V8SZE,ID_E1IK3V8SZE,C8,带宽不足,平均调度 RB 低于 160 影响吞吐,检查 RB 调度资源，评估扩容或负载均衡。,-83.512,19.648,1051.553,168.238,22.1
RC_ID_FTHEARJDM3,ID_FTHEARJDM3,C1,信号中断/覆盖退化,服务小区下倾角过大，远端弱覆盖,复核服务小区下倾角，优化远端覆盖。,-80.045,10.696,704.641,207.702,19.5
RC_ID_UN9C2OHKPO,ID_UN9C2OHKPO,C8,带宽不足,平均调度 RB 低于 160 影响吞吐,检查 RB 调度资源，评估扩容或负载均衡。,-84.379,13.434,1137.359,167.2545,24.3
RC_ID_TEXJU825DN,ID_TEXJU825DN,C4,信道干扰,非共站同频邻区导致严重重叠覆盖,处理同频重叠覆盖，优化频点、功率和覆盖边界。,-78.118,7.446,687.178,201.216,15.7
RC_ID_2P5933G5IC,ID_2P5933G5IC,C7,信号中断/覆盖退化,车速超过 40 km/h 影响吞吐,结合高速移动场景优化移动性和覆盖连续性。,-83.014,17.466,1000.05,211.184,33.2
RC_ID_DVT0BP3L3R,ID_DVT0BP3L3R,C3,信道干扰,邻区提供更高吞吐,优化邻区关系和切换策略，降低强邻区抢占影响。,-83.736,19.695,996.203,204.15,16.9
RC_ID_T5TM8YQ3E8,ID_T5TM8YQ3E8,C8,带宽不足,平均调度 RB 低于 160 影响吞吐,检查 RB 调度资源，评估扩容或负载均衡。,-80.882,9.734,888.98,167.3825,16.5
RC_ID_1E52MOFZC7,ID_1E52MOFZC7,C7,信号中断/覆盖退化,车速超过 40 km/h 影响吞吐,结合高速移动场景优化移动性和覆盖连续性。,-83.79,13.218,614.54,206.033,40.7
RC_ID_HPF9OWOMG3,ID_HPF9OWOMG3,C4,信道干扰,非共站同频邻区导致严重重叠覆盖,处理同频重叠覆盖，优化频点、功率和覆盖边界。,-84.205,4.352,792.664,209.327,23.9
RC_ID_FNPPS092Y5,ID_FNPPS092Y5,C2,信号中断/覆盖退化,服务小区覆盖距离超过 1 km，越区覆盖,检查越区覆盖，调整功率、方位角或切换边界。,-80.162,11.968,682.371,199.943,23.2
RC_ID_F38ENFLU60,ID_F38ENFLU60,C4,信道干扰,非共站同频邻区导致严重重叠覆盖,处理同频重叠覆盖，优化频点、功率和覆盖边界。,-73.719,8.165,531.044,192.809,21.2
RC_ID_Q6H27F9SRE,ID_Q6H27F9SRE,C7,信号中断/覆盖退化,车速超过 40 km/h 影响吞吐,结合高速移动场景优化移动性和覆盖连续性。,-83.939,21.388,986.35,208.35,36.5
RC_ID_H2LVH4OC0K,ID_H2LVH4OC0K,C6,信道干扰,邻区和服务小区 PCI mod 30 相同导致干扰,重新规划 PCI，消除 PCI mod 30 冲突。,-84.772,13.496,675.489,207.369,15.2
RC_ID_PQ6HHYKMYU,ID_PQ6HHYKMYU,C1,信号中断/覆盖退化,服务小区下倾角过大，远端弱覆盖,复核服务小区下倾角，优化远端覆盖。,-83.348,14.715,754.998,203.794,14.7
RC_ID_8URDODEDG3,ID_8URDODEDG3,C2,信号中断/覆盖退化,服务小区覆盖距离超过 1 km，越区覆盖,检查越区覆盖，调整功率、方位角或切换边界。,-84.079,4.405,758.912,198.528,15.5
RC_ID_CJ7E2Q25P0,ID_CJ7E2Q25P0,C2,信号中断/覆盖退化,服务小区覆盖距离超过 1 km，越区覆盖,检查越区覆盖，调整功率、方位角或切换边界。,-84.56,10.856,599.701,190.33,25
RC_ID_DVD388MLGY,ID_DVD388MLGY,C3,信道干扰,邻区提供更高吞吐,优化邻区关系和切换策略，降低强邻区抢占影响。,-84.417,11.552,726.763,205.508,16.8
RC_ID_SUA57Y6THR,ID_SUA57Y6THR,C5,基站故障,频繁切换降低性能,调整切换门限、迟滞和定时器，减少频繁切换。,-79.409,15.828,755.768,202.074,21.8
RC_ID_FGFFI1QXL8,ID_FGFFI1QXL8,C1,信号中断/覆盖退化,服务小区下倾角过大，远端弱覆盖,复核服务小区下倾角，优化远端覆盖。,-78.436,8.292,650.952,202.274,19.6
RC_ID_D3SGM77LGU,ID_D3SGM77LGU,C8,带宽不足,平均调度 RB 低于 160 影响吞吐,检查 RB 调度资源，评估扩容或负载均衡。,-83.107,11.405,852.806,166.5105,22.2
RC_ID_L9DZEI44KP,ID_L9DZEI44KP,C2,信号中断/覆盖退化,服务小区覆盖距离超过 1 km，越区覆盖,检查越区覆盖，调整功率、方位角或切换边界。,-78.075,6.593,694.227,206.232,14.3
RC_ID_QSV21C9Z4X,ID_QSV21C9Z4X,C8,带宽不足,平均调度 RB 低于 160 影响吞吐,检查 RB 调度资源，评估扩容或负载均衡。,-81.063,11.878,686.453,167.202,17.3
RC_ID_AUOO7FR25H,ID_AUOO7FR25H,C2,信号中断/覆盖退化,服务小区覆盖距离超过 1 km，越区覆盖,检查越区覆盖，调整功率、方位角或切换边界。,-85.083,5.739,636.654,187.114,19.7
RC_ID_BBA4QELIJH,ID_BBA4QELIJH,C3,信道干扰,邻区提供更高吞吐,优化邻区关系和切换策略，降低强邻区抢占影响。,-80.886,8.559,762.925,205.991,12.3
RC_ID_5LFQL7IQJ2,ID_5LFQL7IQJ2,C1,信号中断/覆盖退化,服务小区下倾角过大，远端弱覆盖,复核服务小区下倾角，优化远端覆盖。,-78.671,9.569,764.701,195.233,15.2
RC_ID_CKK8FY95TQ,ID_CKK8FY95TQ,C6,信道干扰,邻区和服务小区 PCI mod 30 相同导致干扰,重新规划 PCI，消除 PCI mod 30 冲突。,-63.199,2.743,636.804,196.426,19
RC_ID_W3B8QK6YSL,ID_W3B8QK6YSL,C3,信道干扰,邻区提供更高吞吐,优化邻区关系和切换策略，降低强邻区抢占影响。,-82.644,10.774,838.692,207.892,16.5
RC_ID_N9QZQ1HHPF,ID_N9QZQ1HHPF,C8,带宽不足,平均调度 RB 低于 160 影响吞吐,检查 RB 调度资源，评估扩容或负载均衡。,-76.172,9.801,698.886,158.9895,26.2
RC_ID_NA56P01XGP,ID_NA56P01XGP,C1,信号中断/覆盖退化,服务小区下倾角过大，远端弱覆盖,复核服务小区下倾角，优化远端覆盖。,-86.165,4.645,874.059,198.369,18.9
RC_ID_DAKA2MFXNO,ID_DAKA2MFXNO,C7,信号中断/覆盖退化,车速超过 40 km/h 影响吞吐,结合高速移动场景优化移动性和覆盖连续性。,-84.33,3.026,536.477,206.408,39.4
RC_ID_AKV6WNTAYY,ID_AKV6WNTAYY,C3,信道干扰,邻区提供更高吞吐,优化邻区关系和切换策略，降低强邻区抢占影响。,-83.65,5.985,624.501,207.914,21.5
RC_ID_SY9562W6SA,ID_SY9562W6SA,C7,信号中断/覆盖退化,车速超过 40 km/h 影响吞吐,结合高速移动场景优化移动性和覆盖连续性。,-81.04,8.307,670.061,209.511,35.1
RC_ID_5M4CXRWYO5,ID_5M4CXRWYO5,C8,带宽不足,平均调度 RB 低于 160 影响吞吐,检查 RB 调度资源，评估扩容或负载均衡。,-87.336,11.013,607.53,163.743,20.5
RC_ID_1SBS6AKU08,ID_1SBS6AKU08,C2,信号中断/覆盖退化,服务小区覆盖距离超过 1 km，越区覆盖,检查越区覆盖，调整功率、方位角或切换边界。,-78.851,9.781,570.043,202.879,20.4
RC_ID_XLFQA3EEIS,ID_XLFQA3EEIS,C5,基站故障,频繁切换降低性能,调整切换门限、迟滞和定时器，减少频繁切换。,-84.091,9.735,679.293,210.298,12.2
RC_ID_GZ4TSVEZO0,ID_GZ4TSVEZO0,C1,信号中断/覆盖退化,服务小区下倾角过大，远端弱覆盖,复核服务小区下倾角，优化远端覆盖。,-86.161,6.479,687.155,205.65,20.5
RC_ID_RHBDFJBX8S,ID_RHBDFJBX8S,C4,信道干扰,非共站同频邻区导致严重重叠覆盖,处理同频重叠覆盖，优化频点、功率和覆盖边界。,-77.771,18.54,791.153,205.882,24.4
RC_ID_L70PRJ7RK2,ID_L70PRJ7RK2,C2,信号中断/覆盖退化,服务小区覆盖距离超过 1 km，越区覆盖,检查越区覆盖，调整功率、方位角或切换边界。,-85.873,21.799,629.779,200.125,15.9
RC_ID_IOIUY5WHX0,ID_IOIUY5WHX0,C2,信号中断/覆盖退化,服务小区覆盖距离超过 1 km，越区覆盖,检查越区覆盖，调整功率、方位角或切换边界。,-83.437,4.12,712.502,205.222,27.2
RC_ID_Q7ABGUPTLY,ID_Q7ABGUPTLY,C5,基站故障,频繁切换降低性能,调整切换门限、迟滞和定时器，减少频繁切换。,-84.831,18.852,954.663,210.353,25.3
RC_ID_32K6YUE0VS,ID_32K6YUE0VS,C5,基站故障,频繁切换降低性能,调整切换门限、迟滞和定时器，减少频繁切换。,-78.423,8.525,747.947,204.725,21
RC_ID_TVSILP4JV3,ID_TVSILP4JV3,C1,信号中断/覆盖退化,服务小区下倾角过大，远端弱覆盖,复核服务小区下倾角，优化远端覆盖。,-86.379,13.434,1137.359,209.29,24.3
RC_ID_FCLE1BL23U,ID_FCLE1BL23U,C8,带宽不足,平均调度 RB 低于 160 影响吞吐,检查 RB 调度资源，评估扩容或负载均衡。,-84.074,5.471,663.758,162.375,21.9
RC_ID_0RLRREJGY9,ID_0RLRREJGY9,C4,信道干扰,非共站同频邻区导致严重重叠覆盖,处理同频重叠覆盖，优化频点、功率和覆盖边界。,-86.569,19.556,573.755,205.142,20.9
RC_ID_EF127ZVVB9,ID_EF127ZVVB9,C2,信号中断/覆盖退化,服务小区覆盖距离超过 1 km，越区覆盖,检查越区覆盖，调整功率、方位角或切换边界。,-80.007,6.604,764.331,206.807,21.6
RC_ID_0GRDOP800I,ID_0GRDOP800I,C4,信道干扰,非共站同频邻区导致严重重叠覆盖,处理同频重叠覆盖，优化频点、功率和覆盖边界。,-86.253,11.892,619.079,204.819,24.7
RC_ID_032PU90TM7,ID_032PU90TM7,C8,带宽不足,平均调度 RB 低于 160 影响吞吐,检查 RB 调度资源，评估扩容或负载均衡。,-85.834,6.994,573.572,168.8035,15.1
RC_ID_3DA5ZX0NBN,ID_3DA5ZX0NBN,C8,带宽不足,平均调度 RB 低于 160 影响吞吐,检查 RB 调度资源，评估扩容或负载均衡。,-81.319,9.228,716.488,164.0265,16.6
RC_ID_F7KDFYL065,ID_F7KDFYL065,C4,信道干扰,非共站同频邻区导致严重重叠覆盖,处理同频重叠覆盖，优化频点、功率和覆盖边界。,-83.786,19.595,1059.661,209.542,11.3
RC_ID_HVCJEN9DW6,ID_HVCJEN9DW6,C6,信道干扰,邻区和服务小区 PCI mod 30 相同导致干扰,重新规划 PCI，消除 PCI mod 30 冲突。,-85.166,12.788,545.469,199.645,19
RC_ID_S5CLF4WBFN,ID_S5CLF4WBFN,C3,信道干扰,邻区提供更高吞吐,优化邻区关系和切换策略，降低强邻区抢占影响。,-86.496,19.066,1016.464,208.737,15.6
RC_ID_FREL9IJ8HI,ID_FREL9IJ8HI,C1,信号中断/覆盖退化,服务小区下倾角过大，远端弱覆盖,复核服务小区下倾角，优化远端覆盖。,-85.251,2.275,975.621,203.941,17.8
RC_ID_RCVMUZVOX1,ID_RCVMUZVOX1,C7,信号中断/覆盖退化,车速超过 40 km/h 影响吞吐,结合高速移动场景优化移动性和覆盖连续性。,-77.594,2.995,677.913,199.551,33.5
RC_ID_X7IAATN49Q,ID_X7IAATN49Q,C4,信道干扰,非共站同频邻区导致严重重叠覆盖,处理同频重叠覆盖，优化频点、功率和覆盖边界。,-83.384,2.522,650.548,200.465,16.5
RC_ID_SZFI2A5J8B,ID_SZFI2A5J8B,C7,信号中断/覆盖退化,车速超过 40 km/h 影响吞吐,结合高速移动场景优化移动性和覆盖连续性。,-84.663,5.5,676.208,203.359,39.1
RC_ID_ZRWTXDOY5M,ID_ZRWTXDOY5M,C8,带宽不足,平均调度 RB 低于 160 影响吞吐,检查 RB 调度资源，评估扩容或负载均衡。,-80.557,8.795,663.923,162.479,18.6
RC_ID_LJL0N7E2UL,ID_LJL0N7E2UL,C3,信道干扰,邻区提供更高吞吐,优化邻区关系和切换策略，降低强邻区抢占影响。,-83.168,11.265,1160.954,204.78,17.5
RC_ID_486HMWI3CH,ID_486HMWI3CH,C8,带宽不足,平均调度 RB 低于 160 影响吞吐,检查 RB 调度资源，评估扩容或负载均衡。,-78.423,8.525,747.947,165.2955,21
RC_ID_87E4FHDS4Z,ID_87E4FHDS4Z,C4,信道干扰,非共站同频邻区导致严重重叠覆盖,处理同频重叠覆盖，优化频点、功率和覆盖边界。,-79.303,23.928,828.976,203.783,22
RC_ID_IZZOTRHE90,ID_IZZOTRHE90,C6,信道干扰,邻区和服务小区 PCI mod 30 相同导致干扰,重新规划 PCI，消除 PCI mod 30 冲突。,-75.719,8.157,539.83,204.07,19.3
RC_ID_HR7JL51C61,ID_HR7JL51C61,C6,信道干扰,邻区和服务小区 PCI mod 30 相同导致干扰,重新规划 PCI，消除 PCI mod 30 冲突。,-82.708,9.801,961.856,209.372,14.5
RC_ID_LCK8KNMV7J,ID_LCK8KNMV7J,C7,信号中断/覆盖退化,车速超过 40 km/h 影响吞吐,结合高速移动场景优化移动性和覆盖连续性。,-78.516,10.008,789.406,195.452,37.4
RC_ID_ZZWBGM9NPM,ID_ZZWBGM9NPM,C5,基站故障,频繁切换降低性能,调整切换门限、迟滞和定时器，减少频繁切换。,-80.162,11.968,682.371,199.943,23.2
RC_ID_TEWFYC30A3,ID_TEWFYC30A3,C7,信号中断/覆盖退化,车速超过 40 km/h 影响吞吐,结合高速移动场景优化移动性和覆盖连续性。,-81.822,9.889,594.488,207.671,32.9
RC_ID_UXVXN9Y9X2,ID_UXVXN9Y9X2,C7,信号中断/覆盖退化,车速超过 40 km/h 影响吞吐,结合高速移动场景优化移动性和覆盖连续性。,-84.865,12.349,527.804,197.463,27.7
RC_ID_H0PCEEMZ55,ID_H0PCEEMZ55,C7,信号中断/覆盖退化,车速超过 40 km/h 影响吞吐,结合高速移动场景优化移动性和覆盖连续性。,-86.124,22.484,733.184,199.456,35.2
RC_ID_QB6SECWMHA,ID_QB6SECWMHA,C1,信号中断/覆盖退化,服务小区下倾角过大，远端弱覆盖,复核服务小区下倾角，优化远端覆盖。,-82.815,9.431,527.424,201.188,15.7
RC_ID_8IVP748VQY,ID_8IVP748VQY,C7,信号中断/覆盖退化,车速超过 40 km/h 影响吞吐,结合高速移动场景优化移动性和覆盖连续性。,-82.578,10.668,670.887,206.536,37.6
RC_ID_8KQCF13N2L,ID_8KQCF13N2L,C1,信号中断/覆盖退化,服务小区下倾角过大，远端弱覆盖,复核服务小区下倾角，优化远端覆盖。,-87.334,10.25,713.808,207.528,19
RC_ID_4PT0M20UJO,ID_4PT0M20UJO,C7,信号中断/覆盖退化,车速超过 40 km/h 影响吞吐,结合高速移动场景优化移动性和覆盖连续性。,-79.437,7.607,669.675,202.605,33.4
RC_ID_XRBZI4KQ6W,ID_XRBZI4KQ6W,C8,带宽不足,平均调度 RB 低于 160 影响吞吐,检查 RB 调度资源，评估扩容或负载均衡。,-85.972,21.353,635.785,164.328,17.5
RC_ID_19UBC2KEIT,ID_19UBC2KEIT,C5,基站故障,频繁切换降低性能,调整切换门限、迟滞和定时器，减少频繁切换。,-85.727,11.351,664.302,210.191,19.2
RC_ID_O22AF2IO1T,ID_O22AF2IO1T,C2,信号中断/覆盖退化,服务小区覆盖距离超过 1 km，越区覆盖,检查越区覆盖，调整功率、方位角或切换边界。,-81.865,11.728,794.236,204.602,15.1
RC_ID_GAV45KY6G4,ID_GAV45KY6G4,C2,信号中断/覆盖退化,服务小区覆盖距离超过 1 km，越区覆盖,检查越区覆盖，调整功率、方位角或切换边界。,-86.666,24.717,684.066,204.859,16.7
RC_ID_P3V793PW53,ID_P3V793PW53,C5,基站故障,频繁切换降低性能,调整切换门限、迟滞和定时器，减少频繁切换。,-87.336,11.013,607.53,205.471,20.5
RC_ID_5MD4O3P9H7,ID_5MD4O3P9H7,C3,信道干扰,邻区提供更高吞吐,优化邻区关系和切换策略，降低强邻区抢占影响。,-84.883,17.45,734.06,207.114,23.3
RC_ID_GFVT5CFQ4K,ID_GFVT5CFQ4K,C3,信道干扰,邻区提供更高吞吐,优化邻区关系和切换策略，降低强邻区抢占影响。,-86.943,24.963,593.339,202.133,20.9
RC_ID_6HWQASACO0,ID_6HWQASACO0,C6,信道干扰,邻区和服务小区 PCI mod 30 相同导致干扰,重新规划 PCI，消除 PCI mod 30 冲突。,-78.075,6.593,694.227,206.232,14.3
RC_ID_YLTB9JUKVT,ID_YLTB9JUKVT,C5,基站故障,频繁切换降低性能,调整切换门限、迟滞和定时器，减少频繁切换。,-84.255,1.336,998.98,202.621,17.5
RC_ID_5DO3DVRIQS,ID_5DO3DVRIQS,C8,带宽不足,平均调度 RB 低于 160 影响吞吐,检查 RB 调度资源，评估扩容或负载均衡。,-80.377,23.108,957.78,152.648,18.4
RC_ID_TK77SSJMZZ,ID_TK77SSJMZZ,C5,基站故障,频繁切换降低性能,调整切换门限、迟滞和定时器，减少频繁切换。,-77.544,3.404,595.219,192.578,18.8
RC_ID_0G40K3SZVW,ID_0G40K3SZVW,C8,带宽不足,平均调度 RB 低于 160 影响吞吐,检查 RB 调度资源，评估扩容或负载均衡。,-83.795,8.577,932.424,161.0985,23.4
RC_ID_8Y1YPVJ79I,ID_8Y1YPVJ79I,C7,信号中断/覆盖退化,车速超过 40 km/h 影响吞吐,结合高速移动场景优化移动性和覆盖连续性。,-79.779,4.4,517.701,206.171,26
RC_ID_TSVNSOCLM5,ID_TSVNSOCLM5,C4,信道干扰,非共站同频邻区导致严重重叠覆盖,处理同频重叠覆盖，优化频点、功率和覆盖边界。,-82.88,8.054,1059.595,208.278,23.3
RC_ID_DGQANGUBPU,ID_DGQANGUBPU,C1,信号中断/覆盖退化,服务小区下倾角过大，远端弱覆盖,复核服务小区下倾角，优化远端覆盖。,-89.101,19.99,783.245,210.285,17.9
RC_ID_ZYK1ZVYBNI,ID_ZYK1ZVYBNI,C6,信道干扰,邻区和服务小区 PCI mod 30 相同导致干扰,重新规划 PCI，消除 PCI mod 30 冲突。,-87.336,11.013,607.53,205.471,20.5
RC_ID_LPRW49S7CL,ID_LPRW49S7CL,C2,信号中断/覆盖退化,服务小区覆盖距离超过 1 km，越区覆盖,检查越区覆盖，调整功率、方位角或切换边界。,-87.101,19.99,783.245,210.285,17.9
RC_ID_PQ8BG4TN2V,ID_PQ8BG4TN2V,C2,信号中断/覆盖退化,服务小区覆盖距离超过 1 km，越区覆盖,检查越区覆盖，调整功率、方位角或切换边界。,-87.467,15.545,922.385,207.194,20.2
RC_ID_AHWIGQXO4Y,ID_AHWIGQXO4Y,C6,信道干扰,邻区和服务小区 PCI mod 30 相同导致干扰,重新规划 PCI，消除 PCI mod 30 冲突。,-87.018,20.55,562.341,199.74,17.8
RC_ID_HFDBZ0ILIJ,ID_HFDBZ0ILIJ,C7,信号中断/覆盖退化,车速超过 40 km/h 影响吞吐,结合高速移动场景优化移动性和覆盖连续性。,-78.926,7.714,548.458,198.056,38.7
RC_ID_YNCM1IGEH4,ID_YNCM1IGEH4,C8,带宽不足,平均调度 RB 低于 160 影响吞吐,检查 RB 调度资源，评估扩容或负载均衡。,-83.777,11.533,802.582,162.1975,14.8
RC_ID_LIBMQ4PJ5T,ID_LIBMQ4PJ5T,C3,信道干扰,邻区提供更高吞吐,优化邻区关系和切换策略，降低强邻区抢占影响。,-87.28,24.689,647.998,201.457,16.7
RC_ID_2CB850NKMA,ID_2CB850NKMA,C8,带宽不足,平均调度 RB 低于 160 影响吞吐,检查 RB 调度资源，评估扩容或负载均衡。,-78.851,9.781,570.043,163.276,20.4
RC_ID_GL1Y4H6EH5,ID_GL1Y4H6EH5,C5,基站故障,频繁切换降低性能,调整切换门限、迟滞和定时器，减少频繁切换。,-84.1,5.853,658.36,207.149,13.6
RC_ID_CCEDSVUOJT,ID_CCEDSVUOJT,C6,信道干扰,邻区和服务小区 PCI mod 30 相同导致干扰,重新规划 PCI，消除 PCI mod 30 冲突。,-79.437,7.607,669.675,202.605,17.4
RC_ID_DN3IG7FUM1,ID_DN3IG7FUM1,C1,信号中断/覆盖退化,服务小区下倾角过大，远端弱覆盖,复核服务小区下倾角，优化远端覆盖。,-80.452,20.731,888.929,210.606,14.5
RC_ID_05897S38CG,ID_05897S38CG,C3,信道干扰,邻区提供更高吞吐,优化邻区关系和切换策略，降低强邻区抢占影响。,-85.972,21.353,675.785,205.182,17.5
RC_ID_QFFCMOJ7A7,ID_QFFCMOJ7A7,C1,信号中断/覆盖退化,服务小区下倾角过大，远端弱覆盖,复核服务小区下倾角，优化远端覆盖。,-88.407,6.638,739.23,207.689,22.9
RC_ID_B5425LGLML,ID_B5425LGLML,C3,信道干扰,邻区提供更高吞吐,优化邻区关系和切换策略，降低强邻区抢占影响。,-84.96,0.419,786.006,207.131,14
RC_ID_GRHI4LQCWD,ID_GRHI4LQCWD,C3,信道干扰,邻区提供更高吞吐,优化邻区关系和切换策略，降低强邻区抢占影响。,-86.986,22.117,704.141,201.052,14.4
RC_ID_JJVIQC3Y5X,ID_JJVIQC3Y5X,C4,信道干扰,非共站同频邻区导致严重重叠覆盖,处理同频重叠覆盖，优化频点、功率和覆盖边界。,-86.666,24.717,684.066,204.859,16.7
RC_ID_KN8XHYC2UX,ID_KN8XHYC2UX,C2,信号中断/覆盖退化,服务小区覆盖距离超过 1 km，越区覆盖,检查越区覆盖，调整功率、方位角或切换边界。,-77.339,9.651,872.117,205.403,17.1
RC_ID_953Y5ELOQ2,ID_953Y5ELOQ2,C8,带宽不足,平均调度 RB 低于 160 影响吞吐,检查 RB 调度资源，评估扩容或负载均衡。,-81.996,5.849,1000.626,166.803,16.9
RC_ID_XK5XS0VYPE,ID_XK5XS0VYPE,C5,基站故障,频繁切换降低性能,调整切换门限、迟滞和定时器，减少频繁切换。,-69.388,4.254,677.069,203.497,19.2
RC_ID_120YQ7TO0C,ID_120YQ7TO0C,C1,信号中断/覆盖退化,服务小区下倾角过大，远端弱覆盖,复核服务小区下倾角，优化远端覆盖。,-76.634,11.721,1059.551,209.389,20.7
RC_ID_RRR3IG1DSP,ID_RRR3IG1DSP,C1,信号中断/覆盖退化,服务小区下倾角过大，远端弱覆盖,复核服务小区下倾角，优化远端覆盖。,-87.308,6.262,710.642,205.221,20.8
RC_ID_BRBC4L8V84,ID_BRBC4L8V84,C5,基站故障,频繁切换降低性能,调整切换门限、迟滞和定时器，减少频繁切换。,-79.508,12.101,738.481,206.616,16
RC_ID_45URLWG9AT,ID_45URLWG9AT,C8,带宽不足,平均调度 RB 低于 160 影响吞吐,检查 RB 调度资源，评估扩容或负载均衡。,-85.889,22.399,634.862,158.856,18.2
RC_ID_1EMUJONCON,ID_1EMUJONCON,C1,信号中断/覆盖退化,服务小区下倾角过大，远端弱覆盖,复核服务小区下倾角，优化远端覆盖。,-77.064,23.042,1157.858,210.818,15.8
RC_ID_FBDQDMJ6E9,ID_FBDQDMJ6E9,C8,带宽不足,平均调度 RB 低于 160 影响吞吐,检查 RB 调度资源，评估扩容或负载均衡。,-87.842,24.877,592.213,159.755,20.7
RC_ID_R86XD29P96,ID_R86XD29P96,C7,信号中断/覆盖退化,车速超过 40 km/h 影响吞吐,结合高速移动场景优化移动性和覆盖连续性。,-86.939,20.147,590.381,206.685,39.6
RC_ID_6347UTL4K8,ID_6347UTL4K8,C2,信号中断/覆盖退化,服务小区覆盖距离超过 1 km，越区覆盖,检查越区覆盖，调整功率、方位角或切换边界。,-84.865,12.349,527.804,197.463,11.7
RC_ID_2WQOU18CS0,ID_2WQOU18CS0,C1,信号中断/覆盖退化,服务小区下倾角过大，远端弱覆盖,复核服务小区下倾角，优化远端覆盖。,-83.219,11.883,690.44,199.998,24.2
RC_ID_UFD0HOHRMP,ID_UFD0HOHRMP,C3,信道干扰,邻区提供更高吞吐,优化邻区关系和切换策略，降低强邻区抢占影响。,-83.859,21.027,901.719,202.807,17
RC_ID_CYYMXGULFD,ID_CYYMXGULFD,C8,带宽不足,平均调度 RB 低于 160 影响吞吐,检查 RB 调度资源，评估扩容或负载均衡。,-82.683,5.486,787.049,165.7575,25.1
RC_ID_YYRV3RKEAO,ID_YYRV3RKEAO,C8,带宽不足,平均调度 RB 低于 160 影响吞吐,检查 RB 调度资源，评估扩容或负载均衡。,-83.879,14.417,740.764,160.5995,19.8
RC_ID_LUW29K0EBV,ID_LUW29K0EBV,C5,基站故障,频繁切换降低性能,调整切换门限、迟滞和定时器，减少频繁切换。,-83.311,5.908,628.991,199.476,21.8
RC_ID_ZJ0L6QS2JP,ID_ZJ0L6QS2JP,C5,基站故障,频繁切换降低性能,调整切换门限、迟滞和定时器，减少频繁切换。,-83.073,-1.194,882.479,206.977,22.9
RC_ID_XMKJRBFY9L,ID_XMKJRBFY9L,C8,带宽不足,平均调度 RB 低于 160 影响吞吐,检查 RB 调度资源，评估扩容或负载均衡。,-86.968,24.967,660.17,165.876,13
RC_ID_92063OVWEJ,ID_92063OVWEJ,C5,基站故障,频繁切换降低性能,调整切换门限、迟滞和定时器，减少频繁切换。,-82.461,11.021,590.72,186.587,15.6
RC_ID_MG1LV8TXRT,ID_MG1LV8TXRT,C2,信号中断/覆盖退化,服务小区覆盖距离超过 1 km，越区覆盖,检查越区覆盖，调整功率、方位角或切换边界。,-81.382,9.494,678.906,206.031,20.8
RC_ID_RGO1VFOBME,ID_RGO1VFOBME,C1,信号中断/覆盖退化,服务小区下倾角过大，远端弱覆盖,复核服务小区下倾角，优化远端覆盖。,-85.296,3.05,596.576,200.702,9
RC_ID_M90VKDPFLY,ID_M90VKDPFLY,C3,信道干扰,邻区提供更高吞吐,优化邻区关系和切换策略，降低强邻区抢占影响。,-83.751,2.275,1015.621,203.941,17.8
RC_ID_S0TPNDVKKW,ID_S0TPNDVKKW,C1,信号中断/覆盖退化,服务小区下倾角过大，远端弱覆盖,复核服务小区下倾角，优化远端覆盖。,-82.157,9.564,685.298,204.124,21.5
RC_ID_9T7UOQDTWC,ID_9T7UOQDTWC,C5,基站故障,频繁切换降低性能,调整切换门限、迟滞和定时器，减少频繁切换。,-86.557,13.4,1103.026,210.328,15.9
RC_ID_UZJI99A38C,ID_UZJI99A38C,C5,基站故障,频繁切换降低性能,调整切换门限、迟滞和定时器，减少频繁切换。,-83.7,3.874,608.809,207.216,23.5
RC_ID_AMB5UX7KY0,ID_AMB5UX7KY0,C7,信号中断/覆盖退化,车速超过 40 km/h 影响吞吐,结合高速移动场景优化移动性和覆盖连续性。,-82.683,5.486,787.049,206.955,41.1
RC_ID_B22NX8Q9K0,ID_B22NX8Q9K0,C8,带宽不足,平均调度 RB 低于 160 影响吞吐,检查 RB 调度资源，评估扩容或负载均衡。,-86.986,22.117,664.141,160.7425,14.4
RC_ID_BRC1878OKI,ID_BRC1878OKI,C6,信道干扰,邻区和服务小区 PCI mod 30 相同导致干扰,重新规划 PCI，消除 PCI mod 30 冲突。,-85.923,22.619,607.395,191.326,22.4
RC_ID_MTH02XB9GR,ID_MTH02XB9GR,C7,信号中断/覆盖退化,车速超过 40 km/h 影响吞吐,结合高速移动场景优化移动性和覆盖连续性。,-81.238,19.812,732.035,210.848,35.6
RC_ID_6GCZMQC9KC,ID_6GCZMQC9KC,C6,信道干扰,邻区和服务小区 PCI mod 30 相同导致干扰,重新规划 PCI，消除 PCI mod 30 冲突。,-84.881,8.869,563.428,206.472,16
RC_ID_IBI7CR20LY,ID_IBI7CR20LY,C1,信号中断/覆盖退化,服务小区下倾角过大，远端弱覆盖,复核服务小区下倾角，优化远端覆盖。,-83.432,7.732,876.927,207.47,22
RC_ID_5QH82ABSRV,ID_5QH82ABSRV,C5,基站故障,频繁切换降低性能,调整切换门限、迟滞和定时器，减少频繁切换。,-77.643,6.139,635.694,203.189,16.1
RC_ID_C92YUZZRQ4,ID_C92YUZZRQ4,C8,带宽不足,平均调度 RB 低于 160 影响吞吐,检查 RB 调度资源，评估扩容或负载均衡。,-84.3,9.197,617.177,160.988,16.5
RC_ID_WVUC9D3DQ4,ID_WVUC9D3DQ4,C3,信道干扰,邻区提供更高吞吐,优化邻区关系和切换策略，降低强邻区抢占影响。,-80.882,9.734,928.98,209.559,16.5
RC_ID_QGL5FGXBI8,ID_QGL5FGXBI8,C1,信号中断/覆盖退化,服务小区下倾角过大，远端弱覆盖,复核服务小区下倾角，优化远端覆盖。,-87.381,8.869,563.428,206.472,16
RC_ID_CZ7Z77R490,ID_CZ7Z77R490,C2,信号中断/覆盖退化,服务小区覆盖距离超过 1 km，越区覆盖,检查越区覆盖，调整功率、方位角或切换边界。,-84.052,22.247,737.455,208.139,23.8
RC_ID_FEMGT932S3,ID_FEMGT932S3,C5,基站故障,频繁切换降低性能,调整切换门限、迟滞和定时器，减少频繁切换。,-83.35,9.692,709.532,209.363,16.3
RC_ID_7KYNTN4TWC,ID_7KYNTN4TWC,C1,信号中断/覆盖退化,服务小区下倾角过大，远端弱覆盖,复核服务小区下倾角，优化远端覆盖。,-85.44,11.047,626.376,202.892,18.2
RC_ID_24WHH4WRAP,ID_24WHH4WRAP,C6,信道干扰,邻区和服务小区 PCI mod 30 相同导致干扰,重新规划 PCI，消除 PCI mod 30 冲突。,-82.252,14.702,824.852,209.022,19.7
RC_ID_JBRZMY8T0X,ID_JBRZMY8T0X,C5,基站故障,频繁切换降低性能,调整切换门限、迟滞和定时器，减少频繁切换。,-79.36,9.715,860.39,206.693,18.1
RC_ID_MUCLL4Q684,ID_MUCLL4Q684,C2,信号中断/覆盖退化,服务小区覆盖距离超过 1 km，越区覆盖,检查越区覆盖，调整功率、方位角或切换边界。,-81.633,7.339,1157.095,206.768,18.9
RC_ID_7E4UM7DN98,ID_7E4UM7DN98,C8,带宽不足,平均调度 RB 低于 160 影响吞吐,检查 RB 调度资源，评估扩容或负载均衡。,-63.199,2.743,636.804,157.8675,19
RC_ID_HRKKNE4IJY,ID_HRKKNE4IJY,C7,信号中断/覆盖退化,车速超过 40 km/h 影响吞吐,结合高速移动场景优化移动性和覆盖连续性。,-63.199,2.743,636.804,196.426,35
RC_ID_0ORND36U89,ID_0ORND36U89,C3,信道干扰,邻区提供更高吞吐,优化邻区关系和切换策略，降低强邻区抢占影响。,-78.045,10.696,744.641,207.702,19.5
RC_ID_RW1KBIDPEB,ID_RW1KBIDPEB,C2,信号中断/覆盖退化,服务小区覆盖距离超过 1 km，越区覆盖,检查越区覆盖，调整功率、方位角或切换边界。,-82.015,13,716.37,203.822,20
RC_ID_1RRMJ7UFSO,ID_1RRMJ7UFSO,C6,信道干扰,邻区和服务小区 PCI mod 30 相同导致干扰,重新规划 PCI，消除 PCI mod 30 冲突。,-79.226,11.551,732.02,202.32,19.5
RC_ID_6YW49FS9UX,ID_6YW49FS9UX,C6,信道干扰,邻区和服务小区 PCI mod 30 相同导致干扰,重新规划 PCI，消除 PCI mod 30 冲突。,-83.39,7.704,659.289,206.821,17.2
RC_ID_OBJSBE24JI,ID_OBJSBE24JI,C7,信号中断/覆盖退化,车速超过 40 km/h 影响吞吐,结合高速移动场景优化移动性和覆盖连续性。,-86.086,21.876,726.899,193.751,34.5
RC_ID_HO1Q0W2UE8,ID_HO1Q0W2UE8,C1,信号中断/覆盖退化,服务小区下倾角过大，远端弱覆盖,复核服务小区下倾角，优化远端覆盖。,-87.904,20.638,739.002,201.644,22.2
RC_ID_CR050ED5DO,ID_CR050ED5DO,C6,信道干扰,邻区和服务小区 PCI mod 30 相同导致干扰,重新规划 PCI，消除 PCI mod 30 冲突。,-85.747,8.596,807.296,201.357,19.1
RC_ID_OOX13PLJGQ,ID_OOX13PLJGQ,C8,带宽不足,平均调度 RB 低于 160 影响吞吐,检查 RB 调度资源，评估扩容或负载均衡。,-83.014,17.466,1000.05,168.9445,17.2
RC_ID_6N4NVVF3HI,ID_6N4NVVF3HI,C2,信号中断/覆盖退化,服务小区覆盖距离超过 1 km，越区覆盖,检查越区覆盖，调整功率、方位角或切换边界。,-81.685,7.162,639.757,205.725,15.6
RC_ID_Q0A4ZU21RV,ID_Q0A4ZU21RV,C5,基站故障,频繁切换降低性能,调整切换门限、迟滞和定时器，减少频繁切换。,-76.172,9.801,698.886,196.251,26.2
RC_ID_7NRBKDXEXY,ID_7NRBKDXEXY,C8,带宽不足,平均调度 RB 低于 160 影响吞吐,检查 RB 调度资源，评估扩容或负载均衡。,-79.061,15.24,709.568,165.24,19.4
RC_ID_QT8QVMGJ93,ID_QT8QVMGJ93,C1,信号中断/覆盖退化,服务小区下倾角过大，远端弱覆盖,复核服务小区下倾角，优化远端覆盖。,-82.056,6.048,628.547,205.43,19.4
RC_ID_97BW356B8X,ID_97BW356B8X,C2,信号中断/覆盖退化,服务小区覆盖距离超过 1 km，越区覆盖,检查越区覆盖，调整功率、方位角或切换边界。,-80.499,21.093,728.698,207.166,22.8
RC_ID_8BKNS4X9GK,ID_8BKNS4X9GK,C3,信道干扰,邻区提供更高吞吐,优化邻区关系和切换策略，降低强邻区抢占影响。,-79.303,23.928,868.976,203.783,22
RC_ID_IPUXY994OY,ID_IPUXY994OY,C5,基站故障,频繁切换降低性能,调整切换门限、迟滞和定时器，减少频繁切换。,-85.859,21.8,622.746,203.884,25.1
RC_ID_DDPP222C42,ID_DDPP222C42,C8,带宽不足,平均调度 RB 低于 160 影响吞吐,检查 RB 调度资源，评估扩容或负载均衡。,-85.311,10.097,528.365,162.0495,17.2
RC_ID_3LIZ3UVNUZ,ID_3LIZ3UVNUZ,C5,基站故障,频繁切换降低性能,调整切换门限、迟滞和定时器，减少频繁切换。,-84.56,10.856,599.701,190.33,25
RC_ID_9E4JJCAV00,ID_9E4JJCAV00,C4,信道干扰,非共站同频邻区导致严重重叠覆盖,处理同频重叠覆盖，优化频点、功率和覆盖边界。,-82.871,12.325,615.173,197.706,25.9
RC_ID_OVB0B437BM,ID_OVB0B437BM,C3,信道干扰,邻区提供更高吞吐,优化邻区关系和切换策略，降低强邻区抢占影响。,-79.903,8.477,781.887,193.861,21.7
RC_ID_FO3PRKCGWI,ID_FO3PRKCGWI,C1,信号中断/覆盖退化,服务小区下倾角过大，远端弱覆盖,复核服务小区下倾角，优化远端覆盖。,-88.608,17.967,674.332,208.236,17.7
RC_ID_1GGNI0TNSM,ID_1GGNI0TNSM,C4,信道干扰,非共站同频邻区导致严重重叠覆盖,处理同频重叠覆盖，优化频点、功率和覆盖边界。,-83.795,8.577,932.424,201.127,23.4
RC_ID_CEPVEZ8ZMZ,ID_CEPVEZ8ZMZ,C2,信号中断/覆盖退化,服务小区覆盖距离超过 1 km，越区覆盖,检查越区覆盖，调整功率、方位角或切换边界。,-85.279,20.241,816.188,203.725,19.8
RC_ID_I3160UQ5KX,ID_I3160UQ5KX,C2,信号中断/覆盖退化,服务小区覆盖距离超过 1 km，越区覆盖,检查越区覆盖，调整功率、方位角或切换边界。,-83.716,17.02,1146.496,195.157,13.9
RC_ID_C318FPVH4E,ID_C318FPVH4E,C7,信号中断/覆盖退化,车速超过 40 km/h 影响吞吐,结合高速移动场景优化移动性和覆盖连续性。,-81.653,2.989,688.67,208.543,35.9
RC_ID_E2E2EFHUM2,ID_E2E2EFHUM2,C8,带宽不足,平均调度 RB 低于 160 影响吞吐,检查 RB 调度资源，评估扩容或负载均衡。,-82.597,10.49,694.975,163.4435,18.4
RC_ID_TB0AYV90PV,ID_TB0AYV90PV,C4,信道干扰,非共站同频邻区导致严重重叠覆盖,处理同频重叠覆盖，优化频点、功率和覆盖边界。,-84.898,15.383,625.299,199.198,13.1
RC_ID_LFDIJTRD52,ID_LFDIJTRD52,C2,信号中断/覆盖退化,服务小区覆盖距离超过 1 km，越区覆盖,检查越区覆盖，调整功率、方位角或切换边界。,-81.402,7.764,690.079,200.266,17.5
RC_ID_L7MAVBLH9Q,ID_L7MAVBLH9Q,C3,信道干扰,邻区提供更高吞吐,优化邻区关系和切换策略，降低强邻区抢占影响。,-82.665,4.645,914.059,198.369,18.9
RC_ID_H8WUHK7CL7,ID_H8WUHK7CL7,C1,信号中断/覆盖退化,服务小区下倾角过大，远端弱覆盖,复核服务小区下倾角，优化远端覆盖。,-89.016,21.57,612.189,193.159,16.6
RC_ID_PPS1F8076M,ID_PPS1F8076M,C5,基站故障,频繁切换降低性能,调整切换门限、迟滞和定时器，减少频繁切换。,-83.888,8.217,666.702,210.186,16.8
RC_ID_NYCNZYW54U,ID_NYCNZYW54U,C5,基站故障,频繁切换降低性能,调整切换门限、迟滞和定时器，减少频繁切换。,-79.061,15.24,709.568,206.798,19.4
RC_ID_H8Z0ZCEO86,ID_H8Z0ZCEO86,C6,信道干扰,邻区和服务小区 PCI mod 30 相同导致干扰,重新规划 PCI，消除 PCI mod 30 冲突。,-83.437,4.12,712.502,205.222,27.2
RC_ID_KNORB3PGJP,ID_KNORB3PGJP,C1,信号中断/覆盖退化,服务小区下倾角过大，远端弱覆盖,复核服务小区下倾角，优化远端覆盖。,-83.377,23.108,957.78,189.211,18.4
RC_ID_SQI17VRX6G,ID_SQI17VRX6G,C1,信号中断/覆盖退化,服务小区下倾角过大，远端弱覆盖,复核服务小区下倾角，优化远端覆盖。,-82.251,12.26,815.971,206.711,12
RC_ID_K6SKXTOMHZ,ID_K6SKXTOMHZ,C2,信号中断/覆盖退化,服务小区覆盖距离超过 1 km，越区覆盖,检查越区覆盖，调整功率、方位角或切换边界。,-81.72,8.478,644.22,210.169,21.9
RC_ID_1RWW40GA0C,ID_1RWW40GA0C,C5,基站故障,频繁切换降低性能,调整切换门限、迟滞和定时器，减少频繁切换。,-81.542,11.217,850.051,208.43,18.5
RC_ID_1CWKWKOOEO,ID_1CWKWKOOEO,C8,带宽不足,平均调度 RB 低于 160 影响吞吐,检查 RB 调度资源，评估扩容或负载均衡。,-80.345,22.522,1080.766,168.792,18.4
RC_ID_G42Y0HBTX3,ID_G42Y0HBTX3,C3,信道干扰,邻区提供更高吞吐,优化邻区关系和切换策略，降低强邻区抢占影响。,-73.134,11.721,1099.551,209.389,20.7
RC_ID_RN4VKSGL51,ID_RN4VKSGL51,C2,信号中断/覆盖退化,服务小区覆盖距离超过 1 km，越区覆盖,检查越区覆盖，调整功率、方位角或切换边界。,-82.44,11.047,626.376,202.892,18.2
RC_ID_RJR3LJJ2NM,ID_RJR3LJJ2NM,C3,信道干扰,邻区提供更高吞吐,优化邻区关系和切换策略，降低强邻区抢占影响。,-81.822,9.889,634.488,207.671,16.9
RC_ID_55J6H1YSWT,ID_55J6H1YSWT,C7,信号中断/覆盖退化,车速超过 40 km/h 影响吞吐,结合高速移动场景优化移动性和覆盖连续性。,-83.964,7.561,648.033,201.69,34.4
RC_ID_OOA77SZ499,ID_OOA77SZ499,C6,信道干扰,邻区和服务小区 PCI mod 30 相同导致干扰,重新规划 PCI，消除 PCI mod 30 冲突。,-84.036,24.137,615.913,206.972,19.9
RC_ID_U8WP50S3DG,ID_U8WP50S3DG,C5,基站故障,频繁切换降低性能,调整切换门限、迟滞和定时器，减少频繁切换。,-83.669,6.373,570.592,205.076,15.3
RC_ID_97W25GAF9F,ID_97W25GAF9F,C1,信号中断/覆盖退化,服务小区下倾角过大，远端弱覆盖,复核服务小区下倾角，优化远端覆盖。,-90.368,27.317,765.626,210.747,25.7
RC_ID_ED39TRDL79,ID_ED39TRDL79,C6,信道干扰,邻区和服务小区 PCI mod 30 相同导致干扰,重新规划 PCI，消除 PCI mod 30 冲突。,-77.339,9.651,872.117,205.403,17.1
RC_ID_4KO7K9M8EE,ID_4KO7K9M8EE,C7,信号中断/覆盖退化,车速超过 40 km/h 影响吞吐,结合高速移动场景优化移动性和覆盖连续性。,-83.342,9.242,660.272,207.177,35.3
RC_ID_JS4NUD1M4W,ID_JS4NUD1M4W,C3,信道干扰,邻区提供更高吞吐,优化邻区关系和切换策略，降低强邻区抢占影响。,-79.977,5.046,597.125,202.529,19.1
RC_ID_CTETUHRO9S,ID_CTETUHRO9S,C8,带宽不足,平均调度 RB 低于 160 影响吞吐,检查 RB 调度资源，评估扩容或负载均衡。,-77.171,9.569,764.701,157.559,15.2
RC_ID_LOM04TXGMW,ID_LOM04TXGMW,C2,信号中断/覆盖退化,服务小区覆盖距离超过 1 km，越区覆盖,检查越区覆盖，调整功率、方位角或切换边界。,-78.423,8.525,747.947,204.725,21
RC_ID_ISV5IXCDM6,ID_ISV5IXCDM6,C3,信道干扰,邻区提供更高吞吐,优化邻区关系和切换策略，降低强邻区抢占影响。,-82.708,9.801,1001.856,209.372,14.5
RC_ID_1F73DUUMP8,ID_1F73DUUMP8,C7,信号中断/覆盖退化,车速超过 40 km/h 影响吞吐,结合高速移动场景优化移动性和覆盖连续性。,-84.839,15.557,743.725,206.474,40.3
RC_ID_UKM14SJ2NG,ID_UKM14SJ2NG,C8,带宽不足,平均调度 RB 低于 160 影响吞吐,检查 RB 调度资源，评估扩容或负载均衡。,-69.388,4.254,677.069,163.669,19.2
RC_ID_61VUQELRG3,ID_61VUQELRG3,C2,信号中断/覆盖退化,服务小区覆盖距离超过 1 km，越区覆盖,检查越区覆盖，调整功率、方位角或切换边界。,-85.972,21.353,635.785,205.182,17.5
RC_ID_FHZ542M036,ID_FHZ542M036,C2,信号中断/覆盖退化,服务小区覆盖距离超过 1 km，越区覆盖,检查越区覆盖，调整功率、方位角或切换边界。,-80.567,10.281,535.453,206.082,23.7
RC_ID_VIP7EWF9FF,ID_VIP7EWF9FF,C2,信号中断/覆盖退化,服务小区覆盖距离超过 1 km，越区覆盖,检查越区覆盖，调整功率、方位角或切换边界。,-81.227,7.168,538.815,204.449,17.3
RC_ID_Q3BZ1UXV8W,ID_Q3BZ1UXV8W,C3,信道干扰,邻区提供更高吞吐,优化邻区关系和切换策略，降低强邻区抢占影响。,-81.468,15.464,764.201,202.909,15.7
RC_ID_F99PLHU5SQ,ID_F99PLHU5SQ,C7,信号中断/覆盖退化,车速超过 40 km/h 影响吞吐,结合高速移动场景优化移动性和覆盖连续性。,-80.899,8.366,738.003,207.251,30.8
RC_ID_07A7F3KUUS,ID_07A7F3KUUS,C2,信号中断/覆盖退化,服务小区覆盖距离超过 1 km，越区覆盖,检查越区覆盖，调整功率、方位角或切换边界。,-80.886,8.559,722.925,205.991,12.3
RC_ID_G4IODD5YV4,ID_G4IODD5YV4,C4,信道干扰,非共站同频邻区导致严重重叠覆盖,处理同频重叠覆盖，优化频点、功率和覆盖边界。,-78.35,7.725,737.785,206.763,13.5
RC_ID_63CPQZT6FX,ID_63CPQZT6FX,C4,信道干扰,非共站同频邻区导致严重重叠覆盖,处理同频重叠覆盖，优化频点、功率和覆盖边界。,-85.972,15.074,930.5,210.639,19.4
RC_ID_G4NFVTAU1M,ID_G4NFVTAU1M,C7,信号中断/覆盖退化,车速超过 40 km/h 影响吞吐,结合高速移动场景优化移动性和覆盖连续性。,-82.035,8.22,742.545,203.289,35.9
RC_ID_JZT7X5Q8NG,ID_JZT7X5Q8NG,C8,带宽不足,平均调度 RB 低于 160 影响吞吐,检查 RB 调度资源，评估扩容或负载均衡。,-85.076,24.087,640.596,159.1385,16.2
RC_ID_NJOVLWH3F2,ID_NJOVLWH3F2,C5,基站故障,频繁切换降低性能,调整切换门限、迟滞和定时器，减少频繁切换。,-88.071,10.182,687.066,207.417,23.1
RC_ID_0725NM0176,ID_0725NM0176,C1,信号中断/覆盖退化,服务小区下倾角过大，远端弱覆盖,复核服务小区下倾角，优化远端覆盖。,-88.331,18.852,954.663,210.353,25.3
RC_ID_X10RAE6LLH,ID_X10RAE6LLH,C4,信道干扰,非共站同频邻区导致严重重叠覆盖,处理同频重叠覆盖，优化频点、功率和覆盖边界。,-76.305,15.716,948.51,204.202,16.6
RC_ID_OP4RB631ZB,ID_OP4RB631ZB,C2,信号中断/覆盖退化,服务小区覆盖距离超过 1 km，越区覆盖,检查越区覆盖，调整功率、方位角或切换边界。,-87.336,11.013,607.53,205.471,20.5
RC_ID_VYDDMES832,ID_VYDDMES832,C1,信号中断/覆盖退化,服务小区下倾角过大，远端弱覆盖,复核服务小区下倾角，优化远端覆盖。,-88.311,10.097,528.365,202.627,17.2
RC_ID_0MP10AJUGS,ID_0MP10AJUGS,C2,信号中断/覆盖退化,服务小区覆盖距离超过 1 km，越区覆盖,检查越区覆盖，调整功率、方位角或切换边界。,-84.091,9.735,679.293,210.298,12.2
RC_ID_N88B6CI4MD,ID_N88B6CI4MD,C2,信号中断/覆盖退化,服务小区覆盖距离超过 1 km，越区覆盖,检查越区覆盖，调整功率、方位角或切换边界。,-81.996,5.849,1000.626,207.458,16.9
RC_ID_AE9VSROK07,ID_AE9VSROK07,C1,信号中断/覆盖退化,服务小区下倾角过大，远端弱覆盖,复核服务小区下倾角，优化远端覆盖。,-84.639,10.587,729.278,205.841,23.7
RC_ID_TMCMAZJB5O,ID_TMCMAZJB5O,C7,信号中断/覆盖退化,车速超过 40 km/h 影响吞吐,结合高速移动场景优化移动性和覆盖连续性。,-84.831,18.852,954.663,210.353,41.3
RC_ID_M8OV37IY3W,ID_M8OV37IY3W,C7,信号中断/覆盖退化,车速超过 40 km/h 影响吞吐,结合高速移动场景优化移动性和覆盖连续性。,-83.7,3.874,608.809,207.216,39.5
RC_ID_3XA0B88CVN,ID_3XA0B88CVN,C5,基站故障,频繁切换降低性能,调整切换门限、迟滞和定时器，减少频繁切换。,-81.402,7.764,690.079,200.266,17.5
RC_ID_HOBJI9JDTQ,ID_HOBJI9JDTQ,C1,信号中断/覆盖退化,服务小区下倾角过大，远端弱覆盖,复核服务小区下倾角，优化远端覆盖。,-85.856,6.631,562.645,204.191,16.3
RC_ID_CUXUJIHAAP,ID_CUXUJIHAAP,C5,基站故障,频繁切换降低性能,调整切换门限、迟滞和定时器，减少频繁切换。,-81.372,8.922,657.052,208.385,20.1
RC_ID_EY542AMPBB,ID_EY542AMPBB,C3,信道干扰,邻区提供更高吞吐,优化邻区关系和切换策略，降低强邻区抢占影响。,-84.079,4.405,798.912,198.528,15.5
RC_ID_BMFDUSA050,ID_BMFDUSA050,C7,信号中断/覆盖退化,车速超过 40 km/h 影响吞吐,结合高速移动场景优化移动性和覆盖连续性。,-85.921,15.846,975.547,211.006,39.5
RC_ID_4MRKD2XZZL,ID_4MRKD2XZZL,C2,信号中断/覆盖退化,服务小区覆盖距离超过 1 km，越区覆盖,检查越区覆盖，调整功率、方位角或切换边界。,-86.404,20.638,739.002,201.644,22.2
RC_ID_JSXWM6JS76,ID_JSXWM6JS76,C8,带宽不足,平均调度 RB 低于 160 影响吞吐,检查 RB 调度资源，评估扩容或负载均衡。,-87.302,14.041,1081.132,168.837,20.1
RC_ID_KZ67Y2UMEX,ID_KZ67Y2UMEX,C4,信道干扰,非共站同频邻区导致严重重叠覆盖,处理同频重叠覆盖，优化频点、功率和覆盖边界。,-83.777,11.533,802.582,200.798,14.8
RC_ID_SOU77K10UU,ID_SOU77K10UU,C2,信号中断/覆盖退化,服务小区覆盖距离超过 1 km，越区覆盖,检查越区覆盖，调整功率、方位角或切换边界。,-86.484,20.926,601.206,197.562,15.1
RC_ID_XHX23XJB0V,ID_XHX23XJB0V,C5,基站故障,频繁切换降低性能,调整切换门限、迟滞和定时器，减少频繁切换。,-85.944,6.208,610.361,200.011,22.8
RC_ID_9ASTU0NUC2,ID_9ASTU0NUC2,C1,信号中断/覆盖退化,服务小区下倾角过大，远端弱覆盖,复核服务小区下倾角，优化远端覆盖。,-88.453,12.433,1019.289,210.815,21.2
RC_ID_UQ4AKZNGFS,ID_UQ4AKZNGFS,C2,信号中断/覆盖退化,服务小区覆盖距离超过 1 km，越区覆盖,检查越区覆盖，调整功率、方位角或切换边界。,-80.307,4.617,695.162,204.344,20
RC_ID_1B6SFLZBSM,ID_1B6SFLZBSM,C2,信号中断/覆盖退化,服务小区覆盖距离超过 1 km，越区覆盖,检查越区覆盖，调整功率、方位角或切换边界。,-84.522,7.411,1112.746,208.063,20.3
RC_ID_SVGIIEKDRX,ID_SVGIIEKDRX,C7,信号中断/覆盖退化,车速超过 40 km/h 影响吞吐,结合高速移动场景优化移动性和覆盖连续性。,-77.771,18.54,791.153,205.882,40.4
RC_ID_KGGU3M6I5A,ID_KGGU3M6I5A,C1,信号中断/覆盖退化,服务小区下倾角过大，远端弱覆盖,复核服务小区下倾角，优化远端覆盖。,-87.417,22.07,728.211,202.175,19.2
RC_ID_KPI59VTMOA,ID_KPI59VTMOA,C7,信号中断/覆盖退化,车速超过 40 km/h 影响吞吐,结合高速移动场景优化移动性和覆盖连续性。,-81.69,12.057,740.029,210.15,38.3
RC_ID_4RX7HP87FC,ID_4RX7HP87FC,C8,带宽不足,平均调度 RB 低于 160 影响吞吐,检查 RB 调度资源，评估扩容或负载均衡。,-84.865,12.349,527.804,160.1395,11.7
RC_ID_78SRPQ2QN2,ID_78SRPQ2QN2,C6,信道干扰,邻区和服务小区 PCI mod 30 相同导致干扰,重新规划 PCI，消除 PCI mod 30 冲突。,-83.585,3.117,634.395,209.01,14.2
RC_ID_WME2O2A3JW,ID_WME2O2A3JW,C3,信道干扰,邻区提供更高吞吐,优化邻区关系和切换策略，降低强邻区抢占影响。,-80.13,9.061,678.666,207.499,20.1
RC_ID_W1KITCNUB3,ID_W1KITCNUB3,C4,信道干扰,非共站同频邻区导致严重重叠覆盖,处理同频重叠覆盖，优化频点、功率和覆盖边界。,-76.93,2.42,654.077,203.041,25.4
RC_ID_DEY6T2TEQQ,ID_DEY6T2TEQQ,C2,信号中断/覆盖退化,服务小区覆盖距离超过 1 km，越区覆盖,检查越区覆盖，调整功率、方位角或切换边界。,-83.107,11.405,852.806,208.129,22.2
RC_ID_HYP2GEUOG0,ID_HYP2GEUOG0,C6,信道干扰,邻区和服务小区 PCI mod 30 相同导致干扰,重新规划 PCI，消除 PCI mod 30 冲突。,-85.972,21.353,635.785,205.182,17.5
RC_ID_IXZQMU78MO,ID_IXZQMU78MO,C4,信道干扰,非共站同频邻区导致严重重叠覆盖,处理同频重叠覆盖，优化频点、功率和覆盖边界。,-80.049,12.104,795.85,207.918,21.7
RC_ID_6XQ67Y5938,ID_6XQ67Y5938,C4,信道干扰,非共站同频邻区导致严重重叠覆盖,处理同频重叠覆盖，优化频点、功率和覆盖边界。,-79.887,4.802,674.8,196.691,16.7
RC_ID_XSILFMTML1,ID_XSILFMTML1,C8,带宽不足,平均调度 RB 低于 160 影响吞吐,检查 RB 调度资源，评估扩容或负载均衡。,-82.5,2.396,651.305,161.8165,23.6
RC_ID_3AOVIHQ4C5,ID_3AOVIHQ4C5,C4,信道干扰,非共站同频邻区导致严重重叠覆盖,处理同频重叠覆盖，优化频点、功率和覆盖边界。,-84.033,14.453,583.432,210.939,19.8
RC_ID_H641ICQ2AI,ID_H641ICQ2AI,C7,信号中断/覆盖退化,车速超过 40 km/h 影响吞吐,结合高速移动场景优化移动性和覆盖连续性。,-84.052,22.247,737.455,208.139,39.8
RC_ID_0QC619B4Q2,ID_0QC619B4Q2,C5,基站故障,频繁切换降低性能,调整切换门限、迟滞和定时器，减少频繁切换。,-84.745,6.384,730.106,206.293,19.1
RC_ID_95RIN53U8T,ID_95RIN53U8T,C4,信道干扰,非共站同频邻区导致严重重叠覆盖,处理同频重叠覆盖，优化频点、功率和覆盖边界。,-75.719,8.157,539.83,204.07,19.3
RC_ID_N0KZ1NX9ZA,ID_N0KZ1NX9ZA,C1,信号中断/覆盖退化,服务小区下倾角过大，远端弱覆盖,复核服务小区下倾角，优化远端覆盖。,-88.253,11.892,619.079,204.819,24.7
RC_ID_RQNIUM9S7T,ID_RQNIUM9S7T,C8,带宽不足,平均调度 RB 低于 160 影响吞吐,检查 RB 调度资源，评估扩容或负载均衡。,-83.859,21.027,861.719,161.602,17
RC_ID_ZGXBA03XV5,ID_ZGXBA03XV5,C1,信号中断/覆盖退化,服务小区下倾角过大，远端弱覆盖,复核服务小区下倾角，优化远端覆盖。,-82.298,13.488,685.832,205.456,18.3
RC_ID_XX736OHOTL,ID_XX736OHOTL,C6,信道干扰,邻区和服务小区 PCI mod 30 相同导致干扰,重新规划 PCI，消除 PCI mod 30 冲突。,-78.35,7.725,737.785,206.763,13.5
RC_ID_FVKBMS26ZL,ID_FVKBMS26ZL,C3,信道干扰,邻区提供更高吞吐,优化邻区关系和切换策略，降低强邻区抢占影响。,-85.972,15.074,970.5,210.639,19.4
RC_ID_BRK4IL09QH,ID_BRK4IL09QH,C3,信道干扰,邻区提供更高吞吐,优化邻区关系和切换策略，降低强邻区抢占影响。,-87.302,24.238,692.083,204.633,19.7
RC_ID_0RG90MBTBF,ID_0RG90MBTBF,C5,基站故障,频繁切换降低性能,调整切换门限、迟滞和定时器，减少频繁切换。,-84.395,8.788,926.541,209.127,19.9
RC_ID_CSDP1KQKCP,ID_CSDP1KQKCP,C2,信号中断/覆盖退化,服务小区覆盖距离超过 1 km，越区覆盖,检查越区覆盖，调整功率、方位角或切换边界。,-79.226,11.551,732.02,202.32,19.5
RC_ID_ZXBTPIO1BU,ID_ZXBTPIO1BU,C5,基站故障,频繁切换降低性能,调整切换门限、迟滞和定时器，减少频繁切换。,-73.564,23.042,1157.858,210.818,15.8
RC_ID_Z9J24SMKUV,ID_Z9J24SMKUV,C1,信号中断/覆盖退化,服务小区下倾角过大，远端弱覆盖,复核服务小区下倾角，优化远端覆盖。,-88.701,26.091,1034.038,207.945,17.3
RC_ID_HU3UUJOVNU,ID_HU3UUJOVNU,C6,信道干扰,邻区和服务小区 PCI mod 30 相同导致干扰,重新规划 PCI，消除 PCI mod 30 冲突。,-80.499,21.093,728.698,207.166,22.8
RC_ID_N7VY4WYAGD,ID_N7VY4WYAGD,C8,带宽不足,平均调度 RB 低于 160 影响吞吐,检查 RB 调度资源，评估扩容或负载均衡。,-83.848,13.263,822.625,168.1285,20
RC_ID_I2FMZ06LVP,ID_I2FMZ06LVP,C2,信号中断/覆盖退化,服务小区覆盖距离超过 1 km，越区覆盖,检查越区覆盖，调整功率、方位角或切换边界。,-84.395,8.788,926.541,209.127,19.9
RC_ID_AOVVF2JN6I,ID_AOVVF2JN6I,C5,基站故障,频繁切换降低性能,调整切换门限、迟滞和定时器，减少频繁切换。,-86.666,24.717,684.066,204.859,16.7
RC_ID_2KSF6QTS3I,ID_2KSF6QTS3I,C6,信道干扰,邻区和服务小区 PCI mod 30 相同导致干扰,重新规划 PCI，消除 PCI mod 30 冲突。,-85.889,22.399,634.862,198.663,18.2
RC_ID_WXW70DGSXQ,ID_WXW70DGSXQ,C4,信道干扰,非共站同频邻区导致严重重叠覆盖,处理同频重叠覆盖，优化频点、功率和覆盖边界。,-84.998,10.698,921.43,207.86,15.8
RC_ID_XHSCFNCI0V,ID_XHSCFNCI0V,C2,信号中断/覆盖退化,服务小区覆盖距离超过 1 km，越区覆盖,检查越区覆盖，调整功率、方位角或切换边界。,-87.196,10.312,739.015,182.624,26.3
RC_ID_ZR9RO4GT3I,ID_ZR9RO4GT3I,C3,信道干扰,邻区提供更高吞吐,优化邻区关系和切换策略，降低强邻区抢占影响。,-84.839,15.557,783.725,206.474,24.3
RC_ID_L33SYGR048,ID_L33SYGR048,C8,带宽不足,平均调度 RB 低于 160 影响吞吐,检查 RB 调度资源，评估扩容或负载均衡。,-80.496,4.771,553.159,155.9775,19.5
RC_ID_EW542JQG27,ID_EW542JQG27,C3,信道干扰,邻区提供更高吞吐,优化邻区关系和切换策略，降低强邻区抢占影响。,-87.465,9.302,711.507,191.364,19.4
RC_ID_JUPM8UGFSA,ID_JUPM8UGFSA,C7,信号中断/覆盖退化,车速超过 40 km/h 影响吞吐,结合高速移动场景优化移动性和覆盖连续性。,-79.556,6.048,628.547,205.43,35.4
RC_ID_P07LR830G7,ID_P07LR830G7,C3,信道干扰,邻区提供更高吞吐,优化邻区关系和切换策略，降低强邻区抢占影响。,-84.052,22.247,777.455,208.139,23.8
RC_ID_VYPSG2JP63,ID_VYPSG2JP63,C5,基站故障,频繁切换降低性能,调整切换门限、迟滞和定时器，减少频繁切换。,-83.876,7.123,624.92,204.915,25.5
RC_ID_YFVYVCYZA9,ID_YFVYVCYZA9,C7,信号中断/覆盖退化,车速超过 40 km/h 影响吞吐,结合高速移动场景优化移动性和覆盖连续性。,-84.1,5.853,658.36,207.149,29.6
RC_ID_J5T6COYGHE,ID_J5T6COYGHE,C7,信号中断/覆盖退化,车速超过 40 km/h 影响吞吐,结合高速移动场景优化移动性和覆盖连续性。,-87.088,2.31,708.896,207.843,39.6
RC_ID_U04RE6KPO2,ID_U04RE6KPO2,C3,信道干扰,邻区提供更高吞吐,优化邻区关系和切换策略，降低强邻区抢占影响。,-74.832,1.565,662.835,195.487,25.8
RC_ID_WUEII3BT74,ID_WUEII3BT74,C4,信道干扰,非共站同频邻区导致严重重叠覆盖,处理同频重叠覆盖，优化频点、功率和覆盖边界。,-86.968,24.967,660.17,207.55,13
RC_ID_E3YL4MOSU7,ID_E3YL4MOSU7,C2,信号中断/覆盖退化,服务小区覆盖距离超过 1 km，越区覆盖,检查越区覆盖，调整功率、方位角或切换边界。,-82.409,2.243,761.56,206.135,19.7
RC_ID_07MMM94PAN,ID_07MMM94PAN,C2,信号中断/覆盖退化,服务小区覆盖距离超过 1 km，越区覆盖,检查越区覆盖，调整功率、方位角或切换边界。,-84.255,1.336,998.98,202.621,17.5
RC_ID_XHRXV2GGGH,ID_XHRXV2GGGH,C6,信道干扰,邻区和服务小区 PCI mod 30 相同导致干扰,重新规划 PCI，消除 PCI mod 30 冲突。,-80.496,4.771,553.159,196.343,19.5
RC_ID_RH0BX84OWL,ID_RH0BX84OWL,C1,信号中断/覆盖退化,服务小区下倾角过大，远端弱覆盖,复核服务小区下倾角，优化远端覆盖。,-84.836,4.393,749.774,209.254,14.3
RC_ID_ERNLKK59FV,ID_ERNLKK59FV,C4,信道干扰,非共站同频邻区导致严重重叠覆盖,处理同频重叠覆盖，优化频点、功率和覆盖边界。,-77.452,20.731,888.929,210.606,14.5
RC_ID_PQOTN2FY8S,ID_PQOTN2FY8S,C3,信道干扰,邻区提供更高吞吐,优化邻区关系和切换策略，降低强邻区抢占影响。,-85.747,8.596,847.296,201.357,19.1
RC_ID_KQN9Y1WSLU,ID_KQN9Y1WSLU,C6,信道干扰,邻区和服务小区 PCI mod 30 相同导致干扰,重新规划 PCI，消除 PCI mod 30 冲突。,-78.453,7.618,832.21,207.326,25.8
RC_ID_9F82TRV8X9,ID_9F82TRV8X9,C2,信号中断/覆盖退化,服务小区覆盖距离超过 1 km，越区覆盖,检查越区覆盖，调整功率、方位角或切换边界。,-86.729,20.277,880.191,210.098,22.4
RC_ID_5GD28FTWJ7,ID_5GD28FTWJ7,C8,带宽不足,平均调度 RB 低于 160 影响吞吐,检查 RB 调度资源，评估扩容或负载均衡。,-80.145,8.104,605.136,162.961,13.1
RC_ID_DPBOPAFDJ8,ID_DPBOPAFDJ8,C7,信号中断/覆盖退化,车速超过 40 km/h 影响吞吐,结合高速移动场景优化移动性和覆盖连续性。,-82.871,12.325,615.173,197.706,41.9
RC_ID_I7HJ2T0XFX,ID_I7HJ2T0XFX,C2,信号中断/覆盖退化,服务小区覆盖距离超过 1 km，越区覆盖,检查越区覆盖，调整功率、方位角或切换边界。,-85.076,24.087,640.596,197.24,16.2
RC_ID_EVGWWE5IP9,ID_EVGWWE5IP9,C5,基站故障,频繁切换降低性能,调整切换门限、迟滞和定时器，减少频繁切换。,-77.171,9.569,764.701,195.233,15.2
RC_ID_U91VAI7M2T,ID_U91VAI7M2T,C3,信道干扰,邻区提供更高吞吐,优化邻区关系和切换策略，降低强邻区抢占影响。,-80.714,9.854,673.787,203.575,21.6
RC_ID_ZCQYINJSLQ,ID_ZCQYINJSLQ,C7,信号中断/覆盖退化,车速超过 40 km/h 影响吞吐,结合高速移动场景优化移动性和覆盖连续性。,-85.859,21.8,622.746,203.884,41.1
RC_ID_7VKM9IB23H,ID_7VKM9IB23H,C7,信号中断/覆盖退化,车速超过 40 km/h 影响吞吐,结合高速移动场景优化移动性和覆盖连续性。,-84.898,15.383,625.299,199.198,29.1
RC_ID_TZZKJFM6V9,ID_TZZKJFM6V9,C3,信道干扰,邻区提供更高吞吐,优化邻区关系和切换策略，降低强邻区抢占影响。,-80.798,13.488,725.832,205.456,18.3
RC_ID_XJ3AWJI36F,ID_XJ3AWJI36F,C5,基站故障,频繁切换降低性能,调整切换门限、迟滞和定时器，减少频繁切换。,-81.238,19.812,732.035,210.848,19.6
RC_ID_NM7UHUQDWC,ID_NM7UHUQDWC,C2,信号中断/覆盖退化,服务小区覆盖距离超过 1 km，越区覆盖,检查越区覆盖，调整功率、方位角或切换边界。,-83.036,20.231,810.476,202.603,19.8
RC_ID_P36TFLTD1J,ID_P36TFLTD1J,C2,信号中断/覆盖退化,服务小区覆盖距离超过 1 km，越区覆盖,检查越区覆盖，调整功率、方位角或切换边界。,-83.808,6.262,710.642,205.221,20.8
RC_ID_HIOB3KSZVJ,ID_HIOB3KSZVJ,C7,信号中断/覆盖退化,车速超过 40 km/h 影响吞吐,结合高速移动场景优化移动性和覆盖连续性。,-79.541,10.227,730.398,204.93,37.9
RC_ID_CJ2ZAWR0CB,ID_CJ2ZAWR0CB,C1,信号中断/覆盖退化,服务小区下倾角过大，远端弱覆盖,复核服务小区下倾角，优化远端覆盖。,-85.471,10.513,652.939,195.005,16.8
RC_ID_ILMWI7IKIA,ID_ILMWI7IKIA,C1,信号中断/覆盖退化,服务小区下倾角过大，远端弱覆盖,复核服务小区下倾角，优化远端覆盖。,-88.884,10.13,836.558,204.144,24
RC_ID_85FD5RZI3X,ID_85FD5RZI3X,C8,带宽不足,平均调度 RB 低于 160 影响吞吐,检查 RB 调度资源，评估扩容或负载均衡。,-79.07,4.512,614.549,167.3,25.5
RC_ID_L6FH13BTNH,ID_L6FH13BTNH,C3,信道干扰,邻区提供更高吞吐,优化邻区关系和切换策略，降低强邻区抢占影响。,-85.401,9.153,1060.406,208.875,20.1
RC_ID_U8ZGCBY2BW,ID_U8ZGCBY2BW,C7,信号中断/覆盖退化,车速超过 40 km/h 影响吞吐,结合高速移动场景优化移动性和覆盖连续性。,-84.998,10.698,921.43,207.86,31.8
RC_ID_PQ75Q549QW,ID_PQ75Q549QW,C4,信道干扰,非共站同频邻区导致严重重叠覆盖,处理同频重叠覆盖，优化频点、功率和覆盖边界。,-75.912,7.647,836.87,207.376,20.5
RC_ID_TQWT2L0CEV,ID_TQWT2L0CEV,C3,信道干扰,邻区提供更高吞吐,优化邻区关系和切换策略，降低强邻区抢占影响。,-86.086,21.876,766.899,193.751,18.5
RC_ID_HMYS0UK83M,ID_HMYS0UK83M,C2,信号中断/覆盖退化,服务小区覆盖距离超过 1 km，越区覆盖,检查越区覆盖，调整功率、方位角或切换边界。,-78.596,10.274,976.798,208.951,27.6
RC_ID_CA5PBOQVZH,ID_CA5PBOQVZH,C5,基站故障,频繁切换降低性能,调整切换门限、迟滞和定时器，减少频繁切换。,-81.754,3.819,622.025,206.014,18.2
RC_ID_5OO0R5YVJR,ID_5OO0R5YVJR,C3,信道干扰,邻区提供更高吞吐,优化邻区关系和切换策略，降低强邻区抢占影响。,-86.877,2.536,623.088,202.453,19.1
RC_ID_PNTNCJA5WG,ID_PNTNCJA5WG,C3,信道干扰,邻区提供更高吞吐,优化邻区关系和切换策略，降低强邻区抢占影响。,-87.842,24.877,632.213,200.214,20.7
RC_ID_UMK1URRVE6,ID_UMK1URRVE6,C4,信道干扰,非共站同频邻区导致严重重叠覆盖,处理同频重叠覆盖，优化频点、功率和覆盖边界。,-83.671,14.049,609.589,201.5,21.3
RC_ID_2H1P77Y705,ID_2H1P77Y705,C3,信道干扰,邻区提供更高吞吐,优化邻区关系和切换策略，降低强邻区抢占影响。,-86.318,21.079,623.29,202.937,16.8
RC_ID_KA1XFTUYJK,ID_KA1XFTUYJK,C2,信号中断/覆盖退化,服务小区覆盖距离超过 1 km，越区覆盖,检查越区覆盖，调整功率、方位角或切换边界。,-80.049,12.104,795.85,207.918,21.7
RC_ID_YDPGKK6TCR,ID_YDPGKK6TCR,C4,信道干扰,非共站同频邻区导致严重重叠覆盖,处理同频重叠覆盖，优化频点、功率和覆盖边界。,-79.061,15.24,709.568,206.798,19.4
RC_ID_EJPHO2FNYH,ID_EJPHO2FNYH,C2,信号中断/覆盖退化,服务小区覆盖距离超过 1 km，越区覆盖,检查越区覆盖，调整功率、方位角或切换边界。,-85.166,12.788,545.469,199.645,19
RC_ID_L9GOARRY09,ID_L9GOARRY09,C8,带宽不足,平均调度 RB 低于 160 影响吞吐,检查 RB 调度资源，评估扩容或负载均衡。,-75.719,8.157,539.83,163.6095,19.3
RC_ID_76FTU1BOZ5,ID_76FTU1BOZ5,C7,信号中断/覆盖退化,车速超过 40 km/h 影响吞吐,结合高速移动场景优化移动性和覆盖连续性。,-81.881,13.581,690.047,203.066,41.4
RC_ID_E4237PY0OQ,ID_E4237PY0OQ,C8,带宽不足,平均调度 RB 低于 160 影响吞吐,检查 RB 调度资源，评估扩容或负载均衡。,-85.709,8.858,814.012,166.555,15.4
RC_ID_5J45V4T2UL,ID_5J45V4T2UL,C3,信道干扰,邻区提供更高吞吐,优化邻区关系和切换策略，降低强邻区抢占影响。,-80.482,10.324,918.543,195.344,17.5
RC_ID_XY9CTXUN2K,ID_XY9CTXUN2K,C8,带宽不足,平均调度 RB 低于 160 影响吞吐,检查 RB 调度资源，评估扩容或负载均衡。,-81.623,12.084,671.52,154.504,16.9
RC_ID_Y8CGARQBIU,ID_Y8CGARQBIU,C4,信道干扰,非共站同频邻区导致严重重叠覆盖,处理同频重叠覆盖，优化频点、功率和覆盖边界。,-76.193,11.341,680.918,205.123,23.1
RC_ID_98GFOR2ECZ,ID_98GFOR2ECZ,C6,信道干扰,邻区和服务小区 PCI mod 30 相同导致干扰,重新规划 PCI，消除 PCI mod 30 冲突。,-80.307,4.617,695.162,204.344,20
RC_ID_A7PV5944U9,ID_A7PV5944U9,C7,信号中断/覆盖退化,车速超过 40 km/h 影响吞吐,结合高速移动场景优化移动性和覆盖连续性。,-77.171,9.569,764.701,195.233,31.2
RC_ID_DF1MIWGB0S,ID_DF1MIWGB0S,C1,信号中断/覆盖退化,服务小区下倾角过大，远端弱覆盖,复核服务小区下倾角，优化远端覆盖。,-85.153,2.989,688.67,208.543,19.9
RC_ID_2MM0A3CCRC,ID_2MM0A3CCRC,C6,信道干扰,邻区和服务小区 PCI mod 30 相同导致干扰,重新规划 PCI，消除 PCI mod 30 冲突。,-76.93,2.42,654.077,203.041,25.4
RC_ID_JHNWMA9G3K,ID_JHNWMA9G3K,C7,信号中断/覆盖退化,车速超过 40 km/h 影响吞吐,结合高速移动场景优化移动性和覆盖连续性。,-86.943,24.963,553.339,202.133,36.9
RC_ID_N1VH0WJ4V4,ID_N1VH0WJ4V4,C1,信号中断/覆盖退化,服务小区下倾角过大，远端弱覆盖,复核服务小区下倾角，优化远端覆盖。,-80.544,3.404,595.219,192.578,18.8
RC_ID_V4Z69YCIRH,ID_V4Z69YCIRH,C2,信号中断/覆盖退化,服务小区覆盖距离超过 1 km，越区覆盖,检查越区覆盖，调整功率、方位角或切换边界。,-87.328,20.356,600.418,195.456,22.7
RC_ID_RHG09D70EH,ID_RHG09D70EH,C6,信道干扰,邻区和服务小区 PCI mod 30 相同导致干扰,重新规划 PCI，消除 PCI mod 30 冲突。,-83.7,3.874,608.809,207.216,23.5
RC_ID_342ZUUDBT6,ID_342ZUUDBT6,C5,基站故障,频繁切换降低性能,调整切换门限、迟滞和定时器，减少频繁切换。,-82.616,14.637,670.465,205.601,10.6
RC_ID_1F5RD7WB13,ID_1F5RD7WB13,C4,信道干扰,非共站同频邻区导致严重重叠覆盖,处理同频重叠覆盖，优化频点、功率和覆盖边界。,-78.453,7.618,832.21,207.326,25.8
RC_ID_0XARVOKBMI,ID_0XARVOKBMI,C2,信号中断/覆盖退化,服务小区覆盖距离超过 1 km，越区覆盖,检查越区覆盖，调整功率、方位角或切换边界。,-75.696,6.118,698.528,205.135,21.6
RC_ID_TE66RJXE5Q,ID_TE66RJXE5Q,C1,信号中断/覆盖退化,服务小区下倾角过大，远端弱覆盖,复核服务小区下倾角，优化远端覆盖。,-81.453,7.618,832.21,207.326,25.8
RC_ID_J487JNXX2K,ID_J487JNXX2K,C4,信道干扰,非共站同频邻区导致严重重叠覆盖,处理同频重叠覆盖，优化频点、功率和覆盖边界。,-85.143,18.521,936.238,207.054,24.6
RC_ID_821K09W3WJ,ID_821K09W3WJ,C7,信号中断/覆盖退化,车速超过 40 km/h 影响吞吐,结合高速移动场景优化移动性和覆盖连续性。,-85.083,5.739,636.654,187.114,35.7
RC_ID_YS9NZ8HI1B,ID_YS9NZ8HI1B,C3,信道干扰,邻区提供更高吞吐,优化邻区关系和切换策略，降低强邻区抢占影响。,-82.46,9.148,681.175,206.565,23.7
RC_ID_JGLYWQ9J5G,ID_JGLYWQ9J5G,C1,信号中断/覆盖退化,服务小区下倾角过大，远端弱覆盖,复核服务小区下倾角，优化远端覆盖。,-86.848,13.263,822.625,210.216,20
RC_ID_NTD5B20BTH,ID_NTD5B20BTH,C1,信号中断/覆盖退化,服务小区下倾角过大，远端弱覆盖,复核服务小区下倾角，优化远端覆盖。,-89.472,21.353,635.785,205.182,17.5
RC_ID_7UIBWER9KV,ID_7UIBWER9KV,C3,信道干扰,邻区提供更高吞吐,优化邻区关系和切换策略，降低强邻区抢占影响。,-85.248,-2.708,704.175,205.828,24.8
RC_ID_82PMTEN9UU,ID_82PMTEN9UU,C3,信道干扰,邻区提供更高吞吐,优化邻区关系和切换策略，降低强邻区抢占影响。,-81.402,7.764,730.079,200.266,17.5
RC_ID_1LV55I2NQW,ID_1LV55I2NQW,C3,信道干扰,邻区提供更高吞吐,优化邻区关系和切换策略，降低强邻区抢占影响。,-82.192,5.776,838.331,210.689,19.9
RC_ID_YDEGASKIP5,ID_YDEGASKIP5,C1,信号中断/覆盖退化,服务小区下倾角过大，远端弱覆盖,复核服务小区下倾角，优化远端覆盖。,-87.6,5.853,658.36,207.149,13.6
RC_ID_V9H9RTVMVP,ID_V9H9RTVMVP,C2,信号中断/覆盖退化,服务小区覆盖距离超过 1 km，越区覆盖,检查越区覆盖，调整功率、方位角或切换边界。,-81.319,9.228,716.488,206.208,16.6
RC_ID_Q3M6OMAZ6K,ID_Q3M6OMAZ6K,C5,基站故障,频繁切换降低性能,调整切换门限、迟滞和定时器，减少频繁切换。,-75.696,6.118,698.528,205.135,21.6
RC_ID_OF3ET2VUMK,ID_OF3ET2VUMK,C2,信号中断/覆盖退化,服务小区覆盖距离超过 1 km，越区覆盖,检查越区覆盖，调整功率、方位角或切换边界。,-80.603,4.657,717.765,205.052,14.5
RC_ID_5LB71IGF8X,ID_5LB71IGF8X,C5,基站故障,频繁切换降低性能,调整切换门限、迟滞和定时器，减少频繁切换。,-77.452,20.731,888.929,210.606,14.5
RC_ID_QL7XN9VLTE,ID_QL7XN9VLTE,C2,信号中断/覆盖退化,服务小区覆盖距离超过 1 km，越区覆盖,检查越区覆盖，调整功率、方位角或切换边界。,-86.746,22.327,644.153,202.719,21.1
RC_ID_5WZ86BEFTD,ID_5WZ86BEFTD,C5,基站故障,频繁切换降低性能,调整切换门限、迟滞和定时器，减少频繁切换。,-83.39,7.704,659.289,206.821,17.2
RC_ID_L72QAQBHL5,ID_L72QAQBHL5,C4,信道干扰,非共站同频邻区导致严重重叠覆盖,处理同频重叠覆盖，优化频点、功率和覆盖边界。,-87.28,24.689,607.998,201.457,16.7
RC_ID_LPNJCWEW9K,ID_LPNJCWEW9K,C7,信号中断/覆盖退化,车速超过 40 km/h 影响吞吐,结合高速移动场景优化移动性和覆盖连续性。,-82.858,17.125,677.899,196.54,33.1
RC_ID_WJR6B2ALUG,ID_WJR6B2ALUG,C8,带宽不足,平均调度 RB 低于 160 影响吞吐,检查 RB 调度资源，评估扩容或负载均衡。,-83.24,6.764,688.26,164.265,23.3
RC_ID_YW1NY8DIM7,ID_YW1NY8DIM7,C2,信号中断/覆盖退化,服务小区覆盖距离超过 1 km，越区覆盖,检查越区覆盖，调整功率、方位角或切换边界。,-83.876,7.123,624.92,204.915,25.5
RC_ID_2UYI0F6GVZ,ID_2UYI0F6GVZ,C3,信道干扰,邻区提供更高吞吐,优化邻区关系和切换策略，降低强邻区抢占影响。,-80.71,17.926,980.028,203.97,20
RC_ID_V4B7KXG34W,ID_V4B7KXG34W,C2,信号中断/覆盖退化,服务小区覆盖距离超过 1 km，越区覆盖,检查越区覆盖，调整功率、方位角或切换边界。,-80.377,23.108,957.78,189.211,18.4
RC_ID_D29HXLODI7,ID_D29HXLODI7,C6,信道干扰,邻区和服务小区 PCI mod 30 相同导致干扰,重新规划 PCI，消除 PCI mod 30 冲突。,-81.238,19.812,732.035,210.848,19.6
RC_ID_YOPXHOGOBC,ID_YOPXHOGOBC,C3,信道干扰,邻区提供更高吞吐,优化邻区关系和切换策略，降低强邻区抢占影响。,-83.777,11.533,842.582,200.798,14.8
RC_ID_857RWSOAER,ID_857RWSOAER,C6,信道干扰,邻区和服务小区 PCI mod 30 相同导致干扰,重新规划 PCI，消除 PCI mod 30 冲突。,-82.871,12.325,615.173,197.706,25.9
RC_ID_NSBMVDY5T5,ID_NSBMVDY5T5,C3,信道干扰,邻区提供更高吞吐,优化邻区关系和切换策略，降低强邻区抢占影响。,-76.182,2.04,773.844,201.88,23.2
RC_ID_E7N32R6616,ID_E7N32R6616,C8,带宽不足,平均调度 RB 低于 160 影响吞吐,检查 RB 调度资源，评估扩容或负载均衡。,-82.135,7.503,608.458,162.757,18
RC_ID_153WBMNG6O,ID_153WBMNG6O,C3,信道干扰,邻区提供更高吞吐,优化邻区关系和切换策略，降低强邻区抢占影响。,-83.876,7.123,664.92,204.915,25.5
RC_ID_SXQ74BXD0H,ID_SXQ74BXD0H,C3,信道干扰,邻区提供更高吞吐,优化邻区关系和切换策略，降低强邻区抢占影响。,-82.106,2.243,642.226,204.239,16.9
RC_ID_J63DOGGUQH,ID_J63DOGGUQH,C1,信号中断/覆盖退化,服务小区下倾角过大，远端弱覆盖,复核服务小区下倾角，优化远端覆盖。,-82.13,9.061,638.666,207.499,20.1
RC_ID_NH117HEV5R,ID_NH117HEV5R,C3,信道干扰,邻区提供更高吞吐,优化邻区关系和切换策略，降低强邻区抢占影响。,-84.652,9.847,760.851,206.402,20.9
RC_ID_BJBFEDFRGV,ID_BJBFEDFRGV,C1,信号中断/覆盖退化,服务小区下倾角过大，远端弱覆盖,复核服务小区下倾角，优化远端覆盖。,-85.322,9.889,594.488,207.671,16.9
RC_ID_4CNDCEU512,ID_4CNDCEU512,C1,信号中断/覆盖退化,服务小区下倾角过大，远端弱覆盖,复核服务小区下倾角，优化远端覆盖。,-79.094,2.995,677.913,199.551,17.5
RC_ID_IQCROXY28X,ID_IQCROXY28X,C5,基站故障,频繁切换降低性能,调整切换门限、迟滞和定时器，减少频繁切换。,-79.556,6.048,628.547,205.43,19.4
RC_ID_H54TK0OO93,ID_H54TK0OO93,C3,信道干扰,邻区提供更高吞吐,优化邻区关系和切换策略，降低强邻区抢占影响。,-86.484,20.926,641.206,197.562,15.1
RC_ID_U187CLFI9X,ID_U187CLFI9X,C4,信道干扰,非共站同频邻区导致严重重叠覆盖,处理同频重叠覆盖，优化频点、功率和覆盖边界。,-86.939,20.147,590.381,206.685,23.6
RC_ID_RHTFGDMSFJ,ID_RHTFGDMSFJ,C5,基站故障,频繁切换降低性能,调整切换门限、迟滞和定时器，减少频繁切换。,-82.44,11.047,626.376,202.892,18.2
RC_ID_9VB7OIWNWE,ID_9VB7OIWNWE,C1,信号中断/覆盖退化,服务小区下倾角过大，远端弱覆盖,复核服务小区下倾角，优化远端覆盖。,-85.578,10.668,670.887,206.536,21.6
RC_ID_Q4P7W93K8I,ID_Q4P7W93K8I,C7,信号中断/覆盖退化,车速超过 40 km/h 影响吞吐,结合高速移动场景优化移动性和覆盖连续性。,-78.453,7.618,832.21,207.326,41.8
RC_ID_63QBKPIO8N,ID_63QBKPIO8N,C4,信道干扰,非共站同频邻区导致严重重叠覆盖,处理同频重叠覆盖，优化频点、功率和覆盖边界。,-81.754,3.819,622.025,206.014,18.2
RC_ID_Z13HH8ZI8I,ID_Z13HH8ZI8I,C4,信道干扰,非共站同频邻区导致严重重叠覆盖,处理同频重叠覆盖，优化频点、功率和覆盖边界。,-83.585,3.117,634.395,209.01,14.2
RC_ID_E3QD114AKY,ID_E3QD114AKY,C7,信号中断/覆盖退化,车速超过 40 km/h 影响吞吐,结合高速移动场景优化移动性和覆盖连续性。,-84.883,17.45,694.06,207.114,39.3
RC_ID_PLEFNPRKH3,ID_PLEFNPRKH3,C3,信道干扰,邻区提供更高吞吐,优化邻区关系和切换策略，降低强邻区抢占影响。,-86.868,27.317,805.626,210.747,25.7
RC_ID_XM3UNZKQ3B,ID_XM3UNZKQ3B,C2,信号中断/覆盖退化,服务小区覆盖距离超过 1 km，越区覆盖,检查越区覆盖，调整功率、方位角或切换边界。,-84.205,4.352,792.664,209.327,23.9
RC_ID_4UAKZD4LGU,ID_4UAKZD4LGU,C2,信号中断/覆盖退化,服务小区覆盖距离超过 1 km，越区覆盖,检查越区覆盖，调整功率、方位角或切换边界。,-80.788,28.484,769.091,207.067,16.8
RC_ID_VX82TV5AFH,ID_VX82TV5AFH,C5,基站故障,频繁切换降低性能,调整切换门限、迟滞和定时器，减少频繁切换。,-80.384,21.3,856.487,203.252,16.7
RC_ID_GII0NY5QN9,ID_GII0NY5QN9,C4,信道干扰,非共站同频邻区导致严重重叠覆盖,处理同频重叠覆盖，优化频点、功率和覆盖边界。,-80.71,17.926,940.028,203.97,20
RC_ID_P45P2X9PWL,ID_P45P2X9PWL,C1,信号中断/覆盖退化,服务小区下倾角过大，远端弱覆盖,复核服务小区下倾角，优化远端覆盖。,-86.876,7.123,624.92,204.915,25.5
RC_ID_V7IVQ74MSV,ID_V7IVQ74MSV,C4,信道干扰,非共站同频邻区导致严重重叠覆盖,处理同频重叠覆盖，优化频点、功率和覆盖边界。,-82.135,7.503,608.458,202.915,18
RC_ID_WX4XL1MW59,ID_WX4XL1MW59,C1,信号中断/覆盖退化,服务小区下倾角过大，远端弱覆盖,复核服务小区下倾角，优化远端覆盖。,-87.971,4.856,706.371,209.881,21.4
RC_ID_PO62EBQQ3B,ID_PO62EBQQ3B,C5,基站故障,频繁切换降低性能,调整切换门限、迟滞和定时器，减少频繁切换。,-87.842,24.877,592.213,200.214,20.7
RC_ID_6TZDX0OWJN,ID_6TZDX0OWJN,C4,信道干扰,非共站同频邻区导致严重重叠覆盖,处理同频重叠覆盖，优化频点、功率和覆盖边界。,-86.219,22.161,641.732,199.964,23.9
RC_ID_NJOULHK55Z,ID_NJOULHK55Z,C5,基站故障,频繁切换降低性能,调整切换门限、迟滞和定时器，减少频繁切换。,-82.25,12.509,858.033,208.364,23.4
RC_ID_DXPG506F78,ID_DXPG506F78,C5,基站故障,频繁切换降低性能,调整切换门限、迟滞和定时器，减少频繁切换。,-81.468,15.464,724.201,202.909,15.7
RC_ID_EV4PK6DZ6L,ID_EV4PK6DZ6L,C4,信道干扰,非共站同频邻区导致严重重叠覆盖,处理同频重叠覆盖，优化频点、功率和覆盖边界。,-81.516,6.677,1157.076,209.546,16.2
RC_ID_J31JD4083Q,ID_J31JD4083Q,C1,信号中断/覆盖退化,服务小区下倾角过大，远端弱覆盖,复核服务小区下倾角，优化远端覆盖。,-84.668,12.806,1040.123,208.432,20.4
RC_ID_3VZCT33KP8,ID_3VZCT33KP8,C2,信号中断/覆盖退化,服务小区覆盖距离超过 1 km，越区覆盖,检查越区覆盖，调整功率、方位角或切换边界。,-87.28,24.689,607.998,201.457,16.7
RC_ID_D4HFBB2DGO,ID_D4HFBB2DGO,C8,带宽不足,平均调度 RB 低于 160 影响吞吐,检查 RB 调度资源，评估扩容或负载均衡。,-81.372,8.922,657.052,166.3825,20.1
RC_ID_CMPFA3RB05,ID_CMPFA3RB05,C7,信号中断/覆盖退化,车速超过 40 km/h 影响吞吐,结合高速移动场景优化移动性和覆盖连续性。,-85.962,21.995,639.432,207.145,33
RC_ID_1TJG4NURMS,ID_1TJG4NURMS,C8,带宽不足,平均调度 RB 低于 160 影响吞吐,检查 RB 调度资源，评估扩容或负载均衡。,-84.079,4.405,758.912,158.737,15.5
RC_ID_I2NL92Y787,ID_I2NL92Y787,C3,信道干扰,邻区提供更高吞吐,优化邻区关系和切换策略，降低强邻区抢占影响。,-82.461,11.021,630.72,186.587,15.6
RC_ID_E8DE2582MD,ID_E8DE2582MD,C2,信号中断/覆盖退化,服务小区覆盖距离超过 1 km，越区覆盖,检查越区覆盖，调整功率、方位角或切换边界。,-79.929,8.786,585.725,202.928,21.3
RC_ID_V70GKAPE5I,ID_V70GKAPE5I,C4,信道干扰,非共站同频邻区导致严重重叠覆盖,处理同频重叠覆盖，优化频点、功率和覆盖边界。,-84.839,15.557,743.725,206.474,24.3
RC_ID_DIM1483W1P,ID_DIM1483W1P,C1,信号中断/覆盖退化,服务小区下倾角过大，远端弱覆盖,复核服务小区下倾角，优化远端覆盖。,-86.24,13.214,607.955,209.886,23.4
RC_ID_CRA9L43YL8,ID_CRA9L43YL8,C3,信道干扰,邻区提供更高吞吐,优化邻区关系和切换策略，降低强邻区抢占影响。,-84.3,9.197,657.177,199.703,16.5
RC_ID_JBB9PWDV99,ID_JBB9PWDV99,C3,信道干扰,邻区提供更高吞吐,优化邻区关系和切换策略，降低强邻区抢占影响。,-79.555,10.163,892.033,207.533,19.9
RC_ID_ABJLOBVEQ5,ID_ABJLOBVEQ5,C8,带宽不足,平均调度 RB 低于 160 影响吞吐,检查 RB 调度资源，评估扩容或负载均衡。,-81.04,8.307,670.061,167.7205,19.1
RC_ID_TEK6KHCG7U,ID_TEK6KHCG7U,C6,信道干扰,邻区和服务小区 PCI mod 30 相同导致干扰,重新规划 PCI，消除 PCI mod 30 冲突。,-87.114,15.285,819.266,211.053,20.3
RC_ID_NSTXKTMR59,ID_NSTXKTMR59,C2,信号中断/覆盖退化,服务小区覆盖距离超过 1 km，越区覆盖,检查越区覆盖，调整功率、方位角或切换边界。,-85.921,15.846,975.547,211.006,23.5
RC_ID_PA2ZGX1QK7,ID_PA2ZGX1QK7,C3,信道干扰,邻区提供更高吞吐,优化邻区关系和切换策略，降低强邻区抢占影响。,-81.158,10.31,768.994,199.677,14.1
RC_ID_QJLG5YP6LD,ID_QJLG5YP6LD,C1,信号中断/覆盖退化,服务小区下倾角过大，远端弱覆盖,复核服务小区下倾角，优化远端覆盖。,-88.043,5.398,615.909,204.871,27.4
RC_ID_CS4HU2MQMZ,ID_CS4HU2MQMZ,C1,信号中断/覆盖退化,服务小区下倾角过大，远端弱覆盖,复核服务小区下倾角，优化远端覆盖。,-86.379,14.417,740.764,200.787,19.8
RC_ID_LA8GDOH22W,ID_LA8GDOH22W,C7,信号中断/覆盖退化,车速超过 40 km/h 影响吞吐,结合高速移动场景优化移动性和覆盖连续性。,-85.311,10.097,528.365,202.627,33.2
RC_ID_Q7LO6EM3PJ,ID_Q7LO6EM3PJ,C4,信道干扰,非共站同频邻区导致严重重叠覆盖,处理同频重叠覆盖，优化频点、功率和覆盖边界。,-80.384,21.3,856.487,203.252,16.7
RC_ID_1M2T5FC4NE,ID_1M2T5FC4NE,C4,信道干扰,非共站同频邻区导致严重重叠覆盖,处理同频重叠覆盖，优化频点、功率和覆盖边界。,-79.219,10.873,716.574,203.469,17.6
RC_ID_1748STIH8K,ID_1748STIH8K,C4,信道干扰,非共站同频邻区导致严重重叠覆盖,处理同频重叠覆盖，优化频点、功率和覆盖边界。,-77.643,6.139,635.694,203.189,16.1
RC_ID_5RRPHZL9RP,ID_5RRPHZL9RP,C7,信号中断/覆盖退化,车速超过 40 km/h 影响吞吐,结合高速移动场景优化移动性和覆盖连续性。,-80.904,7.801,579.148,205.833,38.5
RC_ID_XXGNZQM9SG,ID_XXGNZQM9SG,C3,信道干扰,邻区提供更高吞吐,优化邻区关系和切换策略，降低强邻区抢占影响。,-83.016,9.176,752.709,206.745,25.1
RC_ID_8IB44QI491,ID_8IB44QI491,C1,信号中断/覆盖退化,服务小区下倾角过大，远端弱覆盖,复核服务小区下倾角，优化远端覆盖。,-83.603,4.657,717.765,205.052,14.5
RC_ID_DBD1LBS66E,ID_DBD1LBS66E,C8,带宽不足,平均调度 RB 低于 160 影响吞吐,检查 RB 调度资源，评估扩容或负载均衡。,-73.564,23.042,1157.858,168.689,15.8
RC_ID_XQI8AOKGIJ,ID_XQI8AOKGIJ,C5,基站故障,频繁切换降低性能,调整切换门限、迟滞和定时器，减少频繁切换。,-84.459,20.207,740.667,202.918,17.5
RC_ID_66RUAOPOQT,ID_66RUAOPOQT,C1,信号中断/覆盖退化,服务小区下倾角过大，远端弱覆盖,复核服务小区下倾角，优化远端覆盖。,-88.976,15.108,579.516,203.452,15.8
RC_ID_ZIKBOUSF5F,ID_ZIKBOUSF5F,C7,信号中断/覆盖退化,车速超过 40 km/h 影响吞吐,结合高速移动场景优化移动性和覆盖连续性。,-84.772,13.496,675.489,207.369,31.2
RC_ID_Q57YZCZUUC,ID_Q57YZCZUUC,C5,基站故障,频繁切换降低性能,调整切换门限、迟滞和定时器，减少频繁切换。,-80.762,8.207,834.292,206.91,21.2
RC_ID_BUHIBPL1SA,ID_BUHIBPL1SA,C4,信道干扰,非共站同频邻区导致严重重叠覆盖,处理同频重叠覆盖，优化频点、功率和覆盖边界。,-86.101,8.606,643.581,206.767,20.9
RC_ID_7A8ELZOKZM,ID_7A8ELZOKZM,C5,基站故障,频繁切换降低性能,调整切换门限、迟滞和定时器，减少频繁切换。,-82.409,2.243,761.56,206.135,19.7
RC_ID_N4G8RZ4RL0,ID_N4G8RZ4RL0,C2,信号中断/覆盖退化,服务小区覆盖距离超过 1 km，越区覆盖,检查越区覆盖，调整功率、方位角或切换边界。,-80.206,17.739,926.353,204.469,21
RC_ID_KD5IEWDK4N,ID_KD5IEWDK4N,C3,信道干扰,邻区提供更高吞吐,优化邻区关系和切换策略，降低强邻区抢占影响。,-81.516,6.677,1197.076,209.546,16.2
RC_ID_1G6FITX1FZ,ID_1G6FITX1FZ,C3,信道干扰,邻区提供更高吞吐,优化邻区关系和切换策略，降低强邻区抢占影响。,-81.336,4.393,789.774,209.254,14.3
RC_ID_XN6SUU7FML,ID_XN6SUU7FML,C7,信号中断/覆盖退化,车速超过 40 km/h 影响吞吐,结合高速移动场景优化移动性和覆盖连续性。,-86.712,5.66,610.332,207.011,32.9
RC_ID_65DCOP7FAY,ID_65DCOP7FAY,C4,信道干扰,非共站同频邻区导致严重重叠覆盖,处理同频重叠覆盖，优化频点、功率和覆盖边界。,-79.409,15.828,755.768,202.074,21.8
RC_ID_R2MS9S8O4D,ID_R2MS9S8O4D,C3,信道干扰,邻区提供更高吞吐,优化邻区关系和切换策略，降低强邻区抢占影响。,-80.162,11.968,722.371,199.943,23.2
RC_ID_9C6FDLREXB,ID_9C6FDLREXB,C4,信道干扰,非共站同频邻区导致严重重叠覆盖,处理同频重叠覆盖，优化频点、功率和覆盖边界。,-76.182,2.04,733.844,201.88,23.2
RC_ID_5ZUGT492AE,ID_5ZUGT492AE,C5,基站故障,频繁切换降低性能,调整切换门限、迟滞和定时器，减少频繁切换。,-81.72,8.478,644.22,210.169,21.9
RC_ID_AA6NTP8Z8P,ID_AA6NTP8Z8P,C5,基站故障,频繁切换降低性能,调整切换门限、迟滞和定时器，减少频繁切换。,-86.219,22.161,641.732,199.964,23.9
RC_ID_L7A3Y81528,ID_L7A3Y81528,C4,信道干扰,非共站同频邻区导致严重重叠覆盖,处理同频重叠覆盖，优化频点、功率和覆盖边界。,-88.071,10.182,687.066,207.417,23.1
RC_ID_VKWSVQQCT8,ID_VKWSVQQCT8,C3,信道干扰,邻区提供更高吞吐,优化邻区关系和切换策略，降低强邻区抢占影响。,-82.137,15.141,986.087,203.585,17.8
RC_ID_0BKVF4O15K,ID_0BKVF4O15K,C2,信号中断/覆盖退化,服务小区覆盖距离超过 1 km，越区覆盖,检查越区覆盖，调整功率、方位角或切换边界。,-83.214,3.204,631.877,204.518,22.2
RC_ID_2DXD1WTJ3B,ID_2DXD1WTJ3B,C7,信号中断/覆盖退化,车速超过 40 km/h 影响吞吐,结合高速移动场景优化移动性和覆盖连续性。,-79.929,8.786,585.725,202.928,37.3
RC_ID_3IEJ9DZ8NO,ID_3IEJ9DZ8NO,C3,信道干扰,邻区提供更高吞吐,优化邻区关系和切换策略，降低强邻区抢占影响。,-80.762,8.207,874.292,206.91,21.2
RC_ID_U60J7L48DO,ID_U60J7L48DO,C3,信道干扰,邻区提供更高吞吐,优化邻区关系和切换策略，降低强邻区抢占影响。,-83.964,7.561,688.033,201.69,18.4
RC_ID_SG1PWP7B06,ID_SG1PWP7B06,C2,信号中断/覆盖退化,服务小区覆盖距离超过 1 km，越区覆盖,检查越区覆盖，调整功率、方位角或切换边界。,-87.201,26.091,1034.038,207.945,17.3
RC_ID_7ZA924DFWD,ID_7ZA924DFWD,C1,信号中断/覆盖退化,服务小区下倾角过大，远端弱覆盖,复核服务小区下倾角，优化远端覆盖。,-88.897,15.118,718.718,210.43,19.5
RC_ID_0FAKT5TEWX,ID_0FAKT5TEWX,C5,基站故障,频繁切换降低性能,调整切换门限、迟滞和定时器，减少频繁切换。,-81.227,7.168,538.815,204.449,17.3
RC_ID_9DGC67JB0J,ID_9DGC67JB0J,C6,信道干扰,邻区和服务小区 PCI mod 30 相同导致干扰,重新规划 PCI，消除 PCI mod 30 冲突。,-80.788,28.484,769.091,207.067,16.8
RC_ID_Q8GGF4YMKN,ID_Q8GGF4YMKN,C2,信号中断/覆盖退化,服务小区覆盖距离超过 1 km，越区覆盖,检查越区覆盖，调整功率、方位角或切换边界。,-85.962,21.995,639.432,207.145,17
RC_ID_LJJH6404U4,ID_LJJH6404U4,C4,信道干扰,非共站同频邻区导致严重重叠覆盖,处理同频重叠覆盖，优化频点、功率和覆盖边界。,-82.858,17.125,677.899,196.54,17.1
RC_ID_BXWXG0GDNI,ID_BXWXG0GDNI,C5,基站故障,频繁切换降低性能,调整切换门限、迟滞和定时器，减少频繁切换。,-80.882,9.734,888.98,209.559,16.5
RC_ID_OJ775I3TOU,ID_OJ775I3TOU,C2,信号中断/覆盖退化,服务小区覆盖距离超过 1 km，越区覆盖,检查越区覆盖，调整功率、方位角或切换边界。,-74.832,1.565,622.835,195.487,25.8
RC_ID_P60CBO2WRN,ID_P60CBO2WRN,C2,信号中断/覆盖退化,服务小区覆盖距离超过 1 km，越区覆盖,检查越区覆盖，调整功率、方位角或切换边界。,-86.237,1.741,730.911,207.137,26.3
RC_ID_KG5GEROHDY,ID_KG5GEROHDY,C2,信号中断/覆盖退化,服务小区覆盖距离超过 1 km，越区覆盖,检查越区覆盖，调整功率、方位角或切换边界。,-85.727,11.351,664.302,210.191,19.2
RC_ID_EAW8ZCDK8S,ID_EAW8ZCDK8S,C7,信号中断/覆盖退化,车速超过 40 km/h 影响吞吐,结合高速移动场景优化移动性和覆盖连续性。,-83.168,11.265,1120.954,204.78,33.5
RC_ID_5CQ088RPYG,ID_5CQ088RPYG,C3,信道干扰,邻区提供更高吞吐,优化邻区关系和切换策略，降低强邻区抢占影响。,-79.556,6.048,668.547,205.43,19.4
RC_ID_4ZI76LNQDC,ID_4ZI76LNQDC,C5,基站故障,频繁切换降低性能,调整切换门限、迟滞和定时器，减少频繁切换。,-76.869,9.35,682.406,187.789,25.2
RC_ID_0HVKAPBEJD,ID_0HVKAPBEJD,C1,信号中断/覆盖退化,服务小区下倾角过大，远端弱覆盖,复核服务小区下倾角，优化远端覆盖。,-80.937,7.607,669.675,202.605,17.4
RC_ID_JT8B949YX5,ID_JT8B949YX5,C8,带宽不足,平均调度 RB 低于 160 影响吞吐,检查 RB 调度资源，评估扩容或负载均衡。,-76.93,2.42,654.077,163.943,25.4
RC_ID_KM7TF89LCA,ID_KM7TF89LCA,C5,基站故障,频繁切换降低性能,调整切换门限、迟滞和定时器，减少频繁切换。,-86.101,8.606,643.581,206.767,20.9
RC_ID_TMXYFWF7HR,ID_TMXYFWF7HR,C8,带宽不足,平均调度 RB 低于 160 影响吞吐,检查 RB 调度资源，评估扩容或负载均衡。,-85.972,15.074,930.5,168.5355,19.4
RC_ID_0LHTDZNSN8,ID_0LHTDZNSN8,C5,基站故障,频繁切换降低性能,调整切换门限、迟滞和定时器，减少频繁切换。,-80.499,21.093,728.698,207.166,22.8
RC_ID_4LX8PYS945,ID_4LX8PYS945,C4,信道干扰,非共站同频邻区导致严重重叠覆盖,处理同频重叠覆盖，优化频点、功率和覆盖边界。,-86.746,22.327,644.153,202.719,21.1
RC_ID_18IIARFTWB,ID_18IIARFTWB,C4,信道干扰,非共站同频邻区导致严重重叠覆盖,处理同频重叠覆盖，优化频点、功率和覆盖边界。,-81.983,21.996,675.245,201.67,25
RC_ID_AZQL9APH32,ID_AZQL9APH32,C2,信号中断/覆盖退化,服务小区覆盖距离超过 1 km，越区覆盖,检查越区覆盖，调整功率、方位角或切换边界。,-83.428,15.386,767.26,210.024,19.4
RC_ID_67OCEQOP8A,ID_67OCEQOP8A,C5,基站故障,频繁切换降低性能,调整切换门限、迟滞和定时器，减少频繁切换。,-80.145,8.104,605.136,203.958,13.1
RC_ID_9A6G62WY2Y,ID_9A6G62WY2Y,C8,带宽不足,平均调度 RB 低于 160 影响吞吐,检查 RB 调度资源，评估扩容或负载均衡。,-76.182,2.04,733.844,162.3545,23.2
RC_ID_3C5RF0J9M3,ID_3C5RF0J9M3,C4,信道干扰,非共站同频邻区导致严重重叠覆盖,处理同频重叠覆盖，优化频点、功率和覆盖边界。,-80.567,10.281,535.453,206.082,23.7
RC_ID_6B940W5RQW,ID_6B940W5RQW,C8,带宽不足,平均调度 RB 低于 160 影响吞吐,检查 RB 调度资源，评估扩容或负载均衡。,-84.925,10.939,674.005,162.962,22
RC_ID_5A0R9AK5VH,ID_5A0R9AK5VH,C8,带宽不足,平均调度 RB 低于 160 影响吞吐,检查 RB 调度资源，评估扩容或负载均衡。,-84.907,6.638,739.23,166.744,22.9
RC_ID_H0NUZCWRJR,ID_H0NUZCWRJR,C5,基站故障,频繁切换降低性能,调整切换门限、迟滞和定时器，减少频繁切换。,-82.135,7.503,608.458,202.915,18
RC_ID_BGJUN1S1TI,ID_BGJUN1S1TI,C2,信号中断/覆盖退化,服务小区覆盖距离超过 1 km，越区覆盖,检查越区覆盖，调整功率、方位角或切换边界。,-82.527,24.861,862.827,202.004,10.3
RC_ID_XXSMW9XG7T,ID_XXSMW9XG7T,C8,带宽不足,平均调度 RB 低于 160 影响吞吐,检查 RB 调度资源，评估扩容或负载均衡。,-81.516,6.677,1157.076,167.5245,16.2
RC_ID_OL89XZMVQB,ID_OL89XZMVQB,C3,信道干扰,邻区提供更高吞吐,优化邻区关系和切换策略，降低强邻区抢占影响。,-82.44,11.047,666.376,202.892,18.2
RC_ID_88R600W1A1,ID_88R600W1A1,C6,信道干扰,邻区和服务小区 PCI mod 30 相同导致干扰,重新规划 PCI，消除 PCI mod 30 冲突。,-87.302,24.238,652.083,204.633,19.7
RC_ID_G3IMQKSC1I,ID_G3IMQKSC1I,C2,信号中断/覆盖退化,服务小区覆盖距离超过 1 km，越区覆盖,检查越区覆盖，调整功率、方位角或切换边界。,-84.925,10.939,674.005,203.831,22
RC_ID_TMPGWZIEP4,ID_TMPGWZIEP4,C7,信号中断/覆盖退化,车速超过 40 km/h 影响吞吐,结合高速移动场景优化移动性和覆盖连续性。,-76.182,2.04,733.844,201.88,39.2
RC_ID_GO4JDVL707,ID_GO4JDVL707,C3,信道干扰,邻区提供更高吞吐,优化邻区关系和切换策略，降低强邻区抢占影响。,-86.219,22.161,681.732,199.964,23.9
RC_ID_PPFGC5TNCH,ID_PPFGC5TNCH,C7,信号中断/覆盖退化,车速超过 40 km/h 影响吞吐,结合高速移动场景优化移动性和覆盖连续性。,-84.033,14.453,583.432,210.939,35.8
RC_ID_2KQLZ9X3KR,ID_2KQLZ9X3KR,C2,信号中断/覆盖退化,服务小区覆盖距离超过 1 km，越区覆盖,检查越区覆盖，调整功率、方位角或切换边界。,-82.644,10.774,798.692,207.892,16.5
RC_ID_PMXU24CIAG,ID_PMXU24CIAG,C2,信号中断/覆盖退化,服务小区覆盖距离超过 1 km，越区覆盖,检查越区覆盖，调整功率、方位角或切换边界。,-85.281,7.62,1010.785,208.125,19.9
RC_ID_FO70DDZAZW,ID_FO70DDZAZW,C5,基站故障,频繁切换降低性能,调整切换门限、迟滞和定时器，减少频繁切换。,-87.15,8.435,801.304,208.407,21.6
RC_ID_XOKBQ1BS9U,ID_XOKBQ1BS9U,C8,带宽不足,平均调度 RB 低于 160 影响吞吐,检查 RB 调度资源，评估扩容或负载均衡。,-81.224,8.065,545.317,163.4595,18.3
RC_ID_PC1WS9ZIVM,ID_PC1WS9ZIVM,C4,信道干扰,非共站同频邻区导致严重重叠覆盖,处理同频重叠覆盖，优化频点、功率和覆盖边界。,-81.633,7.339,1157.095,206.768,18.9
RC_ID_6127898SH0,ID_6127898SH0,C1,信号中断/覆盖退化,服务小区下倾角过大，远端弱覆盖,复核服务小区下倾角，优化远端覆盖。,-84.616,14.637,670.465,205.601,10.6
RC_ID_FZMCDY3VRF,ID_FZMCDY3VRF,C5,基站故障,频繁切换降低性能,调整切换门限、迟滞和定时器，减少频繁切换。,-77.594,2.995,677.913,199.551,17.5
RC_ID_W3AU1ERWYY,ID_W3AU1ERWYY,C4,信道干扰,非共站同频邻区导致严重重叠覆盖,处理同频重叠覆盖，优化频点、功率和覆盖边界。,-86.069,20.49,586.152,206.223,15.3
RC_ID_BCBVXMKK93,ID_BCBVXMKK93,C3,信道干扰,邻区提供更高吞吐,优化邻区关系和切换策略，降低强邻区抢占影响。,-86.729,20.277,920.191,210.098,22.4
RC_ID_JO8WM0RIZ2,ID_JO8WM0RIZ2,C4,信道干扰,非共站同频邻区导致严重重叠覆盖,处理同频重叠覆盖，优化频点、功率和覆盖边界。,-87.018,20.55,562.341,199.74,17.8
RC_ID_80D0WY60WQ,ID_80D0WY60WQ,C7,信号中断/覆盖退化,车速超过 40 km/h 影响吞吐,结合高速移动场景优化移动性和覆盖连续性。,-81.319,9.228,716.488,206.208,32.6
RC_ID_RYNEAKMHSG,ID_RYNEAKMHSG,C2,信号中断/覆盖退化,服务小区覆盖距离超过 1 km，越区覆盖,检查越区覆盖，调整功率、方位角或切换边界。,-86.101,8.606,643.581,206.767,20.9
RC_ID_3JAUFBGJ3C,ID_3JAUFBGJ3C,C8,带宽不足,平均调度 RB 低于 160 影响吞吐,检查 RB 调度资源，评估扩容或负载均衡。,-70.403,18.25,767.827,161.379,23.7
RC_ID_KEA4O7FFUD,ID_KEA4O7FFUD,C8,带宽不足,平均调度 RB 低于 160 影响吞吐,检查 RB 调度资源，评估扩容或负载均衡。,-81.881,13.581,690.047,162.6735,25.4
RC_ID_ZMLYEY4Q93,ID_ZMLYEY4Q93,C7,信号中断/覆盖退化,车速超过 40 km/h 影响吞吐,结合高速移动场景优化移动性和覆盖连续性。,-87.201,26.091,1034.038,207.945,33.3
RC_ID_DHLLX3M6S7,ID_DHLLX3M6S7,C2,信号中断/覆盖退化,服务小区覆盖距离超过 1 km，越区覆盖,检查越区覆盖，调整功率、方位角或切换边界。,-86.712,5.66,610.332,207.011,16.9
RC_ID_6PBKSJM1RY,ID_6PBKSJM1RY,C4,信道干扰,非共站同频邻区导致严重重叠覆盖,处理同频重叠覆盖，优化频点、功率和覆盖边界。,-85.281,7.62,1010.785,208.125,19.9
RC_ID_EB0SB117K9,ID_EB0SB117K9,C7,信号中断/覆盖退化,车速超过 40 km/h 影响吞吐,结合高速移动场景优化移动性和覆盖连续性。,-79.36,9.715,860.39,206.693,34.1
RC_ID_4V1LG5RJU4,ID_4V1LG5RJU4,C5,基站故障,频繁切换降低性能,调整切换门限、迟滞和定时器，减少频繁切换。,-83.588,18.514,1039.8,209.145,24.4
RC_ID_J6GQIFJN1Y,ID_J6GQIFJN1Y,C7,信号中断/覆盖退化,车速超过 40 km/h 影响吞吐,结合高速移动场景优化移动性和覆盖连续性。,-86.968,24.967,660.17,207.55,29
RC_ID_EGZBETYJOA,ID_EGZBETYJOA,C7,信号中断/覆盖退化,车速超过 40 km/h 影响吞吐,结合高速移动场景优化移动性和覆盖连续性。,-85.166,12.788,545.469,199.645,35
RC_ID_XI1CMAR12T,ID_XI1CMAR12T,C8,带宽不足,平均调度 RB 低于 160 影响吞吐,检查 RB 调度资源，评估扩容或负载均衡。,-85.108,17.967,674.332,166.5905,17.7
RC_ID_QQ5OW3SUOW,ID_QQ5OW3SUOW,C2,信号中断/覆盖退化,服务小区覆盖距离超过 1 km，越区覆盖,检查越区覆盖，调整功率、方位角或切换边界。,-83.016,9.176,712.709,206.745,25.1
RC_ID_RK1NKGRJXC,ID_RK1NKGRJXC,C1,信号中断/覆盖退化,服务小区下倾角过大，远端弱覆盖,复核服务小区下倾角，优化远端覆盖。,-78.869,9.35,682.406,187.789,25.2
RC_ID_QWZKYNO6KP,ID_QWZKYNO6KP,C4,信道干扰,非共站同频邻区导致严重重叠覆盖,处理同频重叠覆盖，优化频点、功率和覆盖边界。,-84.052,22.247,737.455,208.139,23.8
RC_ID_DJFJGFK8SZ,ID_DJFJGFK8SZ,C3,信道干扰,邻区提供更高吞吐,优化邻区关系和切换策略，降低强邻区抢占影响。,-80.869,8.051,981.371,204.071,21.3
RC_ID_LR6QR4BCTY,ID_LR6QR4BCTY,C2,信号中断/覆盖退化,服务小区覆盖距离超过 1 km，越区覆盖,检查越区覆盖，调整功率、方位角或切换边界。,-81.063,11.878,686.453,208.342,17.3
RC_ID_O2Y91ID594,ID_O2Y91ID594,C5,基站故障,频繁切换降低性能,调整切换门限、迟滞和定时器，减少频繁切换。,-78.075,6.593,694.227,206.232,14.3
RC_ID_DECC1EUI7C,ID_DECC1EUI7C,C6,信道干扰,邻区和服务小区 PCI mod 30 相同导致干扰,重新规划 PCI，消除 PCI mod 30 冲突。,-86.385,22.681,892.412,209.431,18.2
RC_ID_10YXOVC9TI,ID_10YXOVC9TI,C6,信道干扰,邻区和服务小区 PCI mod 30 相同导致干扰,重新规划 PCI，消除 PCI mod 30 冲突。,-83.79,13.218,614.54,206.033,24.7
RC_ID_ENT3VJXW2B,ID_ENT3VJXW2B,C1,信号中断/覆盖退化,服务小区下倾角过大，远端弱覆盖,复核服务小区下倾角，优化远端覆盖。,-83.899,8.366,738.003,207.251,14.8
RC_ID_6I62EHIA75,ID_6I62EHIA75,C3,信道干扰,邻区提供更高吞吐,优化邻区关系和切换策略，降低强邻区抢占影响。,-79.62,8.049,681.856,207.212,24.1
RC_ID_4SIA0L6NLR,ID_4SIA0L6NLR,C5,基站故障,频繁切换降低性能,调整切换门限、迟滞和定时器，减少频繁切换。,-78.635,12.561,682.417,198.074,24.9
RC_ID_W3C8ZBDBK9,ID_W3C8ZBDBK9,C8,带宽不足,平均调度 RB 低于 160 影响吞吐,检查 RB 调度资源，评估扩容或负载均衡。,-86.666,24.717,684.066,164.1615,16.7
RC_ID_A4ZF1I53FE,ID_A4ZF1I53FE,C7,信号中断/覆盖退化,车速超过 40 km/h 影响吞吐,结合高速移动场景优化移动性和覆盖连续性。,-86.986,22.117,664.141,201.052,30.4
RC_ID_15DAO6HWND,ID_15DAO6HWND,C5,基站故障,频繁切换降低性能,调整切换门限、迟滞和定时器，减少频繁切换。,-82.455,7.245,625.553,193.219,21.2
RC_ID_Z4YWNHBKWE,ID_Z4YWNHBKWE,C2,信号中断/覆盖退化,服务小区覆盖距离超过 1 km，越区覆盖,检查越区覆盖，调整功率、方位角或切换边界。,-83.073,-1.194,882.479,206.977,22.9
RC_ID_P237W7MH6W,ID_P237W7MH6W,C6,信道干扰,邻区和服务小区 PCI mod 30 相同导致干扰,重新规划 PCI，消除 PCI mod 30 冲突。,-86.086,21.876,726.899,193.751,18.5
RC_ID_NJBE99Q7FE,ID_NJBE99Q7FE,C8,带宽不足,平均调度 RB 低于 160 影响吞吐,检查 RB 调度资源，评估扩容或负载均衡。,-83.904,19.519,846.38,166.898,21
RC_ID_ZRQV737948,ID_ZRQV737948,C7,信号中断/覆盖退化,车速超过 40 km/h 影响吞吐,结合高速移动场景优化移动性和覆盖连续性。,-83.011,17.356,714.129,204.503,29.8
RC_ID_729E2F4HPA,ID_729E2F4HPA,C1,信号中断/覆盖退化,服务小区下倾角过大，远端弱覆盖,复核服务小区下倾角，优化远端覆盖。,-88.365,12.349,527.804,197.463,11.7
RC_ID_XCHNKV1CBR,ID_XCHNKV1CBR,C8,带宽不足,平均调度 RB 低于 160 影响吞吐,检查 RB 调度资源，评估扩容或负载均衡。,-85.401,9.153,1020.406,167.0015,20.1
RC_ID_9MK08PGOMS,ID_9MK08PGOMS,C5,基站故障,频繁切换降低性能,调整切换门限、迟滞和定时器，减少频繁切换。,-82.106,2.243,602.226,204.239,16.9
RC_ID_83YA2B2V21,ID_83YA2B2V21,C5,基站故障,频繁切换降低性能,调整切换门限、迟滞和定时器，减少频繁切换。,-84.074,5.471,663.758,203.457,21.9
RC_ID_9ZCWFN5B0F,ID_9ZCWFN5B0F,C6,信道干扰,邻区和服务小区 PCI mod 30 相同导致干扰,重新规划 PCI，消除 PCI mod 30 冲突。,-86.219,22.161,641.732,199.964,23.9
RC_ID_5SZ2DVL1XP,ID_5SZ2DVL1XP,C2,信号中断/覆盖退化,服务小区覆盖距离超过 1 km，越区覆盖,检查越区覆盖，调整功率、方位角或切换边界。,-79.061,15.24,709.568,206.798,19.4
RC_ID_WAWEDVC6HD,ID_WAWEDVC6HD,C7,信号中断/覆盖退化,车速超过 40 km/h 影响吞吐,结合高速移动场景优化移动性和覆盖连续性。,-81.865,11.728,794.236,204.602,31.1
RC_ID_LQZI23ZBLP,ID_LQZI23ZBLP,C5,基站故障,频繁切换降低性能,调整切换门限、迟滞和定时器，减少频繁切换。,-83.036,20.231,810.476,202.603,19.8
RC_ID_04BJNY7EZI,ID_04BJNY7EZI,C4,信道干扰,非共站同频邻区导致严重重叠覆盖,处理同频重叠覆盖，优化频点、功率和覆盖边界。,-84.883,17.45,694.06,207.114,23.3
RC_ID_08M2ZUVBC1,ID_08M2ZUVBC1,C8,带宽不足,平均调度 RB 低于 160 影响吞吐,检查 RB 调度资源，评估扩容或负载均衡。,-81.896,5.776,641.042,163.068,19.1
RC_ID_J0MTOJ9JZV,ID_J0MTOJ9JZV,C3,信道干扰,邻区提供更高吞吐,优化邻区关系和切换策略，降低强邻区抢占影响。,-82.81,6.978,777.717,210.537,18.5
RC_ID_9A8W4GTFJ6,ID_9A8W4GTFJ6,C3,信道干扰,邻区提供更高吞吐,优化邻区关系和切换策略，降低强邻区抢占影响。,-87.196,10.312,779.015,182.624,26.3
RC_ID_XVGIKF0QXK,ID_XVGIKF0QXK,C3,信道干扰,邻区提供更高吞吐,优化邻区关系和切换策略，降低强邻区抢占影响。,-85.923,22.619,647.395,191.326,22.4
RC_ID_82MC6SBAWL,ID_82MC6SBAWL,C5,基站故障,频繁切换降低性能,调整切换门限、迟滞和定时器，减少频繁切换。,-77.731,13.586,776.388,203.638,23.4
RC_ID_C1IKI1VVR1,ID_C1IKI1VVR1,C5,基站故障,频繁切换降低性能,调整切换门限、迟滞和定时器，减少频繁切换。,-81.758,14.697,667.403,192.983,23.7
RC_ID_R4O090E64R,ID_R4O090E64R,C1,信号中断/覆盖退化,服务小区下倾角过大，远端弱覆盖,复核服务小区下倾角，优化远端覆盖。,-80.731,13.586,776.388,203.638,23.4
RC_ID_XFQ20UJV92,ID_XFQ20UJV92,C8,带宽不足,平均调度 RB 低于 160 影响吞吐,检查 RB 调度资源，评估扩容或负载均衡。,-77.771,18.54,791.153,164.9005,24.4
RC_ID_Q387ISSGJV,ID_Q387ISSGJV,C8,带宽不足,平均调度 RB 低于 160 影响吞吐,检查 RB 调度资源，评估扩容或负载均衡。,-86.101,8.606,643.581,165.0665,20.9
RC_ID_UZSFJNAMI6,ID_UZSFJNAMI6,C8,带宽不足,平均调度 RB 低于 160 影响吞吐,检查 RB 调度资源，评估扩容或负载均衡。,-79.355,12.058,847.792,165.993,17.4
RC_ID_N0VS4NSR51,ID_N0VS4NSR51,C3,信道干扰,邻区提供更高吞吐,优化邻区关系和切换策略，降低强邻区抢占影响。,-69.388,4.254,717.069,203.497,19.2
RC_ID_H8MF7OJAEN,ID_H8MF7OJAEN,C3,信道干扰,邻区提供更高吞吐,优化邻区关系和切换策略，降低强邻区抢占影响。,-82.5,2.396,691.305,202.278,23.6
RC_ID_KB3H9CTB6G,ID_KB3H9CTB6G,C3,信道干扰,邻区提供更高吞吐,优化邻区关系和切换策略，降低强邻区抢占影响。,-81.668,12.806,1080.123,208.432,20.4
RC_ID_IFAZ6VXCBZ,ID_IFAZ6VXCBZ,C3,信道干扰,邻区提供更高吞吐,优化邻区关系和切换策略，降低强邻区抢占影响。,-82.578,10.668,710.887,206.536,21.6
RC_ID_CZJE94B91O,ID_CZJE94B91O,C4,信道干扰,非共站同频邻区导致严重重叠覆盖,处理同频重叠覆盖，优化频点、功率和覆盖边界。,-86.156,18.896,624.175,205.699,18.6
RC_ID_SROFA2E1AK,ID_SROFA2E1AK,C3,信道干扰,邻区提供更高吞吐,优化邻区关系和切换策略，降低强邻区抢占影响。,-79.061,15.24,749.568,206.798,19.4
RC_ID_OKOVFS4MNO,ID_OKOVFS4MNO,C1,信号中断/覆盖退化,服务小区下倾角过大，远端弱覆盖,复核服务小区下倾角，优化远端覆盖。,-89.78,24.689,607.998,201.457,16.7
RC_ID_WXPQZ8JZQS,ID_WXPQZ8JZQS,C1,信号中断/覆盖退化,服务小区下倾角过大，远端弱覆盖,复核服务小区下倾角，优化远端覆盖。,-74.51,9.386,989.462,207.829,16.4
RC_ID_XQJK459S45,ID_XQJK459S45,C4,信道干扰,非共站同频邻区导致严重重叠覆盖,处理同频重叠覆盖，优化频点、功率和覆盖边界。,-80.028,10.629,805.537,206.235,17.1
RC_ID_HZZOXHYJUE,ID_HZZOXHYJUE,C8,带宽不足,平均调度 RB 低于 160 影响吞吐,检查 RB 调度资源，评估扩容或负载均衡。,-83.073,-1.194,882.479,165.7415,22.9
RC_ID_R08BDAAVYZ,ID_R08BDAAVYZ,C8,带宽不足,平均调度 RB 低于 160 影响吞吐,检查 RB 调度资源，评估扩容或负载均衡。,-77.823,5.707,668.293,162.7985,16.4
RC_ID_HTX1I8D8E0,ID_HTX1I8D8E0,C4,信道干扰,非共站同频邻区导致严重重叠覆盖,处理同频重叠覆盖，优化频点、功率和覆盖边界。,-85.471,4.856,706.371,209.881,21.4
RC_ID_RH3Q05QXOJ,ID_RH3Q05QXOJ,C2,信号中断/覆盖退化,服务小区覆盖距离超过 1 km，越区覆盖,检查越区覆盖，调整功率、方位角或切换边界。,-83.032,10.864,652.082,202.823,25
RC_ID_AGDX4UK3MY,ID_AGDX4UK3MY,C3,信道干扰,邻区提供更高吞吐,优化邻区关系和切换策略，降低强邻区抢占影响。,-83.512,19.648,1091.553,210.16,22.1
RC_ID_GOI5JFYV19,ID_GOI5JFYV19,C7,信号中断/覆盖退化,车速超过 40 km/h 影响吞吐,结合高速移动场景优化移动性和覆盖连续性。,-87.514,20.487,912.714,209.57,37.1
RC_ID_XATB1RBGCY,ID_XATB1RBGCY,C6,信道干扰,邻区和服务小区 PCI mod 30 相同导致干扰,重新规划 PCI，消除 PCI mod 30 冲突。,-83.777,11.533,802.582,200.798,14.8
RC_ID_3XO4WNYRYS,ID_3XO4WNYRYS,C3,信道干扰,邻区提供更高吞吐,优化邻区关系和切换策略，降低强邻区抢占影响。,-81.685,7.162,679.757,205.725,15.6
RC_ID_X51MJ7F435,ID_X51MJ7F435,C8,带宽不足,平均调度 RB 低于 160 影响吞吐,检查 RB 调度资源，评估扩容或负载均衡。,-79.437,7.607,669.675,162.178,17.4
RC_ID_M2TT8IJ9VG,ID_M2TT8IJ9VG,C5,基站故障,频繁切换降低性能,调整切换门限、迟滞和定时器，减少频繁切换。,-85.701,16.511,1059.873,211.278,20.2
RC_ID_K35YJBOYN5,ID_K35YJBOYN5,C7,信号中断/覆盖退化,车速超过 40 km/h 影响吞吐,结合高速移动场景优化移动性和覆盖连续性。,-86.651,10.628,958.062,205.315,35.5
RC_ID_YSYMVKQ5NG,ID_YSYMVKQ5NG,C2,信号中断/覆盖退化,服务小区覆盖距离超过 1 km，越区覆盖,检查越区覆盖，调整功率、方位角或切换边界。,-79.315,9.431,527.424,201.188,15.7
RC_ID_TAKNV66SDP,ID_TAKNV66SDP,C3,信道干扰,邻区提供更高吞吐,优化邻区关系和切换策略，降低强邻区抢占影响。,-85.944,6.208,650.36,200.011,22.8
RC_ID_I2KBROYF6E,ID_I2KBROYF6E,C3,信道干扰,邻区提供更高吞吐,优化邻区关系和切换策略，降低强邻区抢占影响。,-84.772,13.496,715.489,207.369,15.2
RC_ID_VDMVFEMTDC,ID_VDMVFEMTDC,C2,信号中断/覆盖退化,服务小区覆盖距离超过 1 km，越区覆盖,检查越区覆盖，调整功率、方位角或切换边界。,-73.01,9.386,989.462,207.829,16.4
RC_ID_U36NA0336R,ID_U36NA0336R,C7,信号中断/覆盖退化,车速超过 40 km/h 影响吞吐,结合高速移动场景优化移动性和覆盖连续性。,-81.402,7.764,690.079,200.266,33.5
RC_ID_Q9DBLAKOSD,ID_Q9DBLAKOSD,C2,信号中断/覆盖退化,服务小区覆盖距离超过 1 km，越区覆盖,检查越区覆盖，调整功率、方位角或切换边界。,-70.403,18.25,767.827,202.343,23.7
RC_ID_RWQK7KMVZP,ID_RWQK7KMVZP,C3,信道干扰,邻区提供更高吞吐,优化邻区关系和切换策略，降低强邻区抢占影响。,-86.404,20.638,779.002,201.644,22.2
RC_ID_WNR2LIJLV6,ID_WNR2LIJLV6,C5,基站故障,频繁切换降低性能,调整切换门限、迟滞和定时器，减少频繁切换。,-81.996,5.849,1000.626,207.458,16.9
RC_ID_QBW5E1Y2Z6,ID_QBW5E1Y2Z6,C7,信号中断/覆盖退化,车速超过 40 km/h 影响吞吐,结合高速移动场景优化移动性和覆盖连续性。,-85.312,10.646,982.646,199.784,30.8
RC_ID_5A1TQK4Q9W,ID_5A1TQK4Q9W,C7,信号中断/覆盖退化,车速超过 40 km/h 影响吞吐,结合高速移动场景优化移动性和覆盖连续性。,-82.015,13,716.37,203.822,36
RC_ID_OW1BOJ7AAF,ID_OW1BOJ7AAF,C3,信道干扰,邻区提供更高吞吐,优化邻区关系和切换策略，降低强邻区抢占影响。,-79.887,4.802,714.8,196.691,16.7
RC_ID_K8P7GHN8ZO,ID_K8P7GHN8ZO,C6,信道干扰,邻区和服务小区 PCI mod 30 相同导致干扰,重新规划 PCI，消除 PCI mod 30 冲突。,-86.746,22.327,644.153,202.719,21.1
RC_ID_LIOGTCQIR7,ID_LIOGTCQIR7,C5,基站故障,频繁切换降低性能,调整切换门限、迟滞和定时器，减少频繁切换。,-80.899,8.366,738.003,207.251,14.8
RC_ID_EU3CYGKTG0,ID_EU3CYGKTG0,C7,信号中断/覆盖退化,车速超过 40 km/h 影响吞吐,结合高速移动场景优化移动性和覆盖连续性。,-82.216,14.272,698.91,209.924,36.1
RC_ID_W3WZSRGJ27,ID_W3WZSRGJ27,C5,基站故障,频繁切换降低性能,调整切换门限、迟滞和定时器，减少频繁切换。,-82.46,9.148,641.175,206.565,23.7
RC_ID_V7SMM7HLHW,ID_V7SMM7HLHW,C2,信号中断/覆盖退化,服务小区覆盖距离超过 1 km，越区覆盖,检查越区覆盖，调整功率、方位角或切换边界。,-86.968,24.967,660.17,207.55,13
RC_ID_1WJ7G9HCGX,ID_1WJ7G9HCGX,C3,信道干扰,邻区提供更高吞吐,优化邻区关系和切换策略，降低强邻区抢占影响。,-83.725,16.593,934.73,208.658,24.3
RC_ID_EKXISZN38R,ID_EKXISZN38R,C2,信号中断/覆盖退化,服务小区覆盖距离超过 1 km，越区覆盖,检查越区覆盖，调整功率、方位角或切换边界。,-83.39,7.704,659.289,206.821,17.2
RC_ID_FN9L3OQBFN,ID_FN9L3OQBFN,C3,信道干扰,邻区提供更高吞吐,优化邻区关系和切换策略，降低强邻区抢占影响。,-87.016,21.57,652.189,193.159,16.6
RC_ID_T52C31FSC3,ID_T52C31FSC3,C2,信号中断/覆盖退化,服务小区覆盖距离超过 1 km，越区覆盖,检查越区覆盖，调整功率、方位角或切换边界。,-81.158,10.31,728.994,199.677,14.1
RC_ID_0AWLLXHCQV,ID_0AWLLXHCQV,C8,带宽不足,平均调度 RB 低于 160 影响吞吐,检查 RB 调度资源，评估扩容或负载均衡。,-81.894,11.194,622.405,168.6215,22.7
RC_ID_EG6RWD07LE,ID_EG6RWD07LE,C8,带宽不足,平均调度 RB 低于 160 影响吞吐,检查 RB 调度资源，评估扩容或负载均衡。,-81.69,12.057,740.029,168.1655,22.3
RC_ID_7OD02WUNJI,ID_7OD02WUNJI,C4,信道干扰,非共站同频邻区导致严重重叠覆盖,处理同频重叠覆盖，优化频点、功率和覆盖边界。,-85.82,22.441,703.671,198.871,21.6
RC_ID_PDI56LMXT9,ID_PDI56LMXT9,C6,信道干扰,邻区和服务小区 PCI mod 30 相同导致干扰,重新规划 PCI，消除 PCI mod 30 冲突。,-82.644,10.774,798.692,207.892,16.5
RC_ID_HGQTP2ZPZC,ID_HGQTP2ZPZC,C5,基站故障,频繁切换降低性能,调整切换门限、迟滞和定时器，减少频繁切换。,-87.101,19.99,783.245,210.285,17.9
RC_ID_S4ARBSX1CO,ID_S4ARBSX1CO,C8,带宽不足,平均调度 RB 低于 160 影响吞吐,检查 RB 调度资源，评估扩容或负载均衡。,-77.544,3.404,595.219,155.2945,18.8
RC_ID_83YC9P802P,ID_83YC9P802P,C8,带宽不足,平均调度 RB 低于 160 影响吞吐,检查 RB 调度资源，评估扩容或负载均衡。,-86.943,24.963,553.339,161.1055,20.9
RC_ID_9ABC83HOCZ,ID_9ABC83HOCZ,C7,信号中断/覆盖退化,车速超过 40 km/h 影响吞吐,结合高速移动场景优化移动性和覆盖连续性。,-82.665,4.645,874.059,198.369,34.9
RC_ID_FVGUGRJ9BT,ID_FVGUGRJ9BT,C1,信号中断/覆盖退化,服务小区下倾角过大，远端弱覆盖,复核服务小区下倾角，优化远端覆盖。,-83.12,9.258,707.77,196.21,19
RC_ID_JSGUG6QGWJ,ID_JSGUG6QGWJ,C4,信道干扰,非共站同频邻区导致严重重叠覆盖,处理同频重叠覆盖，优化频点、功率和覆盖边界。,-82.708,9.801,961.856,209.372,14.5
RC_ID_Q1GW0EQWME,ID_Q1GW0EQWME,C5,基站故障,频繁切换降低性能,调整切换门限、迟滞和定时器，减少频繁切换。,-80.405,5.998,733.326,207.589,21.1
RC_ID_N0YUN3BVCU,ID_N0YUN3BVCU,C8,带宽不足,平均调度 RB 低于 160 影响吞吐,检查 RB 调度资源，评估扩容或负载均衡。,-83.384,2.522,650.548,159.8775,16.5
RC_ID_3ZG3BZEJLY,ID_3ZG3BZEJLY,C8,带宽不足,平均调度 RB 低于 160 影响吞吐,检查 RB 调度资源，评估扩容或负载均衡。,-84.839,15.557,743.725,164.378,24.3
RC_ID_D6DIR6A1PE,ID_D6DIR6A1PE,C7,信号中断/覆盖退化,车速超过 40 km/h 影响吞吐,结合高速移动场景优化移动性和覆盖连续性。,-79.607,6.539,607.329,204.595,28.4
RC_ID_RFHKX8ER1W,ID_RFHKX8ER1W,C7,信号中断/覆盖退化,车速超过 40 km/h 影响吞吐,结合高速移动场景优化移动性和覆盖连续性。,-83.494,1.134,606.579,205.656,36.1
RC_ID_R0R2JRRDGY,ID_R0R2JRRDGY,C7,信号中断/覆盖退化,车速超过 40 km/h 影响吞吐,结合高速移动场景优化移动性和覆盖连续性。,-71.717,4.622,737.008,199.131,35.8
RC_ID_LIMKSMTSNR,ID_LIMKSMTSNR,C6,信道干扰,邻区和服务小区 PCI mod 30 相同导致干扰,重新规划 PCI，消除 PCI mod 30 冲突。,-86.453,12.433,1019.289,210.815,21.2
RC_ID_Z31JO4887D,ID_Z31JO4887D,C5,基站故障,频繁切换降低性能,调整切换门限、迟滞和定时器，减少频繁切换。,-84.998,10.698,921.43,207.86,15.8
RC_ID_J8YVYIXCBX,ID_J8YVYIXCBX,C7,信号中断/覆盖退化,车速超过 40 km/h 影响吞吐,结合高速移动场景优化移动性和覆盖连续性。,-79.355,12.058,847.792,207.317,33.4
RC_ID_5NJLMNFAK9,ID_5NJLMNFAK9,C2,信号中断/覆盖退化,服务小区覆盖距离超过 1 km，越区覆盖,检查越区覆盖，调整功率、方位角或切换边界。,-85.419,5.763,650.821,208.019,19.3
RC_ID_LD6GBZT1T6,ID_LD6GBZT1T6,C5,基站故障,频繁切换降低性能,调整切换门限、迟滞和定时器，减少频繁切换。,-79.62,8.049,641.856,207.212,24.1
RC_ID_CU7AOUNLE4,ID_CU7AOUNLE4,C4,信道干扰,非共站同频邻区导致严重重叠覆盖,处理同频重叠覆盖，优化频点、功率和覆盖边界。,-83.627,17.571,1026.954,211.318,20.2
RC_ID_D6YJH6BMNE,ID_D6YJH6BMNE,C5,基站故障,频繁切换降低性能,调整切换门限、迟滞和定时器，减少频繁切换。,-84.757,22.611,678.047,205.682,23.6
RC_ID_0LBMJ5NSPX,ID_0LBMJ5NSPX,C7,信号中断/覆盖退化,车速超过 40 km/h 影响吞吐,结合高速移动场景优化移动性和覆盖连续性。,-86.072,14.998,749.721,200.473,38
RC_ID_HB9L9MVE04,ID_HB9L9MVE04,C6,信道干扰,邻区和服务小区 PCI mod 30 相同导致干扰,重新规划 PCI，消除 PCI mod 30 冲突。,-79.36,9.715,860.39,206.693,18.1
RC_ID_H025IWR92T,ID_H025IWR92T,C7,信号中断/覆盖退化,车速超过 40 km/h 影响吞吐,结合高速移动场景优化移动性和覆盖连续性。,-80.882,9.734,888.98,209.559,32.5
RC_ID_N10FYN8RW1,ID_N10FYN8RW1,C7,信号中断/覆盖退化,车速超过 40 km/h 影响吞吐,结合高速移动场景优化移动性和覆盖连续性。,-86.102,20.043,1046.115,210.023,40.1
RC_ID_LYF306ZF6G,ID_LYF306ZF6G,C4,信道干扰,非共站同频邻区导致严重重叠覆盖,处理同频重叠覆盖，优化频点、功率和覆盖边界。,-83.7,3.874,608.809,207.216,23.5
RC_ID_THE8194IYQ,ID_THE8194IYQ,C6,信道干扰,邻区和服务小区 PCI mod 30 相同导致干扰,重新规划 PCI，消除 PCI mod 30 冲突。,-75.374,11.651,631.605,202.64,20.3
RC_ID_RBUW87B4OD,ID_RBUW87B4OD,C4,信道干扰,非共站同频邻区导致严重重叠覆盖,处理同频重叠覆盖，优化频点、功率和覆盖边界。,-81.996,5.849,1000.626,207.458,16.9
RC_ID_98JQOHEW7N,ID_98JQOHEW7N,C6,信道干扰,邻区和服务小区 PCI mod 30 相同导致干扰,重新规划 PCI，消除 PCI mod 30 冲突。,-83.214,3.204,631.877,204.518,22.2
RC_ID_VRYTDPX833,ID_VRYTDPX833,C7,信号中断/覆盖退化,车速超过 40 km/h 影响吞吐,结合高速移动场景优化移动性和覆盖连续性。,-78.947,29.774,688.72,210.581,42.7
RC_ID_OJV1GQDD0A,ID_OJV1GQDD0A,C3,信道干扰,邻区提供更高吞吐,优化邻区关系和切换策略，降低强邻区抢占影响。,-84.459,20.207,780.667,202.918,17.5
RC_ID_K7TY4UJVE4,ID_K7TY4UJVE4,C7,信号中断/覆盖退化,车速超过 40 km/h 影响吞吐,结合高速移动场景优化移动性和覆盖连续性。,-83.573,9.209,773.177,208.261,37.6
RC_ID_LVA8JLQYNV,ID_LVA8JLQYNV,C4,信道干扰,非共站同频邻区导致严重重叠覆盖,处理同频重叠覆盖，优化频点、功率和覆盖边界。,-82.564,8.078,504.807,198.195,7.2
RC_ID_9M0POH2BRR,ID_9M0POH2BRR,C7,信号中断/覆盖退化,车速超过 40 km/h 影响吞吐,结合高速移动场景优化移动性和覆盖连续性。,-85.281,7.62,1010.785,208.125,35.9
RC_ID_MTI6Y06P9Q,ID_MTI6Y06P9Q,C7,信号中断/覆盖退化,车速超过 40 km/h 影响吞吐,结合高速移动场景优化移动性和覆盖连续性。,-81.063,11.878,686.453,208.342,33.3
RC_ID_6YYXNV6VH2,ID_6YYXNV6VH2,C4,信道干扰,非共站同频邻区导致严重重叠覆盖,处理同频重叠覆盖，优化频点、功率和覆盖边界。,-80.603,4.657,717.765,205.052,14.5
RC_ID_4PE3W8VNF6,ID_4PE3W8VNF6,C4,信道干扰,非共站同频邻区导致严重重叠覆盖,处理同频重叠覆盖，优化频点、功率和覆盖边界。,-83.494,1.134,606.579,205.656,20.1
RC_ID_4F2IQ9QKXY,ID_4F2IQ9QKXY,C5,基站故障,频繁切换降低性能,调整切换门限、迟滞和定时器，减少频繁切换。,-86.614,21.24,671.739,204.145,18.9
RC_ID_0QY0BW7U1S,ID_0QY0BW7U1S,C5,基站故障,频繁切换降低性能,调整切换门限、迟滞和定时器，减少频繁切换。,-83.471,10.513,652.939,195.005,16.8
RC_ID_5USICV8FD8,ID_5USICV8FD8,C3,信道干扰,邻区提供更高吞吐,优化邻区关系和切换策略，降低强邻区抢占影响。,-86.746,22.327,684.153,202.719,21.1
RC_ID_8K5T7YYRJ4,ID_8K5T7YYRJ4,C2,信号中断/覆盖退化,服务小区覆盖距离超过 1 km，越区覆盖,检查越区覆盖，调整功率、方位角或切换边界。,-82.461,11.021,590.72,186.587,15.6
RC_ID_7UC7PYM5JB,ID_7UC7PYM5JB,C2,信号中断/覆盖退化,服务小区覆盖距离超过 1 km，越区覆盖,检查越区覆盖，调整功率、方位角或切换边界。,-79.903,8.477,741.887,193.861,21.7
RC_ID_58002EDD14,ID_58002EDD14,C5,基站故障,频繁切换降低性能,调整切换门限、迟滞和定时器，减少频繁切换。,-84.24,13.214,607.955,209.886,23.4
RC_ID_S1RB4B6F47,ID_S1RB4B6F47,C5,基站故障,频繁切换降低性能,调整切换门限、迟滞和定时器，减少频繁切换。,-81.894,21.261,973.782,207.787,17.6
RC_ID_LESQ1J4E3H,ID_LESQ1J4E3H,C1,信号中断/覆盖退化,服务小区下倾角过大，远端弱覆盖,复核服务小区下倾角，优化远端覆盖。,-88.247,8.596,807.296,201.357,19.1
RC_ID_PTF35ULFD0,ID_PTF35ULFD0,C1,信号中断/覆盖退化,服务小区下倾角过大，远端弱覆盖,复核服务小区下倾角，优化远端覆盖。,-81.706,17.739,926.353,204.469,21
RC_ID_UNWYX9RLTW,ID_UNWYX9RLTW,C5,基站故障,频繁切换降低性能,调整切换门限、迟滞和定时器，减少频繁切换。,-80.557,8.795,663.923,204.039,18.6
RC_ID_EIHCPDLENZ,ID_EIHCPDLENZ,C2,信号中断/覆盖退化,服务小区覆盖距离超过 1 km，越区覆盖,检查越区覆盖，调整功率、方位角或切换边界。,-83.168,11.265,1120.954,204.78,17.5
RC_ID_75M1PBBP74,ID_75M1PBBP74,C5,基站故障,频繁切换降低性能,调整切换门限、迟滞和定时器，减少频繁切换。,-81.881,13.581,690.047,203.066,25.4
RC_ID_2BXV67IVUO,ID_2BXV67IVUO,C3,信道干扰,邻区提供更高吞吐,优化邻区关系和切换策略，降低强邻区抢占影响。,-83.032,10.864,692.082,202.823,25
RC_ID_0EI9HDC6F9,ID_0EI9HDC6F9,C2,信号中断/覆盖退化,服务小区覆盖距离超过 1 km，越区覆盖,检查越区覆盖，调整功率、方位角或切换边界。,-87.029,26.518,934.381,210.77,17.6
RC_ID_61OV01K6M7,ID_61OV01K6M7,C1,信号中断/覆盖退化,服务小区下倾角过大，远端弱覆盖,复核服务小区下倾角，优化远端覆盖。,-80.625,8.149,673.646,189.291,18.8
RC_ID_1Q9BHKOCJ4,ID_1Q9BHKOCJ4,C2,信号中断/覆盖退化,服务小区覆盖距离超过 1 km，越区覆盖,检查越区覆盖，调整功率、方位角或切换边界。,-82.871,12.325,615.173,197.706,25.9
RC_ID_5UFOF2SULZ,ID_5UFOF2SULZ,C7,信号中断/覆盖退化,车速超过 40 km/h 影响吞吐,结合高速移动场景优化移动性和覆盖连续性。,-84.079,4.405,758.912,198.528,31.5
RC_ID_SO71N59LUG,ID_SO71N59LUG,C5,基站故障,频繁切换降低性能,调整切换门限、迟滞和定时器，减少频繁切换。,-83.795,8.577,932.424,201.127,23.4
RC_ID_63UQL4F4R2,ID_63UQL4F4R2,C8,带宽不足,平均调度 RB 低于 160 影响吞吐,检查 RB 调度资源，评估扩容或负载均衡。,-78.045,10.696,704.641,166.0005,19.5
RC_ID_7VV88A8MDB,ID_7VV88A8MDB,C1,信号中断/覆盖退化,服务小区下倾角过大，远端弱覆盖,复核服务小区下倾角，优化远端覆盖。,-83.107,6.539,607.329,204.595,12.4
RC_ID_1OU4MPC2JR,ID_1OU4MPC2JR,C8,带宽不足,平均调度 RB 低于 160 影响吞吐,检查 RB 调度资源，评估扩容或负载均衡。,-78.868,14.143,826.737,164.1775,20.7
RC_ID_F7TTP14UL2,ID_F7TTP14UL2,C5,基站故障,频繁切换降低性能,调整切换门限、迟滞和定时器，减少频繁切换。,-80.496,4.771,553.159,196.343,19.5
RC_ID_AH222DV1GZ,ID_AH222DV1GZ,C6,信道干扰,邻区和服务小区 PCI mod 30 相同导致干扰,重新规划 PCI，消除 PCI mod 30 冲突。,-84.3,9.197,617.177,199.703,16.5
RC_ID_QXSAD2914H,ID_QXSAD2914H,C7,信号中断/覆盖退化,车速超过 40 km/h 影响吞吐,结合高速移动场景优化移动性和覆盖连续性。,-84.522,7.411,1112.746,208.063,36.3
RC_ID_I62V85A82K,ID_I62V85A82K,C2,信号中断/覆盖退化,服务小区覆盖距离超过 1 km，越区覆盖,检查越区覆盖，调整功率、方位角或切换边界。,-83.888,8.217,666.702,210.186,16.8
RC_ID_AH3P62JVGX,ID_AH3P62JVGX,C1,信号中断/覆盖退化,服务小区下倾角过大，远端弱覆盖,复核服务小区下倾角，优化远端覆盖。,-86.119,14.908,871.607,210.908,19.4
RC_ID_708M0P6KCN,ID_708M0P6KCN,C2,信号中断/覆盖退化,服务小区覆盖距离超过 1 km，越区覆盖,检查越区覆盖，调整功率、方位角或切换边界。,-84.119,14.908,871.607,210.908,19.4
RC_ID_MG7VJSUSV9,ID_MG7VJSUSV9,C5,基站故障,频繁切换降低性能,调整切换门限、迟滞和定时器，减少频繁切换。,-82.683,5.486,787.049,206.955,25.1
RC_ID_FGX4M29HPJ,ID_FGX4M29HPJ,C4,信道干扰,非共站同频邻区导致严重重叠覆盖,处理同频重叠覆盖，优化频点、功率和覆盖边界。,-83.512,19.648,1051.553,210.16,22.1
RC_ID_3WOOO7X3K6,ID_3WOOO7X3K6,C7,信号中断/覆盖退化,车速超过 40 km/h 影响吞吐,结合高速移动场景优化移动性和覆盖连续性。,-86.569,19.556,573.755,205.142,36.9
RC_ID_DS3WF4SQRX,ID_DS3WF4SQRX,C2,信号中断/覆盖退化,服务小区覆盖距离超过 1 km，越区覆盖,检查越区覆盖，调整功率、方位角或切换边界。,-84.764,10.193,788.018,210.471,17.9
RC_ID_3DHWE9ENLR,ID_3DHWE9ENLR,C6,信道干扰,邻区和服务小区 PCI mod 30 相同导致干扰,重新规划 PCI，消除 PCI mod 30 冲突。,-82.216,14.272,698.91,209.924,20.1
RC_ID_C1HPW06QWC,ID_C1HPW06QWC,C2,信号中断/覆盖退化,服务小区覆盖距离超过 1 km，越区覆盖,检查越区覆盖，调整功率、方位角或切换边界。,-79.36,9.715,860.39,206.693,18.1
RC_ID_IDSBAFCK8P,ID_IDSBAFCK8P,C7,信号中断/覆盖退化,车速超过 40 km/h 影响吞吐,结合高速移动场景优化移动性和覆盖连续性。,-81.758,14.697,667.403,192.983,39.7
RC_ID_IF2XT5QRJE,ID_IF2XT5QRJE,C5,基站故障,频繁切换降低性能,调整切换门限、迟滞和定时器，减少频繁切换。,-83.342,9.242,660.272,207.177,19.3
RC_ID_WUFVZ5B9NL,ID_WUFVZ5B9NL,C8,带宽不足,平均调度 RB 低于 160 影响吞吐,检查 RB 调度资源，评估扩容或负载均衡。,-83.65,5.985,584.501,165.9375,21.5
RC_ID_1UB6FUC6TX,ID_1UB6FUC6TX,C5,基站故障,频繁切换降低性能,调整切换门限、迟滞和定时器，减少频繁切换。,-80.886,8.559,722.925,205.991,12.3
RC_ID_LU4UO90ATO,ID_LU4UO90ATO,C6,信道干扰,邻区和服务小区 PCI mod 30 相同导致干扰,重新规划 PCI，消除 PCI mod 30 冲突。,-78.045,10.696,704.641,207.702,19.5
RC_ID_APTP5DA9DX,ID_APTP5DA9DX,C8,带宽不足,平均调度 RB 低于 160 影响吞吐,检查 RB 调度资源，评估扩容或负载均衡。,-82.871,12.325,615.173,158.838,25.9
RC_ID_96CI4UQL6T,ID_96CI4UQL6T,C1,信号中断/覆盖退化,服务小区下倾角过大，远端弱覆盖,复核服务小区下倾角，优化远端覆盖。,-89.696,10.312,739.015,182.624,26.3
RC_ID_QYACWWRBJZ,ID_QYACWWRBJZ,C3,信道干扰,邻区提供更高吞吐,优化邻区关系和切换策略，降低强邻区抢占影响。,-84.033,14.453,623.432,210.939,19.8
RC_ID_UXQLAXJR0B,ID_UXQLAXJR0B,C3,信道干扰,邻区提供更高吞吐,优化邻区关系和切换策略，降低强邻区抢占影响。,-85.166,12.788,585.469,199.645,19
RC_ID_OCCUCDVFG4,ID_OCCUCDVFG4,C2,信号中断/覆盖退化,服务小区覆盖距离超过 1 km，越区覆盖,检查越区覆盖，调整功率、方位角或切换边界。,-83.859,21.027,861.719,202.807,17
RC_ID_YUUC1QGB49,ID_YUUC1QGB49,C5,基站故障,频繁切换降低性能,调整切换门限、迟滞和定时器，减少频繁切换。,-81.653,2.989,688.67,208.543,19.9
RC_ID_157PPJA0WD,ID_157PPJA0WD,C2,信号中断/覆盖退化,服务小区覆盖距离超过 1 km，越区覆盖,检查越区覆盖，调整功率、方位角或切换边界。,-80.384,21.3,856.487,203.252,16.7
RC_ID_BAIMEJ9LNL,ID_BAIMEJ9LNL,C7,信号中断/覆盖退化,车速超过 40 km/h 影响吞吐,结合高速移动场景优化移动性和覆盖连续性。,-80.657,9.564,685.298,204.124,37.5
RC_ID_00D3WKOJ4O,ID_00D3WKOJ4O,C7,信号中断/覆盖退化,车速超过 40 km/h 影响吞吐,结合高速移动场景优化移动性和覆盖连续性。,-87.467,15.545,922.385,207.194,36.2
RC_ID_B9UTNE5L2W,ID_B9UTNE5L2W,C8,带宽不足,平均调度 RB 低于 160 影响吞吐,检查 RB 调度资源，评估扩容或负载均衡。,-81.685,7.162,639.757,164.646,15.6
RC_ID_WC1Y2PGEQZ,ID_WC1Y2PGEQZ,C3,信道干扰,邻区提供更高吞吐,优化邻区关系和切换策略，降低强邻区抢占影响。,-79.907,5.707,786.389,207.093,23.1
RC_ID_K417NFRCWD,ID_K417NFRCWD,C5,基站故障,频繁切换降低性能,调整切换门限、迟滞和定时器，减少频繁切换。,-86.547,24.024,887.997,210.469,14.8
RC_ID_6WCM2XLP0F,ID_6WCM2XLP0F,C6,信道干扰,邻区和服务小区 PCI mod 30 相同导致干扰,重新规划 PCI，消除 PCI mod 30 冲突。,-82.88,8.054,1059.595,208.278,23.3
RC_ID_XTZSFW7B5P,ID_XTZSFW7B5P,C3,信道干扰,邻区提供更高吞吐,优化邻区关系和切换策略，降低强邻区抢占影响。,-79.698,13.366,816.623,209.474,16
RC_ID_Z4AM5L8XHB,ID_Z4AM5L8XHB,C6,信道干扰,邻区和服务小区 PCI mod 30 相同导致干扰,重新规划 PCI，消除 PCI mod 30 冲突。,-85.944,6.208,610.361,200.011,22.8
RC_ID_5V5W8I012Z,ID_5V5W8I012Z,C7,信号中断/覆盖退化,车速超过 40 km/h 影响吞吐,结合高速移动场景优化移动性和覆盖连续性。,-86.557,13.4,1103.026,210.328,31.9
RC_ID_F59Y457MOZ,ID_F59Y457MOZ,C7,信号中断/覆盖退化,车速超过 40 km/h 影响吞吐,结合高速移动场景优化移动性和覆盖连续性。,-85.384,10.13,836.558,204.144,40
RC_ID_STN1VD18V5,ID_STN1VD18V5,C3,信道干扰,邻区提供更高吞吐,优化邻区关系和切换策略，降低强邻区抢占影响。,-80.788,28.484,809.091,207.067,16.8
RC_ID_31E2OT3ZIV,ID_31E2OT3ZIV,C5,基站故障,频繁切换降低性能,调整切换门限、迟滞和定时器，减少频繁切换。,-83.964,7.561,648.033,201.69,18.4
RC_ID_NJEEGE6HLV,ID_NJEEGE6HLV,C7,信号中断/覆盖退化,车速超过 40 km/h 影响吞吐,结合高速移动场景优化移动性和覆盖连续性。,-80.603,4.657,717.765,205.052,30.5
RC_ID_IGLPJ4TTBO,ID_IGLPJ4TTBO,C6,信道干扰,邻区和服务小区 PCI mod 30 相同导致干扰,重新规划 PCI，消除 PCI mod 30 冲突。,-87.28,24.689,607.998,201.457,16.7
RC_ID_UBTJNTV266,ID_UBTJNTV266,C7,信号中断/覆盖退化,车速超过 40 km/h 影响吞吐,结合高速移动场景优化移动性和覆盖连续性。,-80.71,17.926,940.028,203.97,36
RC_ID_82QQW8T1LU,ID_82QQW8T1LU,C8,带宽不足,平均调度 RB 低于 160 影响吞吐,检查 RB 调度资源，评估扩容或负载均衡。,-87.101,19.99,783.245,168.2025,17.9
RC_ID_3P038POKAU,ID_3P038POKAU,C5,基站故障,频繁切换降低性能,调整切换门限、迟滞和定时器，减少频繁切换。,-87.328,20.356,600.418,195.456,22.7
RC_ID_OUQPM7TC6A,ID_OUQPM7TC6A,C2,信号中断/覆盖退化,服务小区覆盖距离超过 1 km，越区覆盖,检查越区覆盖，调整功率、方位角或切换边界。,-79.62,8.049,641.856,207.212,24.1
RC_ID_5T78YFW93K,ID_5T78YFW93K,C3,信道干扰,邻区提供更高吞吐,优化邻区关系和切换策略，降低强邻区抢占影响。,-79.07,4.512,654.549,208.269,25.5
RC_ID_WZA1QOMS2Z,ID_WZA1QOMS2Z,C6,信道干扰,邻区和服务小区 PCI mod 30 相同导致干扰,重新规划 PCI，消除 PCI mod 30 冲突。,-84.898,15.383,625.299,199.198,13.1
RC_ID_AIVC5QABJZ,ID_AIVC5QABJZ,C3,信道干扰,邻区提供更高吞吐,优化邻区关系和切换策略，降低强邻区抢占影响。,-77.731,13.586,816.388,203.638,23.4
RC_ID_TYLSGOW8SV,ID_TYLSGOW8SV,C5,基站故障,频繁切换降低性能,调整切换门限、迟滞和定时器，减少频繁切换。,-85.889,22.399,634.862,198.663,18.2
RC_ID_XY2A1RPTVM,ID_XY2A1RPTVM,C6,信道干扰,邻区和服务小区 PCI mod 30 相同导致干扰,重新规划 PCI，消除 PCI mod 30 冲突。,-84.074,5.471,663.758,203.457,21.9
RC_ID_TVBFFYNO2M,ID_TVBFFYNO2M,C8,带宽不足,平均调度 RB 低于 160 影响吞吐,检查 RB 调度资源，评估扩容或负载均衡。,-83.037,3.811,615.835,162.9645,19.9
RC_ID_22BP3QRP95,ID_22BP3QRP95,C4,信道干扰,非共站同频邻区导致严重重叠覆盖,处理同频重叠覆盖，优化频点、功率和覆盖边界。,-87.467,15.545,922.385,207.194,20.2
RC_ID_9F6PRZXE7Q,ID_9F6PRZXE7Q,C4,信道干扰,非共站同频邻区导致严重重叠覆盖,处理同频重叠覆盖，优化频点、功率和覆盖边界。,-83.573,9.209,773.177,208.261,21.6
RC_ID_JJ6ANZBIF8,ID_JJ6ANZBIF8,C6,信道干扰,邻区和服务小区 PCI mod 30 相同导致干扰,重新规划 PCI，消除 PCI mod 30 冲突。,-80.762,8.207,834.292,206.91,21.2
RC_ID_6N1MSZGH1V,ID_6N1MSZGH1V,C8,带宽不足,平均调度 RB 低于 160 影响吞吐,检查 RB 调度资源，评估扩容或负载均衡。,-84.757,22.611,678.047,164.58,23.6
RC_ID_DRLD1HHQIU,ID_DRLD1HHQIU,C3,信道干扰,邻区提供更高吞吐,优化邻区关系和切换策略，降低强邻区抢占影响。,-83.342,9.242,700.272,207.177,19.3
RC_ID_FZMK6ASTSJ,ID_FZMK6ASTSJ,C1,信号中断/覆盖退化,服务小区下倾角过大，远端弱覆盖,复核服务小区下倾角，优化远端覆盖。,-82.154,11.049,702.967,207.088,20.2
RC_ID_3HV5R1CJ2E,ID_3HV5R1CJ2E,C7,信号中断/覆盖退化,车速超过 40 km/h 影响吞吐,结合高速移动场景优化移动性和覆盖连续性。,-87.196,10.312,739.015,182.624,42.3
RC_ID_PODZOBHBRN,ID_PODZOBHBRN,C1,信号中断/覆盖退化,服务小区下倾角过大，远端弱覆盖,复核服务小区下倾角，优化远端覆盖。,-84.597,10.49,694.975,203.005,18.4
RC_ID_KZIQVKCKQN,ID_KZIQVKCKQN,C6,信道干扰,邻区和服务小区 PCI mod 30 相同导致干扰,重新规划 PCI，消除 PCI mod 30 冲突。,-81.542,11.217,850.051,208.43,18.5
RC_ID_S3WYNNGAYS,ID_S3WYNNGAYS,C5,基站故障,频繁切换降低性能,调整切换门限、迟滞和定时器，减少频繁切换。,-84.835,8.159,602.102,207.152,16.5
RC_ID_NJCGFTDRCT,ID_NJCGFTDRCT,C1,信号中断/覆盖退化,服务小区下倾角过大，远端弱覆盖,复核服务小区下倾角，优化远端覆盖。,-81.62,8.049,641.856,207.212,24.1
RC_ID_BJXAXO5ETU,ID_BJXAXO5ETU,C8,带宽不足,平均调度 RB 低于 160 影响吞吐,检查 RB 调度资源，评估扩容或负载均衡。,-87.018,20.55,562.341,158.8695,17.8
RC_ID_LXPEK2IJU1,ID_LXPEK2IJU1,C2,信号中断/覆盖退化,服务小区覆盖距离超过 1 km，越区覆盖,检查越区覆盖，调整功率、方位角或切换边界。,-84.828,26.219,807.398,210.648,23.1
RC_ID_XYNVMUJB3J,ID_XYNVMUJB3J,C8,带宽不足,平均调度 RB 低于 160 影响吞吐,检查 RB 调度资源，评估扩容或负载均衡。,-80.049,12.104,795.85,166.8545,21.7
RC_ID_G57KA8TFVD,ID_G57KA8TFVD,C4,信道干扰,非共站同频邻区导致严重重叠覆盖,处理同频重叠覆盖，优化频点、功率和覆盖边界。,-81.69,12.057,740.029,210.15,22.3
RC_ID_Z4CJJLMJ6C,ID_Z4CJJLMJ6C,C6,信道干扰,邻区和服务小区 PCI mod 30 相同导致干扰,重新规划 PCI，消除 PCI mod 30 冲突。,-85.019,7.168,608.769,194.649,25.3
RC_ID_YLN6UMIJBJ,ID_YLN6UMIJBJ,C2,信号中断/覆盖退化,服务小区覆盖距离超过 1 km，越区覆盖,检查越区覆盖，调整功率、方位角或切换边界。,-85.897,15.118,718.718,210.43,19.5
RC_ID_ZG30TJSRDE,ID_ZG30TJSRDE,C4,信道干扰,非共站同频邻区导致严重重叠覆盖,处理同频重叠覆盖，优化频点、功率和覆盖边界。,-86.712,5.66,610.332,207.011,16.9
RC_ID_OE4P1L2JR6,ID_OE4P1L2JR6,C4,信道干扰,非共站同频邻区导致严重重叠覆盖,处理同频重叠覆盖，优化频点、功率和覆盖边界。,-83.072,13.307,778.024,203.175,17.5
RC_ID_DYUGTLW1L9,ID_DYUGTLW1L9,C2,信号中断/覆盖退化,服务小区覆盖距离超过 1 km，越区覆盖,检查越区覆盖，调整功率、方位角或切换边界。,-80.482,10.324,878.543,195.344,17.5
RC_ID_693CHC2UYA,ID_693CHC2UYA,C1,信号中断/覆盖退化,服务小区下倾角过大，远端弱覆盖,复核服务小区下倾角，优化远端覆盖。,-90.443,24.963,553.339,202.133,20.9
RC_ID_74F3GIFTMP,ID_74F3GIFTMP,C5,基站故障,频繁切换降低性能,调整切换门限、迟滞和定时器，减少频繁切换。,-79.607,6.539,607.329,204.595,12.4
RC_ID_GW6YSAM2KL,ID_GW6YSAM2KL,C8,带宽不足,平均调度 RB 低于 160 影响吞吐,检查 RB 调度资源，评估扩容或负载均衡。,-82.216,14.272,698.91,168.27,20.1
RC_ID_KZ5LSN2GF7,ID_KZ5LSN2GF7,C3,信道干扰,邻区提供更高吞吐,优化邻区关系和切换策略，降低强邻区抢占影响。,-80.657,9.564,725.298,204.124,21.5
RC_ID_08S1PFI372,ID_08S1PFI372,C2,信号中断/覆盖退化,服务小区覆盖距离超过 1 km，越区覆盖,检查越区覆盖，调整功率、方位角或切换边界。,-88.071,10.182,687.066,207.417,23.1
RC_ID_6LZDESX9Z8,ID_6LZDESX9Z8,C4,信道干扰,非共站同频邻区导致严重重叠覆盖,处理同频重叠覆盖，优化频点、功率和覆盖边界。,-84.907,6.638,739.23,207.689,22.9
RC_ID_TKVG6U24MW,ID_TKVG6U24MW,C4,信道干扰,非共站同频邻区导致严重重叠覆盖,处理同频重叠覆盖，优化频点、功率和覆盖边界。,-86.496,19.066,976.464,208.737,15.6
RC_ID_CTNVQB4AHK,ID_CTNVQB4AHK,C5,基站故障,频繁切换降低性能,调整切换门限、迟滞和定时器，减少频繁切换。,-86.072,14.998,749.721,200.473,22
RC_ID_VNRCWV2AS5,ID_VNRCWV2AS5,C3,信道干扰,邻区提供更高吞吐,优化邻区关系和切换策略，降低强邻区抢占影响。,-86.156,18.896,664.175,205.699,18.6
RC_ID_XZVKMBSTL3,ID_XZVKMBSTL3,C7,信号中断/覆盖退化,车速超过 40 km/h 影响吞吐,结合高速移动场景优化移动性和覆盖连续性。,-85.709,8.858,814.012,208.726,31.4
RC_ID_ZDT7BA26GU,ID_ZDT7BA26GU,C8,带宽不足,平均调度 RB 低于 160 影响吞吐,检查 RB 调度资源，评估扩容或负载均衡。,-81.639,10.587,729.278,164.957,23.7
RC_ID_P1MQNH8QXW,ID_P1MQNH8QXW,C6,信道干扰,邻区和服务小区 PCI mod 30 相同导致干扰,重新规划 PCI，消除 PCI mod 30 冲突。,-83.939,21.388,986.35,208.35,20.5
RC_ID_04XX1BCH9Z,ID_04XX1BCH9Z,C7,信号中断/覆盖退化,车速超过 40 km/h 影响吞吐,结合高速移动场景优化移动性和覆盖连续性。,-83.39,7.704,659.289,206.821,33.2
RC_ID_4BJO0JTCTZ,ID_4BJO0JTCTZ,C5,基站故障,频繁切换降低性能,调整切换门限、迟滞和定时器，减少频繁切换。,-87.302,14.041,1081.132,211.023,20.1
RC_ID_VNBE02QJA4,ID_VNBE02QJA4,C8,带宽不足,平均调度 RB 低于 160 影响吞吐,检查 RB 调度资源，评估扩容或负载均衡。,-80.13,9.061,638.666,166.432,20.1
RC_ID_MZD8DQ5LSS,ID_MZD8DQ5LSS,C1,信号中断/覆盖退化,服务小区下倾角过大，远端弱覆盖,复核服务小区下倾角，优化远端覆盖。,-90.047,24.024,887.997,210.469,14.8
RC_ID_I8U2AOS4LI,ID_I8U2AOS4LI,C3,信道干扰,邻区提供更高吞吐,优化邻区关系和切换策略，降低强邻区抢占影响。,-76.221,5.799,624.602,200.359,20.9
RC_ID_7SYOTR21HV,ID_7SYOTR21HV,C8,带宽不足,平均调度 RB 低于 160 影响吞吐,检查 RB 调度资源，评估扩容或负载均衡。,-80.028,10.629,805.537,165.3905,17.1
RC_ID_JPV4GHFLXN,ID_JPV4GHFLXN,C1,信号中断/覆盖退化,服务小区下倾角过大，远端弱覆盖,复核服务小区下倾角，优化远端覆盖。,-86.65,5.985,584.501,207.914,21.5
RC_ID_9VZSACZUUM,ID_9VZSACZUUM,C1,信号中断/覆盖退化,服务小区下倾角过大，远端弱覆盖,复核服务小区下倾角，优化远端覆盖。,-89.666,24.717,684.066,204.859,16.7
RC_ID_IVS2CVHSN8,ID_IVS2CVHSN8,C6,信道干扰,邻区和服务小区 PCI mod 30 相同导致干扰,重新规划 PCI，消除 PCI mod 30 冲突。,-81.516,6.677,1157.076,209.546,16.2
RC_ID_U8A6SGZY9O,ID_U8A6SGZY9O,C1,信号中断/覆盖退化,服务小区下倾角过大，远端弱覆盖,复核服务小区下倾角，优化远端覆盖。,-85.716,14.272,698.91,209.924,20.1
RC_ID_6010K9CM16,ID_6010K9CM16,C6,信道干扰,邻区和服务小区 PCI mod 30 相同导致干扰,重新规划 PCI，消除 PCI mod 30 冲突。,-80.904,7.801,579.148,205.833,22.5
RC_ID_M4LN1BGEGX,ID_M4LN1BGEGX,C1,信号中断/覆盖退化,服务小区下倾角过大，远端弱覆盖,复核服务小区下倾角，优化远端覆盖。,-70.888,4.254,677.069,203.497,19.2
RC_ID_WPUE372RJ6,ID_WPUE372RJ6,C5,基站故障,频繁切换降低性能,调整切换门限、迟滞和定时器，减少频繁切换。,-85.312,10.646,982.646,199.784,14.8
RC_ID_QAJGNJZ2PH,ID_QAJGNJZ2PH,C5,基站故障,频繁切换降低性能,调整切换门限、迟滞和定时器，减少频繁切换。,-84.036,24.137,615.913,206.972,19.9
RC_ID_VETMZ2ERFP,ID_VETMZ2ERFP,C7,信号中断/覆盖退化,车速超过 40 km/h 影响吞吐,结合高速移动场景优化移动性和覆盖连续性。,-80.869,8.051,941.371,204.071,37.3
RC_ID_JYUUWVSXP6,ID_JYUUWVSXP6,C4,信道干扰,非共站同频邻区导致严重重叠覆盖,处理同频重叠覆盖，优化频点、功率和覆盖边界。,-78.423,8.525,747.947,204.725,21
RC_ID_DPU145YTDQ,ID_DPU145YTDQ,C7,信号中断/覆盖退化,车速超过 40 km/h 影响吞吐,结合高速移动场景优化移动性和覆盖连续性。,-85.419,5.763,650.821,208.019,35.3
RC_ID_DIFHTFYHHU,ID_DIFHTFYHHU,C3,信道干扰,邻区提供更高吞吐,优化邻区关系和切换策略，降低强邻区抢占影响。,-85.962,21.995,679.432,207.145,17
RC_ID_RL3EBPAFFV,ID_RL3EBPAFFV,C2,信号中断/覆盖退化,服务小区覆盖距离超过 1 km，越区覆盖,检查越区覆盖，调整功率、方位角或切换边界。,-77.731,13.586,776.388,203.638,23.4
RC_ID_7OBWREFFD0,ID_7OBWREFFD0,C8,带宽不足,平均调度 RB 低于 160 影响吞吐,检查 RB 调度资源，评估扩容或负载均衡。,-86.237,1.741,730.911,165.703,26.3
RC_ID_OIXPYB4K5P,ID_OIXPYB4K5P,C3,信道干扰,邻区提供更高吞吐,优化邻区关系和切换策略，降低强邻区抢占影响。,-80.206,17.739,966.353,204.469,21
RC_ID_EYL4QBURYR,ID_EYL4QBURYR,C6,信道干扰,邻区和服务小区 PCI mod 30 相同导致干扰,重新规划 PCI，消除 PCI mod 30 冲突。,-87.514,20.487,912.714,209.57,21.1
RC_ID_B9OLAC4ODL,ID_B9OLAC4ODL,C7,信号中断/覆盖退化,车速超过 40 km/h 影响吞吐,结合高速移动场景优化移动性和覆盖连续性。,-80.499,21.093,728.698,207.166,38.8
RC_ID_MNA3WO1R1T,ID_MNA3WO1R1T,C2,信号中断/覆盖退化,服务小区覆盖距离超过 1 km，越区覆盖,检查越区覆盖，调整功率、方位角或切换边界。,-80.405,5.998,733.326,207.589,21.1
RC_ID_PPTXR2TRND,ID_PPTXR2TRND,C2,信号中断/覆盖退化,服务小区覆盖距离超过 1 km，越区覆盖,检查越区覆盖，调整功率、方位角或切换边界。,-80.751,12.26,815.971,206.711,12
RC_ID_E33J3GJNHL,ID_E33J3GJNHL,C4,信道干扰,非共站同频邻区导致严重重叠覆盖,处理同频重叠覆盖，优化频点、功率和覆盖边界。,-80.007,6.604,764.331,206.807,21.6
RC_ID_VB5JLIX1DT,ID_VB5JLIX1DT,C3,信道干扰,邻区提供更高吞吐,优化邻区关系和切换策略，降低强邻区抢占影响。,-85.312,10.646,1022.646,199.784,14.8
RC_ID_PZGM2VTTB5,ID_PZGM2VTTB5,C3,信道干扰,邻区提供更高吞吐,优化邻区关系和切换策略，降低强邻区抢占影响。,-78.851,9.781,610.043,202.879,20.4
RC_ID_RRVMQSQIY1,ID_RRVMQSQIY1,C7,信号中断/覆盖退化,车速超过 40 km/h 影响吞吐,结合高速移动场景优化移动性和覆盖连续性。,-75.374,11.651,631.605,202.64,36.3
RC_ID_UOU5KVADVW,ID_UOU5KVADVW,C2,信号中断/覆盖退化,服务小区覆盖距离超过 1 km，越区覆盖,检查越区覆盖，调整功率、方位角或切换边界。,-86.219,22.161,641.732,199.964,23.9
RC_ID_HQR5OJ68VP,ID_HQR5OJ68VP,C3,信道干扰,邻区提供更高吞吐,优化邻区关系和切换策略，降低强邻区抢占影响。,-81.996,5.849,1040.626,207.458,16.9
RC_ID_3S5S7HT98R,ID_3S5S7HT98R,C8,带宽不足,平均调度 RB 低于 160 影响吞吐,检查 RB 调度资源，评估扩容或负载均衡。,-80.307,4.617,695.162,162.502,20
RC_ID_Q24AR3YXXR,ID_Q24AR3YXXR,C5,基站故障,频繁切换降低性能,调整切换门限、迟滞和定时器，减少频繁切换。,-86.939,20.147,590.381,206.685,23.6
RC_ID_CCR4HCI7PN,ID_CCR4HCI7PN,C3,信道干扰,邻区提供更高吞吐,优化邻区关系和切换策略，降低强邻区抢占影响。,-80.904,7.801,619.148,205.833,22.5
RC_ID_5XBS7LGPTV,ID_5XBS7LGPTV,C2,信号中断/覆盖退化,服务小区覆盖距离超过 1 km，越区覆盖,检查越区覆盖，调整功率、方位角或切换边界。,-85.859,21.8,622.746,203.884,25.1
RC_ID_IQO9O8UHAU,ID_IQO9O8UHAU,C4,信道干扰,非共站同频邻区导致严重重叠覆盖,处理同频重叠覆盖，优化频点、功率和覆盖边界。,-81.336,4.393,749.774,209.254,14.3
RC_ID_LIGKDVOWRN,ID_LIGKDVOWRN,C5,基站故障,频繁切换降低性能,调整切换门限、迟滞和定时器，减少频繁切换。,-86.968,24.967,660.17,207.55,13
RC_ID_KALRSUUE9S,ID_KALRSUUE9S,C5,基站故障,频繁切换降低性能,调整切换门限、迟滞和定时器，减少频繁切换。,-82.216,14.272,698.91,209.924,20.1
RC_ID_1KYH9TFTTR,ID_1KYH9TFTTR,C5,基站故障,频繁切换降低性能,调整切换门限、迟滞和定时器，减少频繁切换。,-83.848,13.263,822.625,210.216,20
RC_ID_NE1VXSBSP9,ID_NE1VXSBSP9,C1,信号中断/覆盖退化,服务小区下倾角过大，远端弱覆盖,复核服务小区下倾角，优化远端覆盖。,-82.279,4.4,517.701,206.171,10
RC_ID_GYYSMGNL8E,ID_GYYSMGNL8E,C6,信道干扰,邻区和服务小区 PCI mod 30 相同导致干扰,重新规划 PCI，消除 PCI mod 30 冲突。,-81.822,9.889,594.488,207.671,16.9
RC_ID_Z1XXP0R5SJ,ID_Z1XXP0R5SJ,C7,信号中断/覆盖退化,车速超过 40 km/h 影响吞吐,结合高速移动场景优化移动性和覆盖连续性。,-83.437,4.12,712.502,205.222,43.2
RC_ID_PXL0PW59HP,ID_PXL0PW59HP,C2,信号中断/覆盖退化,服务小区覆盖距离超过 1 km，越区覆盖,检查越区覆盖，调整功率、方位角或切换边界。,-87.016,21.57,612.189,193.159,16.6
RC_ID_9TGSWXM1MF,ID_9TGSWXM1MF,C5,基站故障,频繁切换降低性能,调整切换门限、迟滞和定时器，减少频繁切换。,-82.665,4.645,874.059,198.369,18.9
RC_ID_GO40XG47LZ,ID_GO40XG47LZ,C7,信号中断/覆盖退化,车速超过 40 km/h 影响吞吐,结合高速移动场景优化移动性和覆盖连续性。,-85.143,18.521,936.238,207.054,40.6
RC_ID_MJF4KR758Y,ID_MJF4KR758Y,C1,信号中断/覆盖退化,服务小区下倾角过大，远端弱覆盖,复核服务小区下倾角，优化远端覆盖。,-87.409,11.824,665.507,210.472,19.5
RC_ID_7IFQ1PKCPQ,ID_7IFQ1PKCPQ,C4,信道干扰,非共站同频邻区导致严重重叠覆盖,处理同频重叠覆盖，优化频点、功率和覆盖边界。,-85.897,15.118,718.718,210.43,19.5
RC_ID_GFAEEMTM4I,ID_GFAEEMTM4I,C4,信道干扰,非共站同频邻区导致严重重叠覆盖,处理同频重叠覆盖，优化频点、功率和覆盖边界。,-79.07,4.512,614.549,208.269,25.5
RC_ID_0ZP17OJFTW,ID_0ZP17OJFTW,C1,信号中断/覆盖退化,服务小区下倾角过大，远端弱覆盖,复核服务小区下倾角，优化远端覆盖。,-88.748,-2.708,664.175,205.828,24.8
RC_ID_SZ9RZFZ1AC,ID_SZ9RZFZ1AC,C8,带宽不足,平均调度 RB 低于 160 影响吞吐,检查 RB 调度资源，评估扩容或负载均衡。,-82.25,12.509,858.033,167.4065,23.4
RC_ID_PQKTYWHRBF,ID_PQKTYWHRBF,C2,信号中断/覆盖退化,服务小区覆盖距离超过 1 km，越区覆盖,检查越区覆盖，调整功率、方位角或切换边界。,-79.977,5.046,557.125,202.529,19.1
RC_ID_WQL2M0IYHD,ID_WQL2M0IYHD,C5,基站故障,频繁切换降低性能,调整切换门限、迟滞和定时器，减少频繁切换。,-79.903,8.477,741.887,193.861,21.7
RC_ID_B9G4G3F180,ID_B9G4G3F180,C8,带宽不足,平均调度 RB 低于 160 影响吞吐,检查 RB 调度资源，评估扩容或负载均衡。,-81.227,7.168,538.815,164.908,17.3
RC_ID_Q3YHXNT69B,ID_Q3YHXNT69B,C1,信号中断/覆盖退化,服务小区下倾角过大，远端弱覆盖,复核服务小区下倾角，优化远端覆盖。,-87.274,5.167,613.727,209.546,21.6
RC_ID_EP9Q7NIIBZ,ID_EP9Q7NIIBZ,C7,信号中断/覆盖退化,车速超过 40 km/h 影响吞吐,结合高速移动场景优化移动性和覆盖连续性。,-81.614,11.942,1123.845,204.858,41.8
RC_ID_N2E0UWGMKQ,ID_N2E0UWGMKQ,C7,信号中断/覆盖退化,车速超过 40 km/h 影响吞吐,结合高速移动场景优化移动性和覆盖连续性。,-85.774,5.167,613.727,209.546,37.6
RC_ID_B6PWBX6GCB,ID_B6PWBX6GCB,C6,信道干扰,邻区和服务小区 PCI mod 30 相同导致干扰,重新规划 PCI，消除 PCI mod 30 冲突。,-81.382,9.494,678.906,206.031,20.8
RC_ID_MCX9CQUPRR,ID_MCX9CQUPRR,C7,信号中断/覆盖退化,车速超过 40 km/h 影响吞吐,结合高速移动场景优化移动性和覆盖连续性。,-86.069,20.49,586.152,206.223,31.3
RC_ID_2O9KSQPNT8,ID_2O9KSQPNT8,C6,信道干扰,邻区和服务小区 PCI mod 30 相同导致干扰,重新规划 PCI，消除 PCI mod 30 冲突。,-83.904,19.519,846.38,208.767,21
RC_ID_JESL3BL5R6,ID_JESL3BL5R6,C7,信号中断/覆盖退化,车速超过 40 km/h 影响吞吐,结合高速移动场景优化移动性和覆盖连续性。,-87.016,21.57,612.189,193.159,32.6
RC_ID_LXW6TIB9AI,ID_LXW6TIB9AI,C5,基站故障,频繁切换降低性能,调整切换门限、迟滞和定时器，减少频繁切换。,-84.242,17.615,983.36,205.525,17.9
RC_ID_9EVXW20WKS,ID_9EVXW20WKS,C2,信号中断/覆盖退化,服务小区覆盖距离超过 1 km，越区覆盖,检查越区覆盖，调整功率、方位角或切换边界。,-77.544,3.404,595.219,192.578,18.8
RC_ID_2G0T572KHF,ID_2G0T572KHF,C7,信号中断/覆盖退化,车速超过 40 km/h 影响吞吐,结合高速移动场景优化移动性和覆盖连续性。,-83.214,3.204,631.877,204.518,38.2
RC_ID_65TMOOOGJ2,ID_65TMOOOGJ2,C7,信号中断/覆盖退化,车速超过 40 km/h 影响吞吐,结合高速移动场景优化移动性和覆盖连续性。,-86.666,24.717,684.066,204.859,32.7
RC_ID_T1V8MZMZMK,ID_T1V8MZMZMK,C6,信道干扰,邻区和服务小区 PCI mod 30 相同导致干扰,重新规划 PCI，消除 PCI mod 30 冲突。,-85.709,8.858,814.012,208.726,15.4
RC_ID_APJJJ3YMAO,ID_APJJJ3YMAO,C5,基站故障,频繁切换降低性能,调整切换门限、迟滞和定时器，减少频繁切换。,-80.049,12.104,795.85,207.918,21.7
RC_ID_9CMR1OKP6F,ID_9CMR1OKP6F,C2,信号中断/覆盖退化,服务小区覆盖距离超过 1 km，越区覆盖,检查越区覆盖，调整功率、方位角或切换边界。,-84.745,6.384,730.106,206.293,19.1
RC_ID_657K9JJIAH,ID_657K9JJIAH,C5,基站故障,频繁切换降低性能,调整切换门限、迟滞和定时器，减少频繁切换。,-81.865,11.728,794.236,204.602,15.1
RC_ID_9DHZUSZTHM,ID_9DHZUSZTHM,C7,信号中断/覆盖退化,车速超过 40 km/h 影响吞吐,结合高速移动场景优化移动性和覆盖连续性。,-84.543,5.398,615.909,204.871,43.4
RC_ID_1ZW3GFDCWB,ID_1ZW3GFDCWB,C5,基站故障,频繁切换降低性能,调整切换门限、迟滞和定时器，减少频繁切换。,-78.722,8.101,696.294,205.39,18.3
RC_ID_GN746M00EZ,ID_GN746M00EZ,C6,信道干扰,邻区和服务小区 PCI mod 30 相同导致干扰,重新规划 PCI，消除 PCI mod 30 冲突。,-78.947,29.774,688.72,210.581,26.7
RC_ID_WLZ142EQX5,ID_WLZ142EQX5,C8,带宽不足,平均调度 RB 低于 160 影响吞吐,检查 RB 调度资源，评估扩容或负载均衡。,-83.746,11.675,678.067,159.777,21.9
RC_ID_U7I34PLRH4,ID_U7I34PLRH4,C2,信号中断/覆盖退化,服务小区覆盖距离超过 1 km，越区覆盖,检查越区覆盖，调整功率、方位角或切换边界。,-63.199,2.743,636.804,196.426,19
RC_ID_8KVPVZ3L7F,ID_8KVPVZ3L7F,C3,信道干扰,邻区提供更高吞吐,优化邻区关系和切换策略，降低强邻区抢占影响。,-81.894,11.194,662.405,210.84,22.7
RC_ID_AB38DYM3WS,ID_AB38DYM3WS,C1,信号中断/覆盖退化,服务小区下倾角过大，远端弱覆盖,复核服务小区下倾角，优化远端覆盖。,-83.198,13.366,776.623,209.474,16
RC_ID_MRWAJGQME2,ID_MRWAJGQME2,C7,信号中断/覆盖退化,车速超过 40 km/h 影响吞吐,结合高速移动场景优化移动性和覆盖连续性。,-83.669,6.373,570.592,205.076,31.3
RC_ID_EQY0Q10S0T,ID_EQY0Q10S0T,C3,信道干扰,邻区提供更高吞吐,优化邻区关系和切换策略，降低强邻区抢占影响。,-81.04,8.307,710.061,209.511,19.1
RC_ID_8P2Y5SEKVM,ID_8P2Y5SEKVM,C1,信号中断/覆盖退化,服务小区下倾角过大，远端弱覆盖,复核服务小区下倾角，优化远端覆盖。,-80.855,12.058,847.792,207.317,17.4
RC_ID_UD8BDNMH2U,ID_UD8BDNMH2U,C4,信道干扰,非共站同频邻区导致严重重叠覆盖,处理同频重叠覆盖，优化频点、功率和覆盖边界。,-83.902,18.669,791.192,205.77,20.9
RC_ID_HW57G49TD4,ID_HW57G49TD4,C4,信道干扰,非共站同频邻区导致严重重叠覆盖,处理同频重叠覆盖，优化频点、功率和覆盖边界。,-86.614,21.24,671.739,204.145,18.9
RC_ID_NVEU2LSKO0,ID_NVEU2LSKO0,C2,信号中断/覆盖退化,服务小区覆盖距离超过 1 km，越区覆盖,检查越区覆盖，调整功率、方位角或切换边界。,-81.639,10.587,729.278,205.841,23.7
RC_ID_B78O6Q8SN1,ID_B78O6Q8SN1,C3,信道干扰,邻区提供更高吞吐,优化邻区关系和切换策略，降低强邻区抢占影响。,-84.395,8.788,966.541,209.127,19.9
RC_ID_281PX29C0Y,ID_281PX29C0Y,C7,信号中断/覆盖退化,车速超过 40 km/h 影响吞吐,结合高速移动场景优化移动性和覆盖连续性。,-76.221,5.799,584.602,200.359,36.9
RC_ID_U4NNZ8POML,ID_U4NNZ8POML,C7,信号中断/覆盖退化,车速超过 40 km/h 影响吞吐,结合高速移动场景优化移动性和覆盖连续性。,-82.616,14.637,670.465,205.601,26.6
RC_ID_B7NXLV19HM,ID_B7NXLV19HM,C8,带宽不足,平均调度 RB 低于 160 影响吞吐,检查 RB 调度资源，评估扩容或负载均衡。,-84.459,20.207,740.667,162.583,17.5
RC_ID_0BX5YL99RL,ID_0BX5YL99RL,C4,信道干扰,非共站同频邻区导致严重重叠覆盖,处理同频重叠覆盖，优化频点、功率和覆盖边界。,-83.279,9.915,771.956,204.18,21
RC_ID_P6PGN6KMTZ,ID_P6PGN6KMTZ,C7,信号中断/覆盖退化,车速超过 40 km/h 影响吞吐,结合高速移动场景优化移动性和覆盖连续性。,-85.917,22.07,728.211,202.175,35.2
RC_ID_QA8R6QA1UV,ID_QA8R6QA1UV,C5,基站故障,频繁切换降低性能,调整切换门限、迟滞和定时器，减少频繁切换。,-85.541,21.489,1014.869,211.188,17.7
RC_ID_9W4OW53PYX,ID_9W4OW53PYX,C5,基站故障,频繁切换降低性能,调整切换门限、迟滞和定时器，减少频繁切换。,-81.668,12.806,1040.123,208.432,20.4
RC_ID_OFZ3JC1DN5,ID_OFZ3JC1DN5,C4,信道干扰,非共站同频邻区导致严重重叠覆盖,处理同频重叠覆盖，优化频点、功率和覆盖边界。,-79.903,8.477,741.887,193.861,21.7
RC_ID_I8BE2PIK1H,ID_I8BE2PIK1H,C5,基站故障,频繁切换降低性能,调整切换门限、迟滞和定时器，减少频繁切换。,-82.995,2.69,676.732,204.593,25
RC_ID_W7H0SHFD3F,ID_W7H0SHFD3F,C5,基站故障,频繁切换降低性能,调整切换门限、迟滞和定时器，减少频繁切换。,-81.577,7.517,716.078,200.076,19.9
RC_ID_6OV7LTWETR,ID_6OV7LTWETR,C7,信号中断/覆盖退化,车速超过 40 km/h 影响吞吐,结合高速移动场景优化移动性和覆盖连续性。,-81.894,11.194,622.405,210.84,38.7
RC_ID_OMY5TZNX0C,ID_OMY5TZNX0C,C3,信道干扰,邻区提供更高吞吐,优化邻区关系和切换策略，降低强邻区抢占影响。,-86.651,10.628,998.062,205.315,19.5
RC_ID_M943UXOCHP,ID_M943UXOCHP,C3,信道干扰,邻区提供更高吞吐,优化邻区关系和切换策略，降低强邻区抢占影响。,-81.19,17.033,856.786,207.167,11.4
RC_ID_O1YYYULWAA,ID_O1YYYULWAA,C3,信道干扰,邻区提供更高吞吐,优化邻区关系和切换策略，降低强邻区抢占影响。,-84.998,10.698,961.43,207.86,15.8
RC_ID_NJUL0WZN0O,ID_NJUL0WZN0O,C8,带宽不足,平均调度 RB 低于 160 影响吞吐,检查 RB 调度资源，评估扩容或负载均衡。,-75.912,7.647,836.87,166.1945,20.5
RC_ID_B72BWE86RD,ID_B72BWE86RD,C8,带宽不足,平均调度 RB 低于 160 影响吞吐,检查 RB 调度资源，评估扩容或负载均衡。,-74.832,1.565,622.835,159.0325,25.8
RC_ID_L6PFPPDHWH,ID_L6PFPPDHWH,C7,信号中断/覆盖退化,车速超过 40 km/h 影响吞吐,结合高速移动场景优化移动性和覆盖连续性。,-76.172,9.801,698.886,196.251,42.2
RC_ID_XYQ7GDJV54,ID_XYQ7GDJV54,C2,信号中断/覆盖退化,服务小区覆盖距离超过 1 km，越区覆盖,检查越区覆盖，调整功率、方位角或切换边界。,-84.3,9.197,617.177,199.703,16.5
RC_ID_ACY8SG4OLC,ID_ACY8SG4OLC,C7,信号中断/覆盖退化,车速超过 40 km/h 影响吞吐,结合高速移动场景优化移动性和覆盖连续性。,-83.533,17.023,1043.214,210.058,34.7
RC_ID_PA36YAGJ1B,ID_PA36YAGJ1B,C5,基站故障,频繁切换降低性能,调整切换门限、迟滞和定时器，减少频繁切换。,-84.925,10.939,674.005,203.831,22
RC_ID_43BM63PVBY,ID_43BM63PVBY,C4,信道干扰,非共站同频邻区导致严重重叠覆盖,处理同频重叠覆盖，优化频点、功率和覆盖边界。,-82.683,5.486,787.049,206.955,25.1
RC_ID_9JLRA8OQKQ,ID_9JLRA8OQKQ,C5,基站故障,频繁切换降低性能,调整切换门限、迟滞和定时器，减少频繁切换。,-86.484,20.926,601.206,197.562,15.1
RC_ID_GSN81O4OD5,ID_GSN81O4OD5,C3,信道干扰,邻区提供更高吞吐,优化邻区关系和切换策略，降低强邻区抢占影响。,-85.383,13.015,883.923,209.476,23.1
RC_ID_IWCE1RMUIY,ID_IWCE1RMUIY,C1,信号中断/覆盖退化,服务小区下倾角过大，远端弱覆盖,复核服务小区下倾角，优化远端覆盖。,-85.38,8.054,1059.595,208.278,23.3
RC_ID_0RLOXMUQRO,ID_0RLOXMUQRO,C2,信号中断/覆盖退化,服务小区覆盖距离超过 1 km，越区覆盖,检查越区覆盖，调整功率、方位角或切换边界。,-83.671,14.049,609.589,201.5,21.3
RC_ID_MGD0HHEWPO,ID_MGD0HHEWPO,C1,信号中断/覆盖退化,服务小区下倾角过大，远端弱覆盖,复核服务小区下倾角，优化远端覆盖。,-82.386,8.559,722.925,205.991,12.3
RC_ID_EKD560JBUP,ID_EKD560JBUP,C3,信道干扰,邻区提供更高吞吐,优化邻区关系和切换策略，降低强邻区抢占影响。,-83.939,21.388,1026.35,208.35,20.5
RC_ID_2CRYF53PX4,ID_2CRYF53PX4,C2,信号中断/覆盖退化,服务小区覆盖距离超过 1 km，越区覆盖,检查越区覆盖，调整功率、方位角或切换边界。,-81.754,3.819,622.025,206.014,18.2
RC_ID_90PSUD94L0,ID_90PSUD94L0,C4,信道干扰,非共站同频邻区导致严重重叠覆盖,处理同频重叠覆盖，优化频点、功率和覆盖边界。,-70.403,18.25,767.827,202.343,23.7
RC_ID_I5JMR4ZH2J,ID_I5JMR4ZH2J,C3,信道干扰,邻区提供更高吞吐,优化邻区关系和切换策略，降低强邻区抢占影响。,-82.564,8.078,544.807,198.195,7.2
RC_ID_SPAVE1N97S,ID_SPAVE1N97S,C3,信道干扰,邻区提供更高吞吐,优化邻区关系和切换策略，降低强邻区抢占影响。,-83.585,3.117,674.395,209.01,14.2
RC_ID_PX1M56EGM5,ID_PX1M56EGM5,C1,信号中断/覆盖退化,服务小区下倾角过大，远端弱覆盖,复核服务小区下倾角，优化远端覆盖。,-84.461,11.021,590.72,186.587,15.6
RC_ID_ZUHIN78DD8,ID_ZUHIN78DD8,C5,基站故障,频繁切换降低性能,调整切换门限、迟滞和定时器，减少频繁切换。,-81.639,10.587,729.278,205.841,23.7
RC_ID_CXCMLH8LYV,ID_CXCMLH8LYV,C4,信道干扰,非共站同频邻区导致严重重叠覆盖,处理同频重叠覆盖，优化频点、功率和覆盖边界。,-79.315,9.431,527.424,201.188,15.7
RC_ID_KA1BPNU1V8,ID_KA1BPNU1V8,C4,信道干扰,非共站同频邻区导致严重重叠覆盖,处理同频重叠覆盖，优化频点、功率和覆盖边界。,-87.753,20.266,734.174,208.922,22.4
RC_ID_ID78AJL5ZK,ID_ID78AJL5ZK,C1,信号中断/覆盖退化,服务小区下倾角过大，远端弱覆盖,复核服务小区下倾角，优化远端覆盖。,-84.54,8.307,670.061,209.511,19.1
RC_ID_P66IOVD8PM,ID_P66IOVD8PM,C3,信道干扰,邻区提供更高吞吐,优化邻区关系和切换策略，降低强邻区抢占影响。,-78.947,29.774,728.72,210.581,26.7
RC_ID_4MV69W2439,ID_4MV69W2439,C7,信号中断/覆盖退化,车速超过 40 km/h 影响吞吐,结合高速移动场景优化移动性和覆盖连续性。,-77.544,3.404,595.219,192.578,34.8
RC_ID_QNS6YSK5UI,ID_QNS6YSK5UI,C1,信号中断/覆盖退化,服务小区下倾角过大，远端弱覆盖,复核服务小区下倾角，优化远端覆盖。,-85.371,12.325,615.173,197.706,25.9
RC_ID_IOFEYVJGY4,ID_IOFEYVJGY4,C4,信道干扰,非共站同频邻区导致严重重叠覆盖,处理同频重叠覆盖，优化频点、功率和覆盖边界。,-81.623,12.084,671.52,187.554,16.9
RC_ID_OF37OQEH77,ID_OF37OQEH77,C1,信号中断/覆盖退化,服务小区下倾角过大，远端弱覆盖,复核服务小区下倾角，优化远端覆盖。,-88.167,11.995,804.488,206.078,17.8
RC_ID_C6I2V5L2FS,ID_C6I2V5L2FS,C5,基站故障,频繁切换降低性能,调整切换门限、迟滞和定时器，减少频繁切换。,-82.527,24.861,862.827,202.004,10.3
RC_ID_DCKHDTCVAP,ID_DCKHDTCVAP,C6,信道干扰,邻区和服务小区 PCI mod 30 相同导致干扰,重新规划 PCI，消除 PCI mod 30 冲突。,-84.47,3.209,1134.975,203.801,16.6
RC_ID_AK6HDZH68V,ID_AK6HDZH68V,C8,带宽不足,平均调度 RB 低于 160 影响吞吐,检查 RB 调度资源，评估扩容或负载均衡。,-81.336,4.393,749.774,167.3845,14.3
RC_ID_Y8QV2YE09T,ID_Y8QV2YE09T,C2,信号中断/覆盖退化,服务小区覆盖距离超过 1 km，越区覆盖,检查越区覆盖，调整功率、方位角或切换边界。,-85.312,10.646,982.646,199.784,14.8
RC_ID_9V3FZELYWF,ID_9V3FZELYWF,C2,信号中断/覆盖退化,服务小区覆盖距离超过 1 km，越区覆盖,检查越区覆盖，调整功率、方位角或切换边界。,-80.557,8.795,663.923,204.039,18.6
RC_ID_SPXAFDVR4R,ID_SPXAFDVR4R,C4,信道干扰,非共站同频邻区导致严重重叠覆盖,处理同频重叠覆盖，优化频点、功率和覆盖边界。,-80.751,12.26,815.971,206.711,12
RC_ID_MLZ727TOD5,ID_MLZ727TOD5,C2,信号中断/覆盖退化,服务小区覆盖距离超过 1 km，越区覆盖,检查越区覆盖，调整功率、方位角或切换边界。,-83.669,6.373,570.592,205.076,15.3
RC_ID_CZ4N6SSL9S,ID_CZ4N6SSL9S,C8,带宽不足,平均调度 RB 低于 160 影响吞吐,检查 RB 调度资源，评估扩容或负载均衡。,-82.81,6.978,737.717,168.2935,18.5
RC_ID_I29MXO62RA,ID_I29MXO62RA,C4,信道干扰,非共站同频邻区导致严重重叠覆盖,处理同频重叠覆盖，优化频点、功率和覆盖边界。,-79.607,6.539,607.329,204.595,12.4
RC_ID_4SHD2VX4IQ,ID_4SHD2VX4IQ,C2,信号中断/覆盖退化,服务小区覆盖距离超过 1 km，越区覆盖,检查越区覆盖，调整功率、方位角或切换边界。,-85.779,20.031,613.704,188.313,16.1
RC_ID_L6HCZ5LYMU,ID_L6HCZ5LYMU,C4,信道干扰,非共站同频邻区导致严重重叠覆盖,处理同频重叠覆盖，优化频点、功率和覆盖边界。,-85.248,-2.708,664.175,205.828,24.8
RC_ID_YV6CEZOLC8,ID_YV6CEZOLC8,C7,信号中断/覆盖退化,车速超过 40 km/h 影响吞吐,结合高速移动场景优化移动性和覆盖连续性。,-83.879,14.417,740.764,200.787,35.8
RC_ID_P0VQ35JYZE,ID_P0VQ35JYZE,C7,信号中断/覆盖退化,车速超过 40 km/h 影响吞吐,结合高速移动场景优化移动性和覆盖连续性。,-78.851,9.781,570.043,202.879,36.4
RC_ID_AK42R4133I,ID_AK42R4133I,C4,信道干扰,非共站同频邻区导致严重重叠覆盖,处理同频重叠覆盖，优化频点、功率和覆盖边界。,-87.196,10.312,739.015,182.624,26.3
RC_ID_7IF82SDQP3,ID_7IF82SDQP3,C4,信道干扰,非共站同频邻区导致严重重叠覆盖,处理同频重叠覆盖，优化频点、功率和覆盖边界。,-82.616,14.637,670.465,205.601,10.6
RC_ID_37MOOH0J0F,ID_37MOOH0J0F,C3,信道干扰,邻区提供更高吞吐,优化邻区关系和切换策略，降低强邻区抢占影响。,-78.423,8.525,787.947,204.725,21
RC_ID_TKH9LRP66G,ID_TKH9LRP66G,C5,基站故障,频繁切换降低性能,调整切换门限、迟滞和定时器，减少频繁切换。,-85.772,17.029,874.325,207.282,17.1
RC_ID_H2UVU93PTP,ID_H2UVU93PTP,C3,信道干扰,邻区提供更高吞吐,优化邻区关系和切换策略，降低强邻区抢占影响。,-82.252,14.702,864.852,209.022,19.7
RC_ID_Z9FJCS2SFF,ID_Z9FJCS2SFF,C8,带宽不足,平均调度 RB 低于 160 影响吞吐,检查 RB 调度资源，评估扩容或负载均衡。,-82.455,7.245,625.553,154.2,21.2
RC_ID_O872JS0BI4,ID_O872JS0BI4,C4,信道干扰,非共站同频邻区导致严重重叠覆盖,处理同频重叠覆盖，优化频点、功率和覆盖边界。,-85.108,17.967,674.332,208.236,17.7
RC_ID_HLM02BW4ME,ID_HLM02BW4ME,C8,带宽不足,平均调度 RB 低于 160 影响吞吐,检查 RB 调度资源，评估扩容或负载均衡。,-87.029,26.518,934.381,168.5495,17.6
RC_ID_34QQ67NTYX,ID_34QQ67NTYX,C8,带宽不足,平均调度 RB 低于 160 影响吞吐,检查 RB 调度资源，评估扩容或负载均衡。,-85.962,21.995,639.432,165.288,17
RC_ID_VQ470A83IS,ID_VQ470A83IS,C4,信道干扰,非共站同频邻区导致严重重叠覆盖,处理同频重叠覆盖，优化频点、功率和覆盖边界。,-82.461,11.021,590.72,186.587,15.6
RC_ID_GA3G69FZ6V,ID_GA3G69FZ6V,C2,信号中断/覆盖退化,服务小区覆盖距离超过 1 km，越区覆盖,检查越区覆盖，调整功率、方位角或切换边界。,-85.774,5.167,613.727,209.546,21.6
RC_ID_GFJ2T16BDO,ID_GFJ2T16BDO,C8,带宽不足,平均调度 RB 低于 160 影响吞吐,检查 RB 调度资源，评估扩容或负载均衡。,-85.774,5.167,613.727,167.5015,21.6
RC_ID_JAY5SCR6KZ,ID_JAY5SCR6KZ,C5,基站故障,频繁切换降低性能,调整切换门限、迟滞和定时器，减少频繁切换。,-77.771,18.54,791.153,205.882,24.4
RC_ID_JLDCO4JPQZ,ID_JLDCO4JPQZ,C6,信道干扰,邻区和服务小区 PCI mod 30 相同导致干扰,重新规划 PCI，消除 PCI mod 30 冲突。,-86.496,19.066,976.464,208.737,15.6
RC_ID_DGSMT7IAZY,ID_DGSMT7IAZY,C2,信号中断/覆盖退化,服务小区覆盖距离超过 1 km，越区覆盖,检查越区覆盖，调整功率、方位角或切换边界。,-82.216,14.272,698.91,209.924,20.1
RC_ID_P5JMFUF2OQ,ID_P5JMFUF2OQ,C3,信道干扰,邻区提供更高吞吐,优化邻区关系和切换策略，降低强邻区抢占影响。,-81.62,9.258,747.77,196.21,19
RC_ID_6CJHFP4BEF,ID_6CJHFP4BEF,C6,信道干扰,邻区和服务小区 PCI mod 30 相同导致干扰,重新规划 PCI，消除 PCI mod 30 冲突。,-86.651,10.628,958.062,205.315,19.5
RC_ID_LOML7N6A1Y,ID_LOML7N6A1Y,C3,信道干扰,邻区提供更高吞吐,优化邻区关系和切换策略，降低强邻区抢占影响。,-73.01,9.386,1029.462,207.829,16.4
RC_ID_IN90EK8751,ID_IN90EK8751,C2,信号中断/覆盖退化,服务小区覆盖距离超过 1 km，越区覆盖,检查越区覆盖，调整功率、方位角或切换边界。,-78.722,8.101,696.294,205.39,18.3
RC_ID_2LTB8F6XUD,ID_2LTB8F6XUD,C2,信号中断/覆盖退化,服务小区覆盖距离超过 1 km，越区覆盖,检查越区覆盖，调整功率、方位角或切换边界。,-83.588,18.514,1039.8,209.145,24.4
RC_ID_8MXGP48B25,ID_8MXGP48B25,C3,信道干扰,邻区提供更高吞吐,优化邻区关系和切换策略，降低强邻区抢占影响。,-85.772,17.029,914.325,207.282,17.1
RC_ID_8GTYIZUZ6S,ID_8GTYIZUZ6S,C5,基站故障,频繁切换降低性能,调整切换门限、迟滞和定时器，减少频繁切换。,-87.196,10.312,739.015,182.624,26.3
RC_ID_LP9ICJHZ5Y,ID_LP9ICJHZ5Y,C4,信道干扰,非共站同频邻区导致严重重叠覆盖,处理同频重叠覆盖，优化频点、功率和覆盖边界。,-88.027,25.5,657.777,206.009,23.2
RC_ID_KDZTJ1HLON,ID_KDZTJ1HLON,C4,信道干扰,非共站同频邻区导致严重重叠覆盖,处理同频重叠覆盖，优化频点、功率和覆盖边界。,-85.279,20.241,816.188,203.725,19.8
RC_ID_CN7JJYQNAT,ID_CN7JJYQNAT,C2,信号中断/覆盖退化,服务小区覆盖距离超过 1 km，越区覆盖,检查越区覆盖，调整功率、方位角或切换边界。,-82.035,8.22,742.545,203.289,19.9
RC_ID_UBSC4LIEW3,ID_UBSC4LIEW3,C6,信道干扰,邻区和服务小区 PCI mod 30 相同导致干扰,重新规划 PCI，消除 PCI mod 30 冲突。,-80.405,5.998,733.326,207.589,21.1
RC_ID_NG5OVUFXO2,ID_NG5OVUFXO2,C3,信道干扰,邻区提供更高吞吐,优化邻区关系和切换策略，降低强邻区抢占影响。,-87.328,20.356,640.418,195.456,22.7
RC_ID_UI5B0BYKQ0,ID_UI5B0BYKQ0,C5,基站故障,频繁切换降低性能,调整切换门限、迟滞和定时器，减少频繁切换。,-83.627,17.571,1026.954,211.318,20.2
RC_ID_82DRCVAUYK,ID_82DRCVAUYK,C4,信道干扰,非共站同频邻区导致严重重叠覆盖,处理同频重叠覆盖，优化频点、功率和覆盖边界。,-83.39,7.704,659.289,206.821,17.2
RC_ID_D139I8GSM5,ID_D139I8GSM5,C8,带宽不足,平均调度 RB 低于 160 影响吞吐,检查 RB 调度资源，评估扩容或负载均衡。,-81.653,2.989,688.67,166.926,19.9
RC_ID_G4UNMJI37H,ID_G4UNMJI37H,C3,信道干扰,邻区提供更高吞吐,优化邻区关系和切换策略，降低强邻区抢占影响。,-85.873,21.799,669.779,200.125,15.9
RC_ID_7S9VPCU2IV,ID_7S9VPCU2IV,C4,信道干扰,非共站同频邻区导致严重重叠覆盖,处理同频重叠覆盖，优化频点、功率和覆盖边界。,-85.962,21.995,639.432,207.145,17
RC_ID_X4ZNQO2KU7,ID_X4ZNQO2KU7,C2,信号中断/覆盖退化,服务小区覆盖距离超过 1 km，越区覆盖,检查越区覆盖，调整功率、方位角或切换边界。,-83.856,6.631,562.645,204.191,16.3
RC_ID_PX369I0DA5,ID_PX369I0DA5,C4,信道干扰,非共站同频邻区导致严重重叠覆盖,处理同频重叠覆盖，优化频点、功率和覆盖边界。,-84.757,22.611,678.047,205.682,23.6
RC_ID_7FSREGOXS1,ID_7FSREGOXS1,C8,带宽不足,平均调度 RB 低于 160 影响吞吐,检查 RB 调度资源，评估扩容或负载均衡。,-88.027,25.5,657.777,164.826,23.2
RC_ID_QSZY6QU5R4,ID_QSZY6QU5R4,C4,信道干扰,非共站同频邻区导致严重重叠覆盖,处理同频重叠覆盖，优化频点、功率和覆盖边界。,-79.556,6.048,628.547,205.43,19.4
RC_ID_RRGUWU42R5,ID_RRGUWU42R5,C6,信道干扰,邻区和服务小区 PCI mod 30 相同导致干扰,重新规划 PCI，消除 PCI mod 30 冲突。,-87.15,8.435,801.304,208.407,21.6
RC_ID_TYY5V7G375,ID_TYY5V7G375,C1,信号中断/覆盖退化,服务小区下倾角过大，远端弱覆盖,复核服务小区下倾角，优化远端覆盖。,-85.208,9.801,961.856,209.372,14.5
RC_ID_VHLHM3N2I3,ID_VHLHM3N2I3,C7,信号中断/覆盖退化,车速超过 40 km/h 影响吞吐,结合高速移动场景优化移动性和覆盖连续性。,-80.567,10.281,535.453,206.082,39.7
RC_ID_TZV9S10RIF,ID_TZV9S10RIF,C1,信号中断/覆盖退化,服务小区下倾角过大，远端弱覆盖,复核服务小区下倾角，优化远端覆盖。,-86.583,5.739,636.654,187.114,19.7
RC_ID_0LGGU2STXQ,ID_0LGGU2STXQ,C4,信道干扰,非共站同频邻区导致严重重叠覆盖,处理同频重叠覆盖，优化频点、功率和覆盖边界。,-85.419,5.763,650.821,208.019,19.3
RC_ID_B2WV7K5YQI,ID_B2WV7K5YQI,C3,信道干扰,邻区提供更高吞吐,优化邻区关系和切换策略，降低强邻区抢占影响。,-83.669,6.373,610.592,205.076,15.3
RC_ID_7NTP85XFTN,ID_7NTP85XFTN,C1,信号中断/覆盖退化,服务小区下倾角过大，远端弱覆盖,复核服务小区下倾角，优化远端覆盖。,-81.851,9.781,570.043,202.879,20.4
RC_ID_BEMWO45VM8,ID_BEMWO45VM8,C5,基站故障,频繁切换降低性能,调整切换门限、迟滞和定时器，减少频繁切换。,-82.858,17.125,677.899,196.54,17.1
RC_ID_ZDCBZV6UWX,ID_ZDCBZV6UWX,C8,带宽不足,平均调度 RB 低于 160 影响吞吐,检查 RB 调度资源，评估扩容或负载均衡。,-84.205,4.352,792.664,167.1245,23.9
RC_ID_QW647HLKE7,ID_QW647HLKE7,C1,信号中断/覆盖退化,服务小区下倾角过大，远端弱覆盖,复核服务小区下倾角，优化远端覆盖。,-83.982,10.324,878.543,195.344,17.5
RC_ID_3MHAIEF975,ID_3MHAIEF975,C3,信道干扰,邻区提供更高吞吐,优化邻区关系和切换策略，降低强邻区抢占影响。,-81.238,19.812,772.035,210.848,19.6
RC_ID_R73E13PE58,ID_R73E13PE58,C5,基站故障,频繁切换降低性能,调整切换门限、迟滞和定时器，减少频繁切换。,-87.28,24.689,607.998,201.457,16.7
RC_ID_N8TBMZGCHU,ID_N8TBMZGCHU,C3,信道干扰,邻区提供更高吞吐,优化邻区关系和切换策略，降低强邻区抢占影响。,-80.932,7.732,916.927,207.47,22
RC_ID_GEWOBYAKA3,ID_GEWOBYAKA3,C2,信号中断/覆盖退化,服务小区覆盖距离超过 1 km，越区覆盖,检查越区覆盖，调整功率、方位角或切换边界。,-80.899,8.366,738.003,207.251,14.8
RC_ID_ZCWPFC59KB,ID_ZCWPFC59KB,C3,信道干扰,邻区提供更高吞吐,优化邻区关系和切换策略，降低强邻区抢占影响。,-81.063,11.878,726.453,208.342,17.3
RC_ID_TUL3Z7WJWD,ID_TUL3Z7WJWD,C7,信号中断/覆盖退化,车速超过 40 km/h 影响吞吐,结合高速移动场景优化移动性和覆盖连续性。,-82.192,5.776,798.331,210.689,35.9
RC_ID_JCRNQO1A1J,ID_JCRNQO1A1J,C1,信号中断/覆盖退化,服务小区下倾角过大，远端弱覆盖,复核服务小区下倾角，优化远端覆盖。,-80.339,9.651,872.117,205.403,17.1
RC_ID_IN2NXQU56I,ID_IN2NXQU56I,C1,信号中断/覆盖退化,服务小区下倾角过大，远端弱覆盖,复核服务小区下倾角，优化远端覆盖。,-86.536,24.137,615.913,206.972,19.9
RC_ID_UWKZ1HHC5H,ID_UWKZ1HHC5H,C2,信号中断/覆盖退化,服务小区覆盖距离超过 1 km，越区覆盖,检查越区覆盖，调整功率、方位角或切换边界。,-83.037,3.811,615.835,202.287,19.9
RC_ID_N2VPLYEWIQ,ID_N2VPLYEWIQ,C4,信道干扰,非共站同频邻区导致严重重叠覆盖,处理同频重叠覆盖，优化频点、功率和覆盖边界。,-81.656,3.766,692.565,201.838,23.1
RC_ID_8QPFDZGDI5,ID_8QPFDZGDI5,C6,信道干扰,邻区和服务小区 PCI mod 30 相同导致干扰,重新规划 PCI，消除 PCI mod 30 冲突。,-76.182,2.04,733.844,201.88,23.2
RC_ID_2MI76XPNBU,ID_2MI76XPNBU,C3,信道干扰,邻区提供更高吞吐,优化邻区关系和切换策略，降低强邻区抢占影响。,-76.305,15.716,988.51,204.202,16.6
RC_ID_73XI90KI59,ID_73XI90KI59,C3,信道干扰,邻区提供更高吞吐,优化邻区关系和切换策略，降低强邻区抢占影响。,-83.437,4.12,752.502,205.222,27.2
RC_ID_5IUEZ81TZN,ID_5IUEZ81TZN,C6,信道干扰,邻区和服务小区 PCI mod 30 相同导致干扰,重新规划 PCI，消除 PCI mod 30 冲突。,-74.832,1.565,622.835,195.487,25.8
RC_ID_B5DN366J0X,ID_B5DN366J0X,C1,信号中断/覆盖退化,服务小区下倾角过大，远端弱覆盖,复核服务小区下倾角，优化远端覆盖。,-86.901,9.153,1020.406,208.875,20.1
RC_ID_RNSILE0M5N,ID_RNSILE0M5N,C3,信道干扰,邻区提供更高吞吐,优化邻区关系和切换策略，降低强邻区抢占影响。,-83.036,20.231,850.476,202.603,19.8
RC_ID_1FC9EOFXM7,ID_1FC9EOFXM7,C3,信道干扰,邻区提供更高吞吐,优化邻区关系和切换策略，降低强邻区抢占影响。,-73.564,23.042,1197.858,210.818,15.8
RC_ID_HLQI3F5O3M,ID_HLQI3F5O3M,C6,信道干扰,邻区和服务小区 PCI mod 30 相同导致干扰,重新规划 PCI，消除 PCI mod 30 冲突。,-81.644,10.623,616.166,206.803,18.8
RC_ID_EQMBQTTDFW,ID_EQMBQTTDFW,C4,信道干扰,非共站同频邻区导致严重重叠覆盖,处理同频重叠覆盖，优化频点、功率和覆盖边界。,-83.879,14.417,740.764,200.787,19.8
RC_ID_4JD45VBXJ8,ID_4JD45VBXJ8,C1,信号中断/覆盖退化,服务小区下倾角过大，远端弱覆盖,复核服务小区下倾角，优化远端覆盖。,-88.656,18.896,624.175,205.699,18.6
RC_ID_0L89VXD8YC,ID_0L89VXD8YC,C3,信道干扰,邻区提供更高吞吐,优化邻区关系和切换策略，降低强邻区抢占影响。,-85.083,5.739,676.654,187.114,19.7
RC_ID_O7H1E2JQ01,ID_O7H1E2JQ01,C3,信道干扰,邻区提供更高吞吐,优化邻区关系和切换策略，降低强邻区抢占影响。,-81.372,8.922,697.052,208.385,20.1
RC_ID_NHXVGC919W,ID_NHXVGC919W,C4,信道干扰,非共站同频邻区导致严重重叠覆盖,处理同频重叠覆盖，优化频点、功率和覆盖边界。,-84.1,5.853,658.36,207.149,13.6
RC_ID_ZX50XO3NCK,ID_ZX50XO3NCK,C8,带宽不足,平均调度 RB 低于 160 影响吞吐,检查 RB 调度资源，评估扩容或负载均衡。,-86.569,19.556,573.755,164.355,20.9
RC_ID_3FN2SC23D2,ID_3FN2SC23D2,C7,信号中断/覆盖退化,车速超过 40 km/h 影响吞吐,结合高速移动场景优化移动性和覆盖连续性。,-81.224,8.065,545.317,204.409,34.3
RC_ID_JX056XEV8J,ID_JX056XEV8J,C4,信道干扰,非共站同频邻区导致严重重叠覆盖,处理同频重叠覆盖，优化频点、功率和覆盖边界。,-82.153,10.673,617.002,208.085,21.7
RC_ID_70ULG4PTZW,ID_70ULG4PTZW,C2,信号中断/覆盖退化,服务小区覆盖距离超过 1 km，越区覆盖,检查越区覆盖，调整功率、方位角或切换边界。,-83.533,17.023,1043.214,210.058,18.7
RC_ID_8Z0K3XMGDW,ID_8Z0K3XMGDW,C8,带宽不足,平均调度 RB 低于 160 影响吞吐,检查 RB 调度资源，评估扩容或负载均衡。,-76.193,11.341,680.918,165.9045,23.1
RC_ID_98WHCX0F2H,ID_98WHCX0F2H,C8,带宽不足,平均调度 RB 低于 160 影响吞吐,检查 RB 调度资源，评估扩容或负载均衡。,-81.656,3.766,692.565,162.2945,23.1
RC_ID_F61N4WU4JJ,ID_F61N4WU4JJ,C3,信道干扰,邻区提供更高吞吐,优化邻区关系和切换策略，降低强邻区抢占影响。,-83.311,5.908,668.991,199.476,21.8
RC_ID_36P24FKPVZ,ID_36P24FKPVZ,C1,信号中断/覆盖退化,服务小区下倾角过大，远端弱覆盖,复核服务小区下倾角，优化远端覆盖。,-84.137,15.141,946.087,203.585,17.8
RC_ID_LNGJP92YDW,ID_LNGJP92YDW,C3,信道干扰,邻区提供更高吞吐,优化邻区关系和切换策略，降低强邻区抢占影响。,-85.917,22.07,768.211,202.175,19.2
RC_ID_KA2Y8O3BAV,ID_KA2Y8O3BAV,C2,信号中断/覆盖退化,服务小区覆盖距离超过 1 km，越区覆盖,检查越区覆盖，调整功率、方位角或切换边界。,-80.714,9.854,633.787,203.575,21.6
RC_ID_LDMMEEO78J,ID_LDMMEEO78J,C8,带宽不足,平均调度 RB 低于 160 影响吞吐,检查 RB 调度资源，评估扩容或负载均衡。,-87.163,19.823,564.246,164.6065,16.7
RC_ID_R7K6GJ2DZ4,ID_R7K6GJ2DZ4,C2,信号中断/覆盖退化,服务小区覆盖距离超过 1 km，越区覆盖,检查越区覆盖，调整功率、方位角或切换边界。,-84.379,13.434,1137.359,209.29,24.3
RC_ID_YHEMD0EURX,ID_YHEMD0EURX,C3,信道干扰,邻区提供更高吞吐,优化邻区关系和切换策略，降低强邻区抢占影响。,-88.027,25.5,697.777,206.009,23.2
RC_ID_TKVS50S46Q,ID_TKVS50S46Q,C7,信号中断/覆盖退化,车速超过 40 km/h 影响吞吐,结合高速移动场景优化移动性和覆盖连续性。,-84.907,6.638,739.23,207.689,38.9
RC_ID_CK3L85O8XH,ID_CK3L85O8XH,C6,信道干扰,邻区和服务小区 PCI mod 30 相同导致干扰,重新规划 PCI，消除 PCI mod 30 冲突。,-84.839,15.557,743.725,206.474,24.3
RC_ID_G2NQTUF3KE,ID_G2NQTUF3KE,C4,信道干扰,非共站同频邻区导致严重重叠覆盖,处理同频重叠覆盖，优化频点、功率和覆盖边界。,-86.385,22.681,892.412,209.431,18.2
RC_ID_DFXNW86DM9,ID_DFXNW86DM9,C7,信号中断/覆盖退化,车速超过 40 km/h 影响吞吐,结合高速移动场景优化移动性和覆盖连续性。,-84.091,9.735,679.293,210.298,28.2
RC_ID_JI26IO0GH8,ID_JI26IO0GH8,C3,信道干扰,邻区提供更高吞吐,优化邻区关系和切换策略，降低强邻区抢占影响。,-85.019,7.168,648.769,194.649,25.3
RC_ID_H53Q9Y0VMG,ID_H53Q9Y0VMG,C8,带宽不足,平均调度 RB 低于 160 影响吞吐,检查 RB 调度资源，评估扩容或负载均衡。,-75.696,6.118,698.528,163.086,21.6
RC_ID_CA37K1PI2N,ID_CA37K1PI2N,C6,信道干扰,邻区和服务小区 PCI mod 30 相同导致干扰,重新规划 PCI，消除 PCI mod 30 冲突。,-82.406,7.222,890.864,200.879,16.1
RC_ID_HRCDML7PY7,ID_HRCDML7PY7,C4,信道干扰,非共站同频邻区导致严重重叠覆盖,处理同频重叠覆盖，优化频点、功率和覆盖边界。,-84.47,3.209,1134.975,203.801,16.6
RC_ID_YR9M2UT5H8,ID_YR9M2UT5H8,C5,基站故障,频繁切换降低性能,调整切换门限、迟滞和定时器，减少频繁切换。,-83.641,16.587,746.459,209.057,17.2
RC_ID_Q524NB6WIE,ID_Q524NB6WIE,C5,基站故障,频繁切换降低性能,调整切换门限、迟滞和定时器，减少频繁切换。,-75.912,7.647,836.87,207.376,20.5
RC_ID_EUMHYU1GBC,ID_EUMHYU1GBC,C5,基站故障,频繁切换降低性能,调整切换门限、迟滞和定时器，减少频繁切换。,-84.898,15.383,625.299,199.198,13.1
RC_ID_L5SF1HUGCT,ID_L5SF1HUGCT,C6,信道干扰,邻区和服务小区 PCI mod 30 相同导致干扰,重新规划 PCI，消除 PCI mod 30 冲突。,-83.627,17.571,1026.954,211.318,20.2
RC_ID_TU68W6WFM2,ID_TU68W6WFM2,C1,信号中断/覆盖退化,服务小区下倾角过大，远端弱覆盖,复核服务小区下倾角，优化远端覆盖。,-87.209,8.858,814.012,208.726,15.4
RC_ID_1GVQ7UIU0Y,ID_1GVQ7UIU0Y,C1,信号中断/覆盖退化,服务小区下倾角过大，远端弱覆盖,复核服务小区下倾角，优化远端覆盖。,-84.884,2.522,650.548,200.465,16.5
RC_ID_YWEAOWAU0K,ID_YWEAOWAU0K,C4,信道干扰,非共站同频邻区导致严重重叠覆盖,处理同频重叠覆盖，优化频点、功率和覆盖边界。,-83.036,20.231,810.476,202.603,19.8
RC_ID_XO15HR1JGB,ID_XO15HR1JGB,C1,信号中断/覆盖退化,服务小区下倾角过大，远端弱覆盖,复核服务小区下倾角，优化远端覆盖。,-81.947,29.774,688.72,210.581,26.7
RC_ID_MHVFK9WPGA,ID_MHVFK9WPGA,C4,信道干扰,非共站同频邻区导致严重重叠覆盖,处理同频重叠覆盖，优化频点、功率和覆盖边界。,-87.302,24.238,652.083,204.633,19.7
RC_ID_10B78YYJUP,ID_10B78YYJUP,C3,信道干扰,邻区提供更高吞吐,优化邻区关系和切换策略，降低强邻区抢占影响。,-81.348,14.715,794.998,203.794,14.7
RC_ID_IBW41NWSO0,ID_IBW41NWSO0,C7,信号中断/覆盖退化,车速超过 40 km/h 影响吞吐,结合高速移动场景优化移动性和覆盖连续性。,-83.751,2.275,975.621,203.941,33.8
RC_ID_C703GYJQBB,ID_C703GYJQBB,C6,信道干扰,邻区和服务小区 PCI mod 30 相同导致干扰,重新规划 PCI，消除 PCI mod 30 冲突。,-81.668,12.806,1040.123,208.432,20.4
RC_ID_IOGFB82Y9Q,ID_IOGFB82Y9Q,C7,信号中断/覆盖退化,车速超过 40 km/h 影响吞吐,结合高速移动场景优化移动性和覆盖连续性。,-80.798,13.488,685.832,205.456,34.3
RC_ID_LNZI4KQPGB,ID_LNZI4KQPGB,C3,信道干扰,邻区提供更高吞吐,优化邻区关系和切换策略，降低强邻区抢占影响。,-87.467,15.545,962.385,207.194,20.2
RC_ID_UAZ68P3C0C,ID_UAZ68P3C0C,C1,信号中断/覆盖退化,服务小区下倾角过大，远端弱覆盖,复核服务小区下倾角，优化远端覆盖。,-83.144,10.623,616.166,206.803,18.8
RC_ID_WSP34VWMNP,ID_WSP34VWMNP,C3,信道干扰,邻区提供更高吞吐,优化邻区关系和切换策略，降低强邻区抢占影响。,-85.483,22.556,623.062,194.466,19.7
RC_ID_O5K40R7W9I,ID_O5K40R7W9I,C2,信号中断/覆盖退化,服务小区覆盖距离超过 1 km，越区覆盖,检查越区覆盖，调整功率、方位角或切换边界。,-81.372,8.922,657.052,208.385,20.1
RC_ID_X9FD4Y8NZV,ID_X9FD4Y8NZV,C7,信号中断/覆盖退化,车速超过 40 km/h 影响吞吐,结合高速移动场景优化移动性和覆盖连续性。,-81.996,5.849,1000.626,207.458,32.9
RC_ID_RULP8LZCXD,ID_RULP8LZCXD,C1,信号中断/覆盖退化,服务小区下倾角过大，远端弱覆盖,复核服务小区下倾角，优化远端覆盖。,-87.574,5.471,663.758,203.457,21.9
RC_ID_QFDWVCTG7E,ID_QFDWVCTG7E,C7,信号中断/覆盖退化,车速超过 40 km/h 影响吞吐,结合高速移动场景优化移动性和覆盖连续性。,-86.101,8.606,643.581,206.767,36.9
RC_ID_FWN1IX14QM,ID_FWN1IX14QM,C2,信号中断/覆盖退化,服务小区覆盖距离超过 1 km，越区覆盖,检查越区覆盖，调整功率、方位角或切换边界。,-86.102,20.043,1046.115,210.023,24.1
RC_ID_7YV1OIUJS0,ID_7YV1OIUJS0,C2,信号中断/覆盖退化,服务小区覆盖距离超过 1 km，越区覆盖,检查越区覆盖，调整功率、方位角或切换边界。,-75.936,8.292,650.952,202.274,19.6
RC_ID_GAZ62M5F1L,ID_GAZ62M5F1L,C3,信道干扰,邻区提供更高吞吐,优化邻区关系和切换策略，降低强邻区抢占影响。,-83.786,19.595,1099.661,209.542,11.3
RC_ID_F6GREFIB8N,ID_F6GREFIB8N,C5,基站故障,频繁切换降低性能,调整切换门限、迟滞和定时器，减少频繁切换。,-85.779,20.031,613.704,188.313,16.1
RC_ID_NEZMDH2H2E,ID_NEZMDH2H2E,C7,信号中断/覆盖退化,车速超过 40 km/h 影响吞吐,结合高速移动场景优化移动性和覆盖连续性。,-83.428,15.386,767.26,210.024,35.4
RC_ID_D0HH3Q7YII,ID_D0HH3Q7YII,C8,带宽不足,平均调度 RB 低于 160 影响吞吐,检查 RB 调度资源，评估扩容或负载均衡。,-86.086,21.876,726.899,154.6875,18.5
RC_ID_KD25H9RBDB,ID_KD25H9RBDB,C3,信道干扰,邻区提供更高吞吐,优化邻区关系和切换策略，降低强邻区抢占影响。,-81.227,7.168,578.815,204.449,17.3
RC_ID_ESVIORPSF7,ID_ESVIORPSF7,C7,信号中断/覆盖退化,车速超过 40 km/h 影响吞吐,结合高速移动场景优化移动性和覆盖连续性。,-86.253,11.892,619.079,204.819,40.7
RC_ID_ULKK4TSLM9,ID_ULKK4TSLM9,C7,信号中断/覆盖退化,车速超过 40 km/h 影响吞吐,结合高速移动场景优化移动性和覆盖连续性。,-70.403,18.25,767.827,202.343,39.7
RC_ID_CXT7DJM4PA,ID_CXT7DJM4PA,C5,基站故障,频繁切换降低性能,调整切换门限、迟滞和定时器，减少频繁切换。,-84.379,13.434,1137.359,209.29,24.3
RC_ID_BOK7EFSFCG,ID_BOK7EFSFCG,C8,带宽不足,平均调度 RB 低于 160 影响吞吐,检查 RB 调度资源，评估扩容或负载均衡。,-82.616,14.637,670.465,164.4585,10.6
RC_ID_X0D0A5FVRU,ID_X0D0A5FVRU,C7,信号中断/覆盖退化,车速超过 40 km/h 影响吞吐,结合高速移动场景优化移动性和覆盖连续性。,-70.156,11.929,687.721,205.023,31.6
RC_ID_F0S4GQEVYZ,ID_F0S4GQEVYZ,C8,带宽不足,平均调度 RB 低于 160 影响吞吐,检查 RB 调度资源，评估扩容或负载均衡。,-79.977,5.046,557.125,161.353,19.1
RC_ID_GAGL8ZLQOL,ID_GAGL8ZLQOL,C6,信道干扰,邻区和服务小区 PCI mod 30 相同导致干扰,重新规划 PCI，消除 PCI mod 30 冲突。,-80.049,12.104,795.85,207.918,21.7
RC_ID_VALM9Y16R2,ID_VALM9Y16R2,C1,信号中断/覆盖退化,服务小区下倾角过大，远端弱覆盖,复核服务小区下倾角，优化远端覆盖。,-86.144,10.774,798.692,207.892,16.5
RC_ID_UQ2FQPR3IG,ID_UQ2FQPR3IG,C4,信道干扰,非共站同频邻区导致严重重叠覆盖,处理同频重叠覆盖，优化频点、功率和覆盖边界。,-63.199,2.743,636.804,196.426,19
RC_ID_AX78O3R2MI,ID_AX78O3R2MI,C7,信号中断/覆盖退化,车速超过 40 km/h 影响吞吐,结合高速移动场景优化移动性和覆盖连续性。,-84.881,8.869,563.428,206.472,32
RC_ID_9TCEGOA89P,ID_9TCEGOA89P,C1,信号中断/覆盖退化,服务小区下倾角过大，远端弱覆盖,复核服务小区下倾角，优化远端覆盖。,-88.019,7.168,608.769,194.649,25.3
RC_ID_WYGEEBRQET,ID_WYGEEBRQET,C7,信号中断/覆盖退化,车速超过 40 km/h 影响吞吐,结合高速移动场景优化移动性和覆盖连续性。,-87.336,11.013,607.53,205.471,36.5
RC_ID_E4BVYGZ0PP,ID_E4BVYGZ0PP,C3,信道干扰,邻区提供更高吞吐,优化邻区关系和切换策略，降低强邻区抢占影响。,-81.865,11.728,834.236,204.602,15.1
RC_ID_KQ9SFOHL0E,ID_KQ9SFOHL0E,C1,信号中断/覆盖退化,服务小区下倾角过大，远端弱覆盖,复核服务小区下倾角，优化远端覆盖。,-89.719,22.161,641.732,199.964,23.9
RC_ID_IL7MBIWN54,ID_IL7MBIWN54,C5,基站故障,频繁切换降低性能,调整切换门限、迟滞和定时器，减少频繁切换。,-84.47,3.209,1134.975,203.801,16.6
RC_ID_XND9IWE2WC,ID_XND9IWE2WC,C5,基站故障,频繁切换降低性能,调整切换门限、迟滞和定时器，减少频繁切换。,-83.751,2.275,975.621,203.941,17.8
RC_ID_WOU9QMLVW1,ID_WOU9QMLVW1,C5,基站故障,频繁切换降低性能,调整切换门限、迟滞和定时器，减少频繁切换。,-75.709,6.382,722.88,202.13,16.6
RC_ID_EUP1XM0043,ID_EUP1XM0043,C4,信道干扰,非共站同频邻区导致严重重叠覆盖,处理同频重叠覆盖，优化频点、功率和覆盖边界。,-80.405,5.998,733.326,207.589,21.1
RC_ID_ZODJ2WP770,ID_ZODJ2WP770,C5,基站故障,频繁切换降低性能,调整切换门限、迟滞和定时器，减少频繁切换。,-80.567,10.281,535.453,206.082,23.7
RC_ID_GB2A895IYT,ID_GB2A895IYT,C1,信号中断/覆盖退化,服务小区下倾角过大，远端弱覆盖,复核服务小区下倾角，优化远端覆盖。,-78.172,9.801,698.886,196.251,26.2
RC_ID_D1G2YT6VL7,ID_D1G2YT6VL7,C4,信道干扰,非共站同频邻区导致严重重叠覆盖,处理同频重叠覆盖，优化频点、功率和覆盖边界。,-84.036,24.137,615.913,206.972,19.9
RC_ID_LB2KBQEFYA,ID_LB2KBQEFYA,C5,基站故障,频繁切换降低性能,调整切换门限、迟滞和定时器，减少频繁切换。,-84.772,13.496,675.489,207.369,15.2
RC_ID_BEEJJV7KVB,ID_BEEJJV7KVB,C5,基站故障,频繁切换降低性能,调整切换门限、迟滞和定时器，减少频繁切换。,-83.856,6.631,562.645,204.191,16.3
RC_ID_V1CD5A4QSN,ID_V1CD5A4QSN,C6,信道干扰,邻区和服务小区 PCI mod 30 相同导致干扰,重新规划 PCI，消除 PCI mod 30 冲突。,-83.311,5.908,628.991,199.476,21.8
RC_ID_QELPY3QMM1,ID_QELPY3QMM1,C7,信号中断/覆盖退化,车速超过 40 km/h 影响吞吐,结合高速移动场景优化移动性和覆盖连续性。,-75.696,6.118,698.528,205.135,37.6
RC_ID_JDR4M06RHV,ID_JDR4M06RHV,C2,信号中断/覆盖退化,服务小区覆盖距离超过 1 km，越区覆盖,检查越区覆盖，调整功率、方位角或切换边界。,-81.822,9.889,594.488,207.671,16.9
RC_ID_T49ICODIUI,ID_T49ICODIUI,C5,基站故障,频繁切换降低性能,调整切换门限、迟滞和定时器，减少频繁切换。,-83.24,6.764,688.26,203.645,23.3
RC_ID_7GBGO2FQTQ,ID_7GBGO2FQTQ,C3,信道干扰,邻区提供更高吞吐,优化邻区关系和切换策略，降低强邻区抢占影响。,-81.754,3.819,662.025,206.014,18.2
RC_ID_S14NGCKQ3C,ID_S14NGCKQ3C,C7,信号中断/覆盖退化,车速超过 40 km/h 影响吞吐,结合高速移动场景优化移动性和覆盖连续性。,-79.303,23.928,828.976,203.783,38
RC_ID_K5CHYWNO67,ID_K5CHYWNO67,C7,信号中断/覆盖退化,车速超过 40 km/h 影响吞吐,结合高速移动场景优化移动性和覆盖连续性。,-83.774,24.352,640.861,204.426,37.3
RC_ID_6LQRCOX7FI,ID_6LQRCOX7FI,C5,基站故障,频繁切换降低性能,调整切换门限、迟滞和定时器，减少频繁切换。,-80.377,23.108,957.78,189.211,18.4
RC_ID_3UFJ7H2OM3,ID_3UFJ7H2OM3,C2,信号中断/覆盖退化,服务小区覆盖距离超过 1 km，越区覆盖,检查越区覆盖，调整功率、方位角或切换边界。,-77.452,20.731,888.929,210.606,14.5
RC_ID_TO8VKMTBZM,ID_TO8VKMTBZM,C3,信道干扰,邻区提供更高吞吐,优化邻区关系和切换策略，降低强邻区抢占影响。,-83.428,15.386,807.26,210.024,19.4
RC_ID_YHF0KTJT1S,ID_YHF0KTJT1S,C7,信号中断/覆盖退化,车速超过 40 km/h 影响吞吐,结合高速移动场景优化移动性和覆盖连续性。,-86.237,1.741,730.911,207.137,42.3
RC_ID_H63P9YJ1JW,ID_H63P9YJ1JW,C2,信号中断/覆盖退化,服务小区覆盖距离超过 1 km，越区覆盖,检查越区覆盖，调整功率、方位角或切换边界。,-81.653,2.989,688.67,208.543,19.9
RC_ID_DSD69TGHIY,ID_DSD69TGHIY,C2,信号中断/覆盖退化,服务小区覆盖距离超过 1 km，越区覆盖,检查越区覆盖，调整功率、方位角或切换边界。,-82.137,15.141,946.087,203.585,17.8
RC_ID_IL0L42MQI8,ID_IL0L42MQI8,C2,信号中断/覆盖退化,服务小区覆盖距离超过 1 km，越区覆盖,检查越区覆盖，调整功率、方位角或切换边界。,-76.93,2.42,654.077,203.041,25.4
RC_ID_QZWW3XLEC9,ID_QZWW3XLEC9,C6,信道干扰,邻区和服务小区 PCI mod 30 相同导致干扰,重新规划 PCI，消除 PCI mod 30 冲突。,-87.163,19.823,564.246,205.352,16.7
RC_ID_ZA2AXQNZO7,ID_ZA2AXQNZO7,C8,带宽不足,平均调度 RB 低于 160 影响吞吐,检查 RB 调度资源，评估扩容或负载均衡。,-83.876,7.123,624.92,162.985,25.5
RC_ID_9QLHU1ZNXN,ID_9QLHU1ZNXN,C7,信号中断/覆盖退化,车速超过 40 km/h 影响吞吐,结合高速移动场景优化移动性和覆盖连续性。,-83.036,20.231,810.476,202.603,35.8
RC_ID_SB18SP48RY,ID_SB18SP48RY,C5,基站故障,频繁切换降低性能,调整切换门限、迟滞和定时器，减少频繁切换。,-83.939,20.429,755.729,204.22,17.8
RC_ID_OZXLCXQCCL,ID_OZXLCXQCCL,C1,信号中断/覆盖退化,服务小区下倾角过大，远端弱覆盖,复核服务小区下倾角，优化远端覆盖。,-85.036,20.231,810.476,202.603,19.8
RC_ID_NZQDGWUC8C,ID_NZQDGWUC8C,C4,信道干扰,非共站同频邻区导致严重重叠覆盖,处理同频重叠覆盖，优化频点、功率和覆盖边界。,-83.79,13.218,614.54,206.033,24.7
RC_ID_RAXLAGUI9F,ID_RAXLAGUI9F,C2,信号中断/覆盖退化,服务小区覆盖距离超过 1 km，越区覆盖,检查越区覆盖，调整功率、方位角或切换边界。,-83.7,3.874,608.809,207.216,23.5
RC_ID_WVQB7ZEDUF,ID_WVQB7ZEDUF,C7,信号中断/覆盖退化,车速超过 40 km/h 影响吞吐,结合高速移动场景优化移动性和覆盖连续性。,-77.339,9.651,872.117,205.403,33.1
RC_ID_9O1NCU4ZJB,ID_9O1NCU4ZJB,C1,信号中断/覆盖退化,服务小区下倾角过大，远端弱覆盖,复核服务小区下倾角，优化远端覆盖。,-82.508,12.101,738.481,206.616,16
RC_ID_P895O5T7FR,ID_P895O5T7FR,C7,信号中断/覆盖退化,车速超过 40 km/h 影响吞吐,结合高速移动场景优化移动性和覆盖连续性。,-80.405,5.998,733.326,207.589,37.1
RC_ID_YWGVS6ZM6R,ID_YWGVS6ZM6R,C7,信号中断/覆盖退化,车速超过 40 km/h 影响吞吐,结合高速移动场景优化移动性和覆盖连续性。,-86.156,18.896,624.175,205.699,34.6
RC_ID_E5ST61LI32,ID_E5ST61LI32,C2,信号中断/覆盖退化,服务小区覆盖距离超过 1 km，越区覆盖,检查越区覆盖，调整功率、方位角或切换边界。,-84.909,11.824,665.507,210.472,19.5
RC_ID_5NF826VBRC,ID_5NF826VBRC,C6,信道干扰,邻区和服务小区 PCI mod 30 相同导致干扰,重新规划 PCI，消除 PCI mod 30 冲突。,-86.91,10.052,828.333,202.017,18.8
RC_ID_CYLZ6QVHA8,ID_CYLZ6QVHA8,C8,带宽不足,平均调度 RB 低于 160 影响吞吐,检查 RB 调度资源，评估扩容或负载均衡。,-81.238,19.812,732.035,168.679,19.6
RC_ID_D3GX6VDW9I,ID_D3GX6VDW9I,C8,带宽不足,平均调度 RB 低于 160 影响吞吐,检查 RB 调度资源，评估扩容或负载均衡。,-80.219,11.883,690.44,158.2385,24.2
RC_ID_K8JWBES4SS,ID_K8JWBES4SS,C7,信号中断/覆盖退化,车速超过 40 km/h 影响吞吐,结合高速移动场景优化移动性和覆盖连续性。,-73.134,11.721,1059.551,209.389,36.7
RC_ID_K38H1VKB2J,ID_K38H1VKB2J,C5,基站故障,频繁切换降低性能,调整切换门限、迟滞和定时器，减少频繁切换。,-85.917,22.07,728.211,202.175,19.2
RC_ID_Z7BE0NWXTB,ID_Z7BE0NWXTB,C2,信号中断/覆盖退化,服务小区覆盖距离超过 1 km，越区覆盖,检查越区覆盖，调整功率、方位角或切换边界。,-83.24,6.764,688.26,203.645,23.3
RC_ID_TIPC07ET6F,ID_TIPC07ET6F,C8,带宽不足,平均调度 RB 低于 160 影响吞吐,检查 RB 调度资源，评估扩容或负载均衡。,-84.334,10.25,713.808,166.7255,19
RC_ID_6J9MLYL936,ID_6J9MLYL936,C5,基站故障,频繁切换降低性能,调整切换门限、迟滞和定时器，减少频繁切换。,-86.986,22.117,664.141,201.052,14.4
RC_ID_98USSY5BK8,ID_98USSY5BK8,C7,信号中断/覆盖退化,车速超过 40 km/h 影响吞吐,结合高速移动场景优化移动性和覆盖连续性。,-83.35,9.692,709.532,209.363,32.3
RC_ID_X3LNWMR6U1,ID_X3LNWMR6U1,C5,基站故障,频繁切换降低性能,调整切换门限、迟滞和定时器，减少频繁切换。,-81.644,10.623,616.166,206.803,18.8
RC_ID_Q33SGVFZ37,ID_Q33SGVFZ37,C7,信号中断/覆盖退化,车速超过 40 km/h 影响吞吐,结合高速移动场景优化移动性和覆盖连续性。,-85.279,20.241,816.188,203.725,35.8
RC_ID_I54ZIESRIL,ID_I54ZIESRIL,C1,信号中断/覆盖退化,服务小区下倾角过大，远端弱覆盖,复核服务小区下倾角，优化远端覆盖。,-86.417,11.552,686.763,205.508,16.8
RC_ID_EX1IJLQRPD,ID_EX1IJLQRPD,C6,信道干扰,邻区和服务小区 PCI mod 30 相同导致干扰,重新规划 PCI，消除 PCI mod 30 冲突。,-84.835,8.159,602.102,207.152,16.5
RC_ID_VY7TQVRK0O,ID_VY7TQVRK0O,C3,信道干扰,邻区提供更高吞吐,优化邻区关系和切换策略，降低强邻区抢占影响。,-81.633,7.339,1197.095,206.768,18.9
RC_ID_ZFKHVQEUKL,ID_ZFKHVQEUKL,C3,信道干扰,邻区提供更高吞吐,优化邻区关系和切换策略，降低强邻区抢占影响。,-80.307,4.617,735.162,204.344,20
RC_ID_PUEGH25DST,ID_PUEGH25DST,C6,信道干扰,邻区和服务小区 PCI mod 30 相同导致干扰,重新规划 PCI，消除 PCI mod 30 冲突。,-84.119,14.908,871.607,210.908,19.4
RC_ID_XDG093F3CW,ID_XDG093F3CW,C7,信号中断/覆盖退化,车速超过 40 km/h 影响吞吐,结合高速移动场景优化移动性和覆盖连续性。,-86.477,12.978,550.856,196.647,35.4
RC_ID_RTM4SGFAWQ,ID_RTM4SGFAWQ,C6,信道干扰,邻区和服务小区 PCI mod 30 相同导致干扰,重新规划 PCI，消除 PCI mod 30 冲突。,-70.156,11.929,687.721,205.023,15.6
RC_ID_97MIWG31A1,ID_97MIWG31A1,C3,信道干扰,邻区提供更高吞吐,优化邻区关系和切换策略，降低强邻区抢占影响。,-84.379,13.434,1177.359,209.29,24.3
RC_ID_P9S1Y94PKZ,ID_P9S1Y94PKZ,C4,信道干扰,非共站同频邻区导致严重重叠覆盖,处理同频重叠覆盖，优化频点、功率和覆盖边界。,-87.842,24.877,592.213,200.214,20.7
RC_ID_XJ04N1DP9Y,ID_XJ04N1DP9Y,C1,信号中断/覆盖退化,服务小区下倾角过大，远端弱覆盖,复核服务小区下倾角，优化远端覆盖。,-90.057,13.4,1103.026,210.328,15.9
RC_ID_TZBSHIE8IL,ID_TZBSHIE8IL,C7,信号中断/覆盖退化,车速超过 40 km/h 影响吞吐,结合高速移动场景优化移动性和覆盖连续性。,-80.028,10.629,805.537,206.235,33.1
RC_ID_PTOX0YMBBQ,ID_PTOX0YMBBQ,C7,信号中断/覆盖退化,车速超过 40 km/h 影响吞吐,结合高速移动场景优化移动性和覆盖连续性。,-83.848,13.263,822.625,210.216,36
RC_ID_EOI5ZXBLNO,ID_EOI5ZXBLNO,C7,信号中断/覆盖退化,车速超过 40 km/h 影响吞吐,结合高速移动场景优化移动性和覆盖连续性。,-82.461,11.021,590.72,186.587,31.6
RC_ID_IKP0NRBZW3,ID_IKP0NRBZW3,C8,带宽不足,平均调度 RB 低于 160 影响吞吐,检查 RB 调度资源，评估扩容或负载均衡。,-83.214,3.204,631.877,164.655,22.2
RC_ID_O7HFR2WSEE,ID_O7HFR2WSEE,C8,带宽不足,平均调度 RB 低于 160 影响吞吐,检查 RB 调度资源，评估扩容或负载均衡。,-84.56,10.856,599.701,150.766,25
RC_ID_JOOP6MD358,ID_JOOP6MD358,C6,信道干扰,邻区和服务小区 PCI mod 30 相同导致干扰,重新规划 PCI，消除 PCI mod 30 冲突。,-82.153,10.673,617.002,208.085,21.7
RC_ID_RKZ4VA0BB5,ID_RKZ4VA0BB5,C8,带宽不足,平均调度 RB 低于 160 影响吞吐,检查 RB 调度资源，评估扩容或负载均衡。,-81.402,7.764,690.079,161.3555,17.5
RC_ID_F9XYYB2DW9,ID_F9XYYB2DW9,C5,基站故障,频繁切换降低性能,调整切换门限、迟滞和定时器，减少频繁切换。,-86.91,10.052,828.333,202.017,18.8
RC_ID_TJ2IPIHWXM,ID_TJ2IPIHWXM,C8,带宽不足,平均调度 RB 低于 160 影响吞吐,检查 RB 调度资源，评估扩容或负载均衡。,-87.514,20.487,912.714,167.624,21.1
RC_ID_H8EG5BAV0S,ID_H8EG5BAV0S,C3,信道干扰,邻区提供更高吞吐,优化邻区关系和切换策略，降低强邻区抢占影响。,-83.716,17.02,1186.496,195.157,13.9
RC_ID_TBXR44SH92,ID_TBXR44SH92,C5,基站故障,频繁切换降低性能,调整切换门限、迟滞和定时器，减少频繁切换。,-78.851,9.781,570.043,202.879,20.4
RC_ID_XHY6C2GQTQ,ID_XHY6C2GQTQ,C3,信道干扰,邻区提供更高吞吐,优化邻区关系和切换策略，降低强邻区抢占影响。,-76.93,2.42,694.077,203.041,25.4
RC_ID_DH8XMV4N3Z,ID_DH8XMV4N3Z,C6,信道干扰,邻区和服务小区 PCI mod 30 相同导致干扰,重新规划 PCI，消除 PCI mod 30 冲突。,-83.016,9.176,712.709,206.745,25.1
RC_ID_H4W9Z55R49,ID_H4W9Z55R49,C3,信道干扰,邻区提供更高吞吐,优化邻区关系和切换策略，降低强邻区抢占影响。,-85.471,4.856,746.371,209.881,21.4
RC_ID_LVT7ODDH8A,ID_LVT7ODDH8A,C4,信道干扰,非共站同频邻区导致严重重叠覆盖,处理同频重叠覆盖，优化频点、功率和覆盖边界。,-82.192,5.776,798.331,210.689,19.9
RC_ID_L3DSOSH14Z,ID_L3DSOSH14Z,C2,信号中断/覆盖退化,服务小区覆盖距离超过 1 km，越区覆盖,检查越区覆盖，调整功率、方位角或切换边界。,-81.468,15.464,724.201,202.909,15.7
RC_ID_3Q4K5W5A3L,ID_3Q4K5W5A3L,C5,基站故障,频繁切换降低性能,调整切换门限、迟滞和定时器，减少频繁切换。,-83.037,3.811,615.835,202.287,19.9
RC_ID_DUMH8TT84C,ID_DUMH8TT84C,C4,信道干扰,非共站同频邻区导致严重重叠覆盖,处理同频重叠覆盖，优化频点、功率和覆盖边界。,-83.904,19.519,846.38,208.767,21
RC_ID_IHZ6QN27OW,ID_IHZ6QN27OW,C8,带宽不足,平均调度 RB 低于 160 影响吞吐,检查 RB 调度资源，评估扩容或负载均衡。,-76.869,9.35,682.406,150.0595,25.2
RC_ID_GHA0BQIIWY,ID_GHA0BQIIWY,C2,信号中断/覆盖退化,服务小区覆盖距离超过 1 km，越区覆盖,检查越区覆盖，调整功率、方位角或切换边界。,-86.943,24.963,553.339,202.133,20.9
RC_ID_0KY5FKXT6R,ID_0KY5FKXT6R,C7,信号中断/覆盖退化,车速超过 40 km/h 影响吞吐,结合高速移动场景优化移动性和覆盖连续性。,-85.772,17.029,874.325,207.282,33.1
RC_ID_AWOCDPQC2Y,ID_AWOCDPQC2Y,C8,带宽不足,平均调度 RB 低于 160 影响吞吐,检查 RB 调度资源，评估扩容或负载均衡。,-73.134,11.721,1059.551,167.773,20.7
RC_ID_UORMFQV116,ID_UORMFQV116,C4,信道干扰,非共站同频邻区导致严重重叠覆盖,处理同频重叠覆盖，优化频点、功率和覆盖边界。,-80.657,9.564,685.298,204.124,21.5
RC_ID_XUG85N3HOZ,ID_XUG85N3HOZ,C8,带宽不足,平均调度 RB 低于 160 影响吞吐,检查 RB 调度资源，评估扩容或负载均衡。,-75.374,11.651,631.605,162.1305,20.3
RC_ID_M3X4CKPNHE,ID_M3X4CKPNHE,C7,信号中断/覆盖退化,车速超过 40 km/h 影响吞吐,结合高速移动场景优化移动性和覆盖连续性。,-78.045,10.696,704.641,207.702,35.5
RC_ID_OVCMBTFXMN,ID_OVCMBTFXMN,C5,基站故障,频繁切换降低性能,调整切换门限、迟滞和定时器，减少频繁切换。,-83.279,9.915,771.956,204.18,21
RC_ID_YTHW99KR4D,ID_YTHW99KR4D,C5,基站故障,频繁切换降低性能,调整切换门限、迟滞和定时器，减少频繁切换。,-82.597,10.49,694.975,203.005,18.4
RC_ID_EWDZN6XS76,ID_EWDZN6XS76,C7,信号中断/覆盖退化,车速超过 40 km/h 影响吞吐,结合高速移动场景优化移动性和覆盖连续性。,-78.35,7.725,737.785,206.763,29.5
RC_ID_6HIIR6WXA9,ID_6HIIR6WXA9,C4,信道干扰,非共站同频邻区导致严重重叠覆盖,处理同频重叠覆盖，优化频点、功率和覆盖边界。,-83.161,6.479,687.155,205.65,20.5
RC_ID_HSET3OMOGE,ID_HSET3OMOGE,C5,基站故障,频繁切换降低性能,调整切换门限、迟滞和定时器，减少频繁切换。,-78.947,29.774,688.72,210.581,26.7
RC_ID_JT417SRE9W,ID_JT417SRE9W,C1,信号中断/覆盖退化,服务小区下倾角过大，远端弱覆盖,复核服务小区下倾角，优化远端覆盖。,-88.359,21.8,622.746,203.884,25.1
RC_ID_M5815N65PR,ID_M5815N65PR,C7,信号中断/覆盖退化,车速超过 40 km/h 影响吞吐,结合高速移动场景优化移动性和覆盖连续性。,-75.092,11.474,720.12,202.447,37.5
RC_ID_7QLPWXM5IU,ID_7QLPWXM5IU,C2,信号中断/覆盖退化,服务小区覆盖距离超过 1 km，越区覆盖,检查越区覆盖，调整功率、方位角或切换边界。,-78.947,29.774,688.72,210.581,26.7
RC_ID_6Z09UHJ1ML,ID_6Z09UHJ1ML,C8,带宽不足,平均调度 RB 低于 160 影响吞吐,检查 RB 调度资源，评估扩容或负载均衡。,-82.46,9.148,641.175,165.0015,23.7
RC_ID_I24H068051,ID_I24H068051,C7,信号中断/覆盖退化,车速超过 40 km/h 影响吞吐,结合高速移动场景优化移动性和覆盖连续性。,-78.423,8.525,747.947,204.725,37
RC_ID_VSLE1FEHZL,ID_VSLE1FEHZL,C7,信号中断/覆盖退化,车速超过 40 km/h 影响吞吐,结合高速移动场景优化移动性和覆盖连续性。,-83.073,-1.194,882.479,206.977,38.9
RC_ID_57OE58SJGA,ID_57OE58SJGA,C2,信号中断/覆盖退化,服务小区覆盖距离超过 1 km，越区覆盖,检查越区覆盖，调整功率、方位角或切换边界。,-83.65,5.985,584.501,207.914,21.5
RC_ID_10NLDGJVWY,ID_10NLDGJVWY,C5,基站故障,频繁切换降低性能,调整切换门限、迟滞和定时器，减少频繁切换。,-82.035,8.22,742.545,203.289,19.9
RC_ID_QUCL0GAM4F,ID_QUCL0GAM4F,C5,基站故障,频繁切换降低性能,调整切换门限、迟滞和定时器，减少频繁切换。,-80.71,17.926,940.028,203.97,20
RC_ID_DIHGSAVI8Z,ID_DIHGSAVI8Z,C8,带宽不足,平均调度 RB 低于 160 影响吞吐,检查 RB 调度资源，评估扩容或负载均衡。,-73.719,8.165,531.044,156.151,21.2
RC_ID_T3DPHJSXDR,ID_T3DPHJSXDR,C7,信号中断/覆盖退化,车速超过 40 km/h 影响吞吐,结合高速移动场景优化移动性和覆盖连续性。,-78.722,8.101,696.294,205.39,34.3
RC_ID_ERUCREN2XX,ID_ERUCREN2XX,C6,信道干扰,邻区和服务小区 PCI mod 30 相同导致干扰,重新规划 PCI，消除 PCI mod 30 冲突。,-87.842,24.877,592.213,200.214,20.7
RC_ID_KCBKONM0FW,ID_KCBKONM0FW,C3,信道干扰,邻区提供更高吞吐,优化邻区关系和切换策略，降低强邻区抢占影响。,-81.69,12.057,780.029,210.15,22.3
RC_ID_KQLAI9WMLM,ID_KQLAI9WMLM,C3,信道干扰,邻区提供更高吞吐,优化邻区关系和切换策略，降低强邻区抢占影响。,-85.108,17.967,714.332,208.236,17.7
RC_ID_SOPMT9BA39,ID_SOPMT9BA39,C7,信号中断/覆盖退化,车速超过 40 km/h 影响吞吐,结合高速移动场景优化移动性和覆盖连续性。,-86.453,12.433,1019.289,210.815,37.2
RC_ID_5B6FDC8532,ID_5B6FDC8532,C6,信道干扰,邻区和服务小区 PCI mod 30 相同导致干扰,重新规划 PCI，消除 PCI mod 30 冲突。,-85.873,21.799,629.779,200.125,15.9
RC_ID_PT6BIX562Z,ID_PT6BIX562Z,C5,基站故障,频繁切换降低性能,调整切换门限、迟滞和定时器，减少频繁切换。,-80.007,6.604,764.331,206.807,21.6
RC_ID_GRO03MH3BG,ID_GRO03MH3BG,C5,基站故障,频繁切换降低性能,调整切换门限、迟滞和定时器，减少频繁切换。,-75.374,11.651,631.605,202.64,20.3
RC_ID_BDF89XC2OA,ID_BDF89XC2OA,C7,信号中断/覆盖退化,车速超过 40 km/h 影响吞吐,结合高速移动场景优化移动性和覆盖连续性。,-83.311,5.908,628.991,199.476,37.8
RC_ID_99KI27HO40,ID_99KI27HO40,C6,信道干扰,邻区和服务小区 PCI mod 30 相同导致干扰,重新规划 PCI，消除 PCI mod 30 冲突。,-84.242,17.615,983.36,205.525,17.9
RC_ID_UPUGCAK3HW,ID_UPUGCAK3HW,C6,信道干扰,邻区和服务小区 PCI mod 30 相同导致干扰,重新规划 PCI，消除 PCI mod 30 冲突。,-83.716,17.02,1146.496,195.157,13.9
RC_ID_LS22XGIIPY,ID_LS22XGIIPY,C5,基站故障,频繁切换降低性能,调整切换门限、迟滞和定时器，减少频繁切换。,-84.883,17.45,694.06,207.114,23.3
RC_ID_9709E7L0TB,ID_9709E7L0TB,C8,带宽不足,平均调度 RB 低于 160 影响吞吐,检查 RB 调度资源，评估扩容或负载均衡。,-82.409,2.243,761.56,165.348,19.7
RC_ID_4SR0V0MV2G,ID_4SR0V0MV2G,C4,信道干扰,非共站同频邻区导致严重重叠覆盖,处理同频重叠覆盖，优化频点、功率和覆盖边界。,-80.904,7.801,579.148,205.833,22.5
RC_ID_YBX9CXYS2W,ID_YBX9CXYS2W,C7,信号中断/覆盖退化,车速超过 40 km/h 影响吞吐,结合高速移动场景优化移动性和覆盖连续性。,-79.555,10.163,852.033,207.533,35.9
RC_ID_081MRULUC7,ID_081MRULUC7,C6,信道干扰,邻区和服务小区 PCI mod 30 相同导致干扰,重新规划 PCI，消除 PCI mod 30 冲突。,-81.894,11.194,622.405,210.84,22.7
RC_ID_KZP8GKHNRF,ID_KZP8GKHNRF,C4,信道干扰,非共站同频邻区导致严重重叠覆盖,处理同频重叠覆盖，优化频点、功率和覆盖边界。,-79.977,5.046,557.125,202.529,19.1
RC_ID_77PH4PYECL,ID_77PH4PYECL,C4,信道干扰,非共站同频邻区导致严重重叠覆盖,处理同频重叠覆盖，优化频点、功率和覆盖边界。,-85.834,6.994,573.572,210.996,15.1
RC_ID_37JG8O0Y3T,ID_37JG8O0Y3T,C3,信道干扰,邻区提供更高吞吐,优化邻区关系和切换策略，降低强邻区抢占影响。,-84.24,13.214,647.955,209.886,23.4
RC_ID_A1GH8E7LN1,ID_A1GH8E7LN1,C3,信道干扰,邻区提供更高吞吐,优化邻区关系和切换策略，降低强邻区抢占影响。,-80.049,12.104,835.85,207.918,21.7
RC_ID_ARP1RUKCSM,ID_ARP1RUKCSM,C6,信道干扰,邻区和服务小区 PCI mod 30 相同导致干扰,重新规划 PCI，消除 PCI mod 30 冲突。,-83.069,2.448,514.677,206.698,23.5
RC_ID_A9RKUA2OV6,ID_A9RKUA2OV6,C2,信号中断/覆盖退化,服务小区覆盖距离超过 1 km，越区覆盖,检查越区覆盖，调整功率、方位角或切换边界。,-86.476,15.108,579.516,203.452,15.8
RC_ID_6AI9UOPY77,ID_6AI9UOPY77,C6,信道干扰,邻区和服务小区 PCI mod 30 相同导致干扰,重新规划 PCI，消除 PCI mod 30 冲突。,-87.029,26.518,934.381,210.77,17.6
RC_ID_PISO7LCOP3,ID_PISO7LCOP3,C7,信号中断/覆盖退化,车速超过 40 km/h 影响吞吐,结合高速移动场景优化移动性和覆盖连续性。,-82.644,10.774,798.692,207.892,32.5
RC_ID_E8DWY6EX2Y,ID_E8DWY6EX2Y,C3,信道干扰,邻区提供更高吞吐,优化邻区关系和切换策略，降低强邻区抢占影响。,-83.24,6.764,728.26,203.645,23.3
RC_ID_OKOLQMPS3N,ID_OKOLQMPS3N,C4,信道干扰,非共站同频邻区导致严重重叠覆盖,处理同频重叠覆盖，优化频点、功率和覆盖边界。,-81.758,14.697,667.403,192.983,23.7
RC_ID_XAI77HGJ4G,ID_XAI77HGJ4G,C3,信道干扰,邻区提供更高吞吐,优化邻区关系和切换策略，降低强邻区抢占影响。,-75.709,6.382,762.88,202.13,16.6
RC_ID_GOWSM9ZBZW,ID_GOWSM9ZBZW,C3,信道干扰,邻区提供更高吞吐,优化邻区关系和切换策略，降低强邻区抢占影响。,-82.406,7.222,930.864,200.879,16.1
RC_ID_E4PNA2L9SY,ID_E4PNA2L9SY,C2,信号中断/覆盖退化,服务小区覆盖距离超过 1 km，越区覆盖,检查越区覆盖，调整功率、方位角或切换边界。,-82.564,8.078,504.807,198.195,7.2
RC_ID_G0D9WJ80PM,ID_G0D9WJ80PM,C5,基站故障,频繁切换降低性能,调整切换门限、迟滞和定时器，减少频繁切换。,-86.4,13.149,853.161,209.863,18.9
RC_ID_RGUDMNBKJY,ID_RGUDMNBKJY,C3,信道干扰,邻区提供更高吞吐,优化邻区关系和切换策略，降低强邻区抢占影响。,-85.143,18.521,976.238,207.054,24.6
RC_ID_1C7ZK1OZF9,ID_1C7ZK1OZF9,C8,带宽不足,平均调度 RB 低于 160 影响吞吐,检查 RB 调度资源，评估扩容或负载均衡。,-85.772,17.029,874.325,165.484,17.1
RC_ID_UD6IWEND7S,ID_UD6IWEND7S,C5,基站故障,频繁切换降低性能,调整切换门限、迟滞和定时器，减少频繁切换。,-83.585,3.117,634.395,209.01,14.2
RC_ID_GKXS8G0GMX,ID_GKXS8G0GMX,C5,基站故障,频繁切换降低性能,调整切换门限、迟滞和定时器，减少频繁切换。,-80.788,28.484,769.091,207.067,16.8
RC_ID_FXWMJQGI74,ID_FXWMJQGI74,C6,信道干扰,邻区和服务小区 PCI mod 30 相同导致干扰,重新规划 PCI，消除 PCI mod 30 冲突。,-77.452,20.731,888.929,210.606,14.5
RC_ID_HI859U9TE2,ID_HI859U9TE2,C1,信号中断/覆盖退化,服务小区下倾角过大，远端弱覆盖,复核服务小区下倾角，优化远端覆盖。,-84.535,8.22,742.545,203.289,19.9
RC_ID_L769K8QTVR,ID_L769K8QTVR,C7,信号中断/覆盖退化,车速超过 40 km/h 影响吞吐,结合高速移动场景优化移动性和覆盖连续性。,-87.163,19.823,564.246,205.352,32.7
RC_ID_8MWMJ08LZJ,ID_8MWMJ08LZJ,C1,信号中断/覆盖退化,服务小区下倾角过大，远端弱覆盖,复核服务小区下倾角，优化远端覆盖。,-66.199,2.743,636.804,196.426,19
RC_ID_J6IVGZOEDS,ID_J6IVGZOEDS,C1,信号中断/覆盖退化,服务小区下倾角过大，远端弱覆盖,复核服务小区下倾角，优化远端覆盖。,-83.077,7.517,716.078,200.076,19.9
RC_ID_KJAXR9FIN5,ID_KJAXR9FIN5,C6,信道干扰,邻区和服务小区 PCI mod 30 相同导致干扰,重新规划 PCI，消除 PCI mod 30 冲突。,-82.81,6.978,737.717,210.537,18.5
RC_ID_E1AGJYMERH,ID_E1AGJYMERH,C1,信号中断/覆盖退化,服务小区下倾角过大，远端弱覆盖,复核服务小区下倾角，优化远端覆盖。,-89.467,15.545,922.385,207.194,20.2
RC_ID_H5KX9R57N0,ID_H5KX9R57N0,C5,基站故障,频繁切换降低性能,调整切换门限、迟滞和定时器，减少频繁切换。,-79.907,5.707,746.389,207.093,23.1
RC_ID_8ST99933N3,ID_8ST99933N3,C8,带宽不足,平均调度 RB 低于 160 影响吞吐,检查 RB 调度资源，评估扩容或负载均衡。,-85.779,20.031,613.704,151.3865,16.1
RC_ID_QQW2T1RAPI,ID_QQW2T1RAPI,C8,带宽不足,平均调度 RB 低于 160 影响吞吐,检查 RB 调度资源，评估扩容或负载均衡。,-86.939,20.147,590.381,165.114,23.6
RC_ID_BJ73DOJCY2,ID_BJ73DOJCY2,C8,带宽不足,平均调度 RB 低于 160 影响吞吐,检查 RB 调度资源，评估扩容或负载均衡。,-83.808,6.262,710.642,163.847,20.8
RC_ID_GSIVFERMK4,ID_GSIVFERMK4,C8,带宽不足,平均调度 RB 低于 160 影响吞吐,检查 RB 调度资源，评估扩容或负载均衡。,-83.939,21.388,986.35,166.598,20.5
RC_ID_77AHIJR5S9,ID_77AHIJR5S9,C5,基站故障,频繁切换降低性能,调整切换门限、迟滞和定时器，减少频繁切换。,-85.709,8.858,814.012,208.726,15.4
RC_ID_73GPEUOP18,ID_73GPEUOP18,C6,信道干扰,邻区和服务小区 PCI mod 30 相同导致干扰,重新规划 PCI，消除 PCI mod 30 冲突。,-83.014,17.466,1000.05,211.184,17.2
RC_ID_RM3ESX2J6M,ID_RM3ESX2J6M,C4,信道干扰,非共站同频邻区导致严重重叠覆盖,处理同频重叠覆盖，优化频点、功率和覆盖边界。,-84.459,20.207,740.667,202.918,17.5
RC_ID_WNVPVIVN7Z,ID_WNVPVIVN7Z,C5,基站故障,频繁切换降低性能,调整切换门限、迟滞和定时器，减少频繁切换。,-79.226,11.551,732.02,202.32,19.5
RC_ID_Y1CXV8IULH,ID_Y1CXV8IULH,C5,基站故障,频繁切换降低性能,调整切换门限、迟滞和定时器，减少频繁切换。,-86.943,24.963,553.339,202.133,20.9
RC_ID_JJUDI8ZQQO,ID_JJUDI8ZQQO,C7,信号中断/覆盖退化,车速超过 40 km/h 影响吞吐,结合高速移动场景优化移动性和覆盖连续性。,-77.731,13.586,776.388,203.638,39.4
RC_ID_JU9GBX0G8T,ID_JU9GBX0G8T,C6,信道干扰,邻区和服务小区 PCI mod 30 相同导致干扰,重新规划 PCI，消除 PCI mod 30 冲突。,-81.865,11.728,794.236,204.602,15.1
RC_ID_UJUT7JSTUE,ID_UJUT7JSTUE,C8,带宽不足,平均调度 RB 低于 160 影响吞吐,检查 RB 调度资源，评估扩容或负载均衡。,-78.118,7.446,687.178,161.131,15.7
RC_ID_JHJ16XTQU2,ID_JHJ16XTQU2,C3,信道干扰,邻区提供更高吞吐,优化邻区关系和切换策略，降低强邻区抢占影响。,-82.216,14.272,738.91,209.924,20.1
RC_ID_JXCFQ3ZQLG,ID_JXCFQ3ZQLG,C1,信号中断/覆盖退化,服务小区下倾角过大，远端弱覆盖,复核服务小区下倾角，优化远端覆盖。,-86.284,18.006,939.314,211.216,18.1
RC_ID_XHLIS9PAR2,ID_XHLIS9PAR2,C4,信道干扰,非共站同频邻区导致严重重叠覆盖,处理同频重叠覆盖，优化频点、功率和覆盖边界。,-82.81,6.978,737.717,210.537,18.5
RC_ID_C5USPQNUJN,ID_C5USPQNUJN,C2,信号中断/覆盖退化,服务小区覆盖距离超过 1 km，越区覆盖,检查越区覆盖，调整功率、方位角或切换边界。,-80.345,22.522,1080.766,211.004,18.4
RC_ID_T5W0AW6WBS,ID_T5W0AW6WBS,C3,信道干扰,邻区提供更高吞吐,优化邻区关系和切换策略，降低强邻区抢占影响。,-81.382,9.494,718.906,206.031,20.8
RC_ID_9BAOD694P7,ID_9BAOD694P7,C3,信道干扰,邻区提供更高吞吐,优化邻区关系和切换策略，降低强邻区抢占影响。,-83.494,1.134,646.579,205.656,20.1
RC_ID_3XF6RBKGT6,ID_3XF6RBKGT6,C8,带宽不足,平均调度 RB 低于 160 影响吞吐,检查 RB 调度资源，评估扩容或负载均衡。,-82.44,11.047,626.376,161.634,18.2
RC_ID_SVDADKFUIX,ID_SVDADKFUIX,C4,信道干扰,非共站同频邻区导致严重重叠覆盖,处理同频重叠覆盖，优化频点、功率和覆盖边界。,-80.145,8.104,605.136,203.958,13.1
RC_ID_ADVN1M3CCL,ID_ADVN1M3CCL,C7,信号中断/覆盖退化,车速超过 40 km/h 影响吞吐,结合高速移动场景优化移动性和覆盖连续性。,-80.932,7.732,876.927,207.47,38
RC_ID_W7L45MWZAC,ID_W7L45MWZAC,C7,信号中断/覆盖退化,车速超过 40 km/h 影响吞吐,结合高速移动场景优化移动性和覆盖连续性。,-73.01,9.386,989.462,207.829,32.4
RC_ID_08V7X0NBBW,ID_08V7X0NBBW,C2,信号中断/覆盖退化,服务小区覆盖距离超过 1 km，越区覆盖,检查越区覆盖，调整功率、方位角或切换边界。,-80.932,7.732,876.927,207.47,22
RC_ID_NADG2JP6WZ,ID_NADG2JP6WZ,C1,信号中断/覆盖退化,服务小区下倾角过大，远端弱覆盖,复核服务小区下倾角，优化远端覆盖。,-86.663,5.5,676.208,203.359,23.1
RC_ID_2CGQENLIMK,ID_2CGQENLIMK,C7,信号中断/覆盖退化,车速超过 40 km/h 影响吞吐,结合高速移动场景优化移动性和覆盖连续性。,-87.114,15.285,819.266,211.053,36.3
RC_ID_DAQ27DJAK7,ID_DAQ27DJAK7,C8,带宽不足,平均调度 RB 低于 160 影响吞吐,检查 RB 调度资源，评估扩容或负载均衡。,-71.707,13.834,785.797,162.075,17.7
RC_ID_GM5ZRZOW3C,ID_GM5ZRZOW3C,C8,带宽不足,平均调度 RB 低于 160 影响吞吐,检查 RB 调度资源，评估扩容或负载均衡。,-85.859,21.8,622.746,163.3415,25.1
RC_ID_ECM41QSCHL,ID_ECM41QSCHL,C3,信道干扰,邻区提供更高吞吐,优化邻区关系和切换策略，降低强邻区抢占影响。,-86.557,13.4,1143.026,210.328,15.9
RC_ID_MMOHN2E03Q,ID_MMOHN2E03Q,C3,信道干扰,邻区提供更高吞吐,优化邻区关系和切换策略，降低强邻区抢占影响。,-84.1,5.853,698.36,207.149,13.6
RC_ID_WFKU6PPLSK,ID_WFKU6PPLSK,C7,信号中断/覆盖退化,车速超过 40 km/h 影响吞吐,结合高速移动场景优化移动性和覆盖连续性。,-69.388,4.254,677.069,203.497,35.2
RC_ID_8VS1RE1SVY,ID_8VS1RE1SVY,C8,带宽不足,平均调度 RB 低于 160 影响吞吐,检查 RB 调度资源，评估扩容或负载均衡。,-83.856,6.631,562.645,164.238,16.3
RC_ID_8G4W5377IW,ID_8G4W5377IW,C1,信号中断/覆盖退化,服务小区下倾角过大，远端弱覆盖,复核服务小区下倾角，优化远端覆盖。,-88.781,7.62,1010.785,208.125,19.9
RC_ID_T6AVQ085FH,ID_T6AVQ085FH,C1,信号中断/覆盖退化,服务小区下倾角过大，远端弱覆盖,复核服务小区下倾角，优化远端覆盖。,-80.596,10.274,976.798,208.951,27.6
RC_ID_VX6U05PEZB,ID_VX6U05PEZB,C8,带宽不足,平均调度 RB 低于 160 影响吞吐,检查 RB 调度资源，评估扩容或负载均衡。,-84.543,5.398,615.909,164.3305,27.4
RC_ID_UTQB7JS8V5,ID_UTQB7JS8V5,C3,信道干扰,邻区提供更高吞吐,优化邻区关系和切换策略，降低强邻区抢占影响。,-85.279,20.241,856.188,203.725,19.8
RC_ID_TZZY5T0AID,ID_TZZY5T0AID,C8,带宽不足,平均调度 RB 低于 160 影响吞吐,检查 RB 调度资源，评估扩容或负载均衡。,-83.069,2.448,514.677,165.267,23.5
RC_ID_GTDIA82VEH,ID_GTDIA82VEH,C1,信号中断/覆盖退化,服务小区下倾角过大，远端弱覆盖,复核服务小区下倾角，优化远端覆盖。,-85.909,2.243,761.56,206.135,19.7
RC_ID_LV3KNSG6AD,ID_LV3KNSG6AD,C5,基站故障,频繁切换降低性能,调整切换门限、迟滞和定时器，减少频繁切换。,-87.514,20.487,912.714,209.57,21.1
RC_ID_IQ9K6B4CC2,ID_IQ9K6B4CC2,C7,信号中断/覆盖退化,车速超过 40 km/h 影响吞吐,结合高速移动场景优化移动性和覆盖连续性。,-82.597,10.49,694.975,203.005,34.4
RC_ID_9UB2UF5TWP,ID_9UB2UF5TWP,C5,基站故障,频繁切换降低性能,调整切换门限、迟滞和定时器，减少频繁切换。,-78.868,14.143,826.737,205.485,20.7
RC_ID_5GI21CWW75,ID_5GI21CWW75,C4,信道干扰,非共站同频邻区导致严重重叠覆盖,处理同频重叠覆盖，优化频点、功率和覆盖边界。,-80.219,11.883,690.44,199.998,24.2
RC_ID_VXD9HPC5IB,ID_VXD9HPC5IB,C8,带宽不足,平均调度 RB 低于 160 影响吞吐,检查 RB 调度资源，评估扩容或负载均衡。,-83.437,4.12,712.502,165.8015,27.2
RC_ID_TAKVVMYH42,ID_TAKVVMYH42,C5,基站故障,频繁切换降低性能,调整切换门限、迟滞和定时器，减少频繁切换。,-85.483,22.556,583.062,194.466,19.7
RC_ID_2ZJQ0KRZQF,ID_2ZJQ0KRZQF,C4,信道干扰,非共站同频邻区导致严重重叠覆盖,处理同频重叠覆盖，优化频点、功率和覆盖边界。,-75.092,11.474,720.12,202.447,21.5
RC_ID_5F4VUQF5G0,ID_5F4VUQF5G0,C7,信号中断/覆盖退化,车速超过 40 km/h 影响吞吐,结合高速移动场景优化移动性和覆盖连续性。,-80.13,9.061,638.666,207.499,36.1
RC_ID_N0A7H3FSGL,ID_N0A7H3FSGL,C7,信号中断/覆盖退化,车速超过 40 km/h 影响吞吐,结合高速移动场景优化移动性和覆盖连续性。,-84.667,11.995,804.488,206.078,33.8
RC_ID_8JDR5U1EX7,ID_8JDR5U1EX7,C6,信道干扰,邻区和服务小区 PCI mod 30 相同导致干扰,重新规划 PCI，消除 PCI mod 30 冲突。,-78.635,12.561,682.417,198.074,24.9
RC_ID_K6Z4RM3R9C,ID_K6Z4RM3R9C,C8,带宽不足,平均调度 RB 低于 160 影响吞吐,检查 RB 调度资源，评估扩容或负载均衡。,-83.669,6.373,570.592,164.8045,15.3
RC_ID_V04FRPHJOQ,ID_V04FRPHJOQ,C8,带宽不足,平均调度 RB 低于 160 影响吞吐,检查 RB 调度资源，评估扩容或负载均衡。,-86.069,20.49,586.152,165.186,15.3
RC_ID_DSOABPQM4S,ID_DSOABPQM4S,C4,信道干扰,非共站同频邻区导致严重重叠覆盖,处理同频重叠覆盖，优化频点、功率和覆盖边界。,-79.36,9.715,860.39,206.693,18.1
RC_ID_FZ1R3O27T3,ID_FZ1R3O27T3,C8,带宽不足,平均调度 RB 低于 160 影响吞吐,检查 RB 调度资源，评估扩容或负载均衡。,-79.219,10.873,716.574,163.654,17.6
RC_ID_T603JHR1M1,ID_T603JHR1M1,C6,信道干扰,邻区和服务小区 PCI mod 30 相同导致干扰,重新规划 PCI，消除 PCI mod 30 冲突。,-83.428,15.386,767.26,210.024,19.4
RC_ID_IHSQD4Z1LX,ID_IHSQD4Z1LX,C7,信号中断/覆盖退化,车速超过 40 km/h 影响吞吐,结合高速移动场景优化移动性和覆盖连续性。,-85.108,17.967,674.332,208.236,33.7
RC_ID_1SBVTGWSXN,ID_1SBVTGWSXN,C2,信号中断/覆盖退化,服务小区覆盖距离超过 1 km，越区覆盖,检查越区覆盖，调整功率、方位角或切换边界。,-85.701,16.511,1059.873,211.278,20.2
RC_ID_DZAS2TOCRZ,ID_DZAS2TOCRZ,C2,信号中断/覆盖退化,服务小区覆盖距离超过 1 km，越区覆盖,检查越区覆盖，调整功率、方位角或切换边界。,-86.868,27.317,765.626,210.747,25.7
RC_ID_181L3IFM91,ID_181L3IFM91,C7,信号中断/覆盖退化,车速超过 40 km/h 影响吞吐,结合高速移动场景优化移动性和覆盖连续性。,-77.823,5.707,668.293,204.085,32.4
RC_ID_25YDHU6W1H,ID_25YDHU6W1H,C1,信号中断/覆盖退化,服务小区下倾角过大，远端弱覆盖,复核服务小区下倾角，优化远端覆盖。,-90.15,8.435,801.304,208.407,21.6
RC_ID_ZL6DE9DCOZ,ID_ZL6DE9DCOZ,C7,信号中断/覆盖退化,车速超过 40 km/h 影响吞吐,结合高速移动场景优化移动性和覆盖连续性。,-87.842,24.877,592.213,200.214,36.7
RC_ID_646HCS9F9U,ID_646HCS9F9U,C5,基站故障,频繁切换降低性能,调整切换门限、迟滞和定时器，减少频繁切换。,-80.751,12.26,815.971,206.711,12
RC_ID_VFVED2AI2U,ID_VFVED2AI2U,C7,信号中断/覆盖退化,车速超过 40 km/h 影响吞吐,结合高速移动场景优化移动性和覆盖连续性。,-85.727,11.351,664.302,210.191,35.2
RC_ID_6QSL4OZ5OC,ID_6QSL4OZ5OC,C5,基站故障,频繁切换降低性能,调整切换门限、迟滞和定时器，减少频繁切换。,-78.926,7.714,548.458,198.056,22.7
RC_ID_H9T277CGMB,ID_H9T277CGMB,C8,带宽不足,平均调度 RB 低于 160 影响吞吐,检查 RB 调度资源，评估扩容或负载均衡。,-86.072,14.998,749.721,159.246,22
RC_ID_XITSBH4DFE,ID_XITSBH4DFE,C5,基站故障,频繁切换降低性能,调整切换门限、迟滞和定时器，减少频繁切换。,-86.253,11.892,619.079,204.819,24.7
RC_ID_GAUQDESJUK,ID_GAUQDESJUK,C2,信号中断/覆盖退化,服务小区覆盖距离超过 1 km，越区覆盖,检查越区覆盖，调整功率、方位角或切换边界。,-81.542,11.217,850.051,208.43,18.5
RC_ID_1VR58CFHTL,ID_1VR58CFHTL,C4,信道干扰,非共站同频邻区导致严重重叠覆盖,处理同频重叠覆盖，优化频点、功率和覆盖边界。,-83.011,17.356,714.129,204.503,13.8
RC_ID_PZT4WEN7KL,ID_PZT4WEN7KL,C3,信道干扰,邻区提供更高吞吐,优化邻区关系和切换策略，降低强邻区抢占影响。,-82.597,10.49,734.975,203.005,18.4
RC_ID_AI1IRYN56G,ID_AI1IRYN56G,C6,信道干扰,邻区和服务小区 PCI mod 30 相同导致干扰,重新规划 PCI，消除 PCI mod 30 冲突。,-86.4,13.149,853.161,209.863,18.9
RC_ID_9R9D99K2JA,ID_9R9D99K2JA,C5,基站故障,频繁切换降低性能,调整切换门限、迟滞和定时器，减少频繁切换。,-84.052,22.247,737.455,208.139,23.8
RC_ID_0HZ8YQKGHH,ID_0HZ8YQKGHH,C3,信道干扰,邻区提供更高吞吐,优化邻区关系和切换策略，降低强邻区抢占影响。,-79.114,16.424,721.703,187.845,20.2
RC_ID_C019RUGO0U,ID_C019RUGO0U,C3,信道干扰,邻区提供更高吞吐,优化邻区关系和切换策略，降低强邻区抢占影响。,-81.758,14.697,707.403,192.983,23.7
RC_ID_IPDN4XBTV4,ID_IPDN4XBTV4,C4,信道干扰,非共站同频邻区导致严重重叠覆盖,处理同频重叠覆盖，优化频点、功率和覆盖边界。,-84.881,8.869,563.428,206.472,16
RC_ID_TC0JGXZ4UP,ID_TC0JGXZ4UP,C7,信号中断/覆盖退化,车速超过 40 km/h 影响吞吐,结合高速移动场景优化移动性和覆盖连续性。,-84.764,10.193,788.018,210.471,33.9
RC_ID_X3OOJ604R3,ID_X3OOJ604R3,C1,信号中断/覆盖退化,服务小区下倾角过大，远端弱覆盖,复核服务小区下倾角，优化远端覆盖。,-91.014,20.487,912.714,209.57,21.1
RC_ID_DF7IK5PYAT,ID_DF7IK5PYAT,C8,带宽不足,平均调度 RB 低于 160 影响吞吐,检查 RB 调度资源，评估扩容或负载均衡。,-86.712,5.66,610.332,165.4835,16.9
RC_ID_SJWS6IMH58,ID_SJWS6IMH58,C4,信道干扰,非共站同频邻区导致严重重叠覆盖,处理同频重叠覆盖，优化频点、功率和覆盖边界。,-86.404,20.638,739.002,201.644,22.2
RC_ID_1MGI3YZ10N,ID_1MGI3YZ10N,C4,信道干扰,非共站同频邻区导致严重重叠覆盖,处理同频重叠覆盖，优化频点、功率和覆盖边界。,-80.377,23.108,957.78,189.211,18.4
RC_ID_AQ4TP9MXOI,ID_AQ4TP9MXOI,C4,信道干扰,非共站同频邻区导致严重重叠覆盖,处理同频重叠覆盖，优化频点、功率和覆盖边界。,-86.986,22.117,664.141,201.052,14.4
RC_ID_OX5QZ36IC0,ID_OX5QZ36IC0,C2,信号中断/覆盖退化,服务小区覆盖距离超过 1 km，越区覆盖,检查越区覆盖，调整功率、方位角或切换边界。,-81.348,14.715,754.998,203.794,14.7
RC_ID_7EUIFE66WP,ID_7EUIFE66WP,C5,基站故障,频繁切换降低性能,调整切换门限、迟滞和定时器，减少频繁切换。,-84.667,11.995,804.488,206.078,17.8
RC_ID_1X6SD6H4HU,ID_1X6SD6H4HU,C7,信号中断/覆盖退化,车速超过 40 km/h 影响吞吐,结合高速移动场景优化移动性和覆盖连续性。,-81.983,21.996,675.245,201.67,41
RC_ID_200TTC3Y2J,ID_200TTC3Y2J,C2,信号中断/覆盖退化,服务小区覆盖距离超过 1 km，越区覆盖,检查越区覆盖，调整功率、方位角或切换边界。,-84.907,6.638,739.23,207.689,22.9
RC_ID_Q8IS7H64L2,ID_Q8IS7H64L2,C7,信号中断/覆盖退化,车速超过 40 km/h 影响吞吐,结合高速移动场景优化移动性和覆盖连续性。,-84.3,9.197,617.177,199.703,32.5
RC_ID_EUTSFPNX1O,ID_EUTSFPNX1O,C2,信号中断/覆盖退化,服务小区覆盖距离超过 1 km，越区覆盖,检查越区覆盖，调整功率、方位角或切换边界。,-82.135,7.503,608.458,202.915,18
RC_ID_4JL3QLA86N,ID_4JL3QLA86N,C4,信道干扰,非共站同频邻区导致严重重叠覆盖,处理同频重叠覆盖，优化频点、功率和覆盖边界。,-83.428,15.386,767.26,210.024,19.4
RC_ID_II2N5XBMX6,ID_II2N5XBMX6,C6,信道干扰,邻区和服务小区 PCI mod 30 相同导致干扰,重新规划 PCI，消除 PCI mod 30 冲突。,-87.016,21.57,612.189,193.159,16.6
RC_ID_SCS39XVXYF,ID_SCS39XVXYF,C5,基站故障,频繁切换降低性能,调整切换门限、迟滞和定时器，减少频繁切换。,-86.729,20.277,880.191,210.098,22.4
RC_ID_IDKTVUHJXF,ID_IDKTVUHJXF,C4,信道干扰,非共站同频邻区导致严重重叠覆盖,处理同频重叠覆盖，优化频点、功率和覆盖边界。,-77.171,9.569,764.701,195.233,15.2
RC_ID_FDH1RU7TFB,ID_FDH1RU7TFB,C3,信道干扰,邻区提供更高吞吐,优化邻区关系和切换策略，降低强邻区抢占影响。,-79.437,7.607,709.675,202.605,17.4
RC_ID_QPM3PTZ5MC,ID_QPM3PTZ5MC,C1,信号中断/覆盖退化,服务小区下倾角过大，远端弱覆盖,复核服务小区下倾角，优化远端覆盖。,-89.477,12.978,550.856,196.647,19.4
RC_ID_Q89WFG43EI,ID_Q89WFG43EI,C8,带宽不足,平均调度 RB 低于 160 影响吞吐,检查 RB 调度资源，评估扩容或负载均衡。,-71.717,4.622,737.008,157.827,19.8
RC_ID_A274LU3WJ6,ID_A274LU3WJ6,C7,信号中断/覆盖退化,车速超过 40 km/h 影响吞吐,结合高速移动场景优化移动性和覆盖连续性。,-83.016,9.176,712.709,206.745,41.1
RC_ID_VWRJL2WHSP,ID_VWRJL2WHSP,C1,信号中断/覆盖退化,服务小区下倾角过大，远端弱覆盖,复核服务小区下倾角，优化远端覆盖。,-87.439,20.429,755.729,204.22,17.8
RC_ID_BILV9SZM5H,ID_BILV9SZM5H,C2,信号中断/覆盖退化,服务小区覆盖距离超过 1 km，越区覆盖,检查越区覆盖，调整功率、方位角或切换边界。,-83.879,14.417,740.764,200.787,19.8
RC_ID_P3T51GGN4H,ID_P3T51GGN4H,C1,信号中断/覆盖退化,服务小区下倾角过大，远端弱覆盖,复核服务小区下倾角，优化远端覆盖。,-82.902,7.764,690.079,200.266,17.5
RC_ID_4WACIZA3H2,ID_4WACIZA3H2,C2,信号中断/覆盖退化,服务小区覆盖距离超过 1 km，越区覆盖,检查越区覆盖，调整功率、方位角或切换边界。,-88.027,25.5,657.777,206.009,23.2
RC_ID_GACBTVWP9Y,ID_GACBTVWP9Y,C4,信道干扰,非共站同频邻区导致严重重叠覆盖,处理同频重叠覆盖，优化频点、功率和覆盖边界。,-75.936,8.292,650.952,202.274,19.6
RC_ID_T8F8L20CW2,ID_T8F8L20CW2,C3,信道干扰,邻区提供更高吞吐,优化邻区关系和切换策略，降低强邻区抢占影响。,-81.639,10.587,769.278,205.841,23.7
RC_ID_KIEEZXSVTV,ID_KIEEZXSVTV,C5,基站故障,频繁切换降低性能,调整切换门限、迟滞和定时器，减少频繁切换。,-87.302,24.238,652.083,204.633,19.7
RC_ID_WZ3J2N331T,ID_WZ3J2N331T,C4,信道干扰,非共站同频邻区导致严重重叠覆盖,处理同频重叠覆盖，优化频点、功率和覆盖边界。,-83.641,16.587,746.459,209.057,17.2
RC_ID_O1CIT1IYR0,ID_O1CIT1IYR0,C5,基站故障,频繁切换降低性能,调整切换门限、迟滞和定时器，减少频繁切换。,-83.671,14.049,609.589,201.5,21.3
RC_ID_PGYRGGD4J0,ID_PGYRGGD4J0,C4,信道干扰,非共站同频邻区导致严重重叠覆盖,处理同频重叠覆盖，优化频点、功率和覆盖边界。,-78.851,9.781,570.043,202.879,20.4
RC_ID_E83HIHVS8B,ID_E83HIHVS8B,C4,信道干扰,非共站同频邻区导致严重重叠覆盖,处理同频重叠覆盖，优化频点、功率和覆盖边界。,-85.779,20.031,613.704,188.313,16.1
RC_ID_5YY39KRIVE,ID_5YY39KRIVE,C6,信道干扰,邻区和服务小区 PCI mod 30 相同导致干扰,重新规划 PCI，消除 PCI mod 30 冲突。,-83.161,6.479,687.155,205.65,20.5
RC_ID_PVHBHH000J,ID_PVHBHH000J,C4,信道干扰,非共站同频邻区导致严重重叠覆盖,处理同频重叠覆盖，优化频点、功率和覆盖边界。,-84.652,9.847,720.851,206.402,20.9
RC_ID_PED7CLDH68,ID_PED7CLDH68,C8,带宽不足,平均调度 RB 低于 160 影响吞吐,检查 RB 调度资源，评估扩容或负载均衡。,-83.35,9.692,709.532,167.206,16.3
RC_ID_DBIXA59HFZ,ID_DBIXA59HFZ,C6,信道干扰,邻区和服务小区 PCI mod 30 相同导致干扰,重新规划 PCI，消除 PCI mod 30 冲突。,-80.145,8.104,605.136,203.958,13.1
RC_ID_8M5P3ERAS6,ID_8M5P3ERAS6,C1,信号中断/覆盖退化,服务小区下倾角过大，远端弱覆盖,复核服务小区下倾角，优化远端覆盖。,-87.923,22.619,607.395,191.326,22.4
RC_ID_3Q8DP7Y4AU,ID_3Q8DP7Y4AU,C5,基站故障,频繁切换降低性能,调整切换门限、迟滞和定时器，减少频繁切换。,-85.747,8.596,807.296,201.357,19.1
RC_ID_51B76ANAMD,ID_51B76ANAMD,C2,信号中断/覆盖退化,服务小区覆盖距离超过 1 km，越区覆盖,检查越区覆盖，调整功率、方位角或切换边界。,-82.369,3.773,555.43,201.165,22.2
RC_ID_CVVIL5P2EV,ID_CVVIL5P2EV,C7,信号中断/覆盖退化,车速超过 40 km/h 影响吞吐,结合高速移动场景优化移动性和覆盖连续性。,-86.868,27.317,765.626,210.747,41.7
RC_ID_HXT6H7GW6C,ID_HXT6H7GW6C,C6,信道干扰,邻区和服务小区 PCI mod 30 相同导致干扰,重新规划 PCI，消除 PCI mod 30 冲突。,-86.156,18.896,624.175,205.699,18.6
RC_ID_MZXDIGGC8B,ID_MZXDIGGC8B,C1,信号中断/覆盖退化,服务小区下倾角过大，远端弱覆盖,复核服务小区下倾角，优化远端覆盖。,-87.972,15.074,930.5,210.639,19.4
RC_ID_JM9Y2BNLMJ,ID_JM9Y2BNLMJ,C7,信号中断/覆盖退化,车速超过 40 km/h 影响吞吐,结合高速移动场景优化移动性和覆盖连续性。,-79.62,8.049,641.856,207.212,40.1
RC_ID_GM71ERNLBD,ID_GM71ERNLBD,C8,带宽不足,平均调度 RB 低于 160 影响吞吐,检查 RB 调度资源，评估扩容或负载均衡。,-78.453,7.618,832.21,166.949,25.8
RC_ID_X3S6R2YRL4,ID_X3S6R2YRL4,C5,基站故障,频繁切换降低性能,调整切换门限、迟滞和定时器，减少频繁切换。,-82.644,10.774,798.692,207.892,16.5
RC_ID_BHMUD9KAJ3,ID_BHMUD9KAJ3,C8,带宽不足,平均调度 RB 低于 160 影响吞吐,检查 RB 调度资源，评估扩容或负载均衡。,-80.329,15.28,567.624,165.8565,21.4
RC_ID_REPO19T7MU,ID_REPO19T7MU,C5,基站故障,频繁切换降低性能,调整切换门限、迟滞和定时器，减少频繁切换。,-83.746,11.675,678.067,199.041,21.9
RC_ID_K97WR2E6RD,ID_K97WR2E6RD,C2,信号中断/覆盖退化,服务小区覆盖距离超过 1 km，越区覆盖,检查越区覆盖，调整功率、方位角或切换边界。,-85.834,6.994,573.572,210.996,15.1
RC_ID_5BYC36XPDQ,ID_5BYC36XPDQ,C2,信号中断/覆盖退化,服务小区覆盖距离超过 1 km，越区覆盖,检查越区覆盖，调整功率、方位角或切换边界。,-79.607,6.539,607.329,204.595,12.4
RC_ID_CIQT20YJJJ,ID_CIQT20YJJJ,C2,信号中断/覆盖退化,服务小区覆盖距离超过 1 km，越区覆盖,检查越区覆盖，调整功率、方位角或切换边界。,-83.384,2.522,650.548,200.465,16.5
RC_ID_EC8RGW2DEY,ID_EC8RGW2DEY,C5,基站故障,频繁切换降低性能,调整切换门限、迟滞和定时器，减少频繁切换。,-85.076,24.087,640.596,197.24,16.2
RC_ID_8TI0TOUWGP,ID_8TI0TOUWGP,C5,基站故障,频繁切换降低性能,调整切换门限、迟滞和定时器，减少频繁切换。,-78.35,7.725,737.785,206.763,13.5
RC_ID_76XBDV44JI,ID_76XBDV44JI,C7,信号中断/覆盖退化,车速超过 40 km/h 影响吞吐,结合高速移动场景优化移动性和覆盖连续性。,-83.888,8.217,666.702,210.186,32.8
RC_ID_WQXT06EEC3,ID_WQXT06EEC3,C7,信号中断/覆盖退化,车速超过 40 km/h 影响吞吐,结合高速移动场景优化移动性和覆盖连续性。,-84.925,10.939,674.005,203.831,38
RC_ID_RVN3J77CS5,ID_RVN3J77CS5,C8,带宽不足,平均调度 RB 低于 160 影响吞吐,检查 RB 调度资源，评估扩容或负载均衡。,-85.471,4.856,706.371,167.762,21.4
RC_ID_LNTA6SRITX,ID_LNTA6SRITX,C5,基站故障,频繁切换降低性能,调整切换门限、迟滞和定时器，减少频繁切换。,-84.119,14.908,871.607,210.908,19.4
RC_ID_H3U7KPGO63,ID_H3U7KPGO63,C3,信道干扰,邻区提供更高吞吐,优化邻区关系和切换策略，降低强邻区抢占影响。,-83.011,17.356,754.129,204.503,13.8
RC_ID_1EBJ93CTKT,ID_1EBJ93CTKT,C1,信号中断/覆盖退化,服务小区下倾角过大，远端弱覆盖,复核服务小区下倾角，优化远端覆盖。,-88.462,21.995,639.432,207.145,17
RC_ID_1G9ONGB294,ID_1G9ONGB294,C2,信号中断/覆盖退化,服务小区覆盖距离超过 1 km，越区覆盖,检查越区覆盖，调整功率、方位角或切换边界。,-81.69,12.057,740.029,210.15,22.3
RC_ID_4FDHGBPV41,ID_4FDHGBPV41,C2,信号中断/覆盖退化,服务小区覆盖距离超过 1 km，越区覆盖,检查越区覆盖，调整功率、方位角或切换边界。,-83.279,9.915,771.956,204.18,21
RC_ID_4MONCBG56I,ID_4MONCBG56I,C2,信号中断/覆盖退化,服务小区覆盖距离超过 1 km，越区覆盖,检查越区覆盖，调整功率、方位角或切换边界。,-78.118,7.446,687.178,201.216,15.7
RC_ID_QMXF4KA56Z,ID_QMXF4KA56Z,C8,带宽不足,平均调度 RB 低于 160 影响吞吐,检查 RB 调度资源，评估扩容或负载均衡。,-79.903,8.477,741.887,157.201,21.7
RC_ID_QBRRZR3SU1,ID_QBRRZR3SU1,C5,基站故障,频繁切换降低性能,调整切换门限、迟滞和定时器，减少频繁切换。,-82.015,13,716.37,203.822,20
RC_ID_HJFASGEG4M,ID_HJFASGEG4M,C5,基站故障,频繁切换降低性能,调整切换门限、迟滞和定时器，减少频繁切换。,-81.516,6.677,1157.076,209.546,16.2
RC_ID_TMXJN2QC5D,ID_TMXJN2QC5D,C1,信号中断/覆盖退化,服务小区下倾角过大，远端弱覆盖,复核服务小区下倾角，优化远端覆盖。,-85.464,7.561,648.033,201.69,18.4
RC_ID_UPRHXQGL46,ID_UPRHXQGL46,C2,信号中断/覆盖退化,服务小区覆盖距离超过 1 km，越区覆盖,检查越区覆盖，调整功率、方位角或切换边界。,-87.465,9.302,671.507,191.364,19.4
RC_ID_QMEK0YBTAF,ID_QMEK0YBTAF,C4,信道干扰,非共站同频邻区导致严重重叠覆盖,处理同频重叠覆盖，优化频点、功率和覆盖边界。,-85.917,22.07,728.211,202.175,19.2
RC_ID_QJUIG95SAF,ID_QJUIG95SAF,C7,信号中断/覆盖退化,车速超过 40 km/h 影响吞吐,结合高速移动场景优化移动性和覆盖连续性。,-85.076,24.087,640.596,197.24,32.2
RC_ID_NZ567W6VDZ,ID_NZ567W6VDZ,C3,信道干扰,邻区提供更高吞吐,优化邻区关系和切换策略，降低强邻区抢占影响。,-83.795,8.577,972.424,201.127,23.4
RC_ID_7800CPC7QP,ID_7800CPC7QP,C6,信道干扰,邻区和服务小区 PCI mod 30 相同导致干扰,重新规划 PCI，消除 PCI mod 30 冲突。,-79.977,5.046,557.125,202.529,19.1
RC_ID_8992V8XUW6,ID_8992V8XUW6,C5,基站故障,频繁切换降低性能,调整切换门限、迟滞和定时器，减少频繁切换。,-81.04,8.307,670.061,209.511,19.1
RC_ID_J0ZAKA2EFA,ID_J0ZAKA2EFA,C7,信号中断/覆盖退化,车速超过 40 km/h 影响吞吐,结合高速移动场景优化移动性和覆盖连续性。,-81.633,7.339,1157.095,206.768,34.9
RC_ID_6850391NUA,ID_6850391NUA,C3,信道干扰,邻区提供更高吞吐,优化邻区关系和切换策略，降低强邻区抢占影响。,-82.015,13,756.37,203.822,20
RC_ID_KRQLYZN53Z,ID_KRQLYZN53Z,C2,信号中断/覆盖退化,服务小区覆盖距离超过 1 km，越区覆盖,检查越区覆盖，调整功率、方位角或切换边界。,-79.907,5.707,746.389,207.093,23.1
RC_ID_VSKVIO6GK0,ID_VSKVIO6GK0,C5,基站故障,频繁切换降低性能,调整切换门限、迟滞和定时器，减少频繁切换。,-79.437,7.607,669.675,202.605,17.4
RC_ID_V8410T3428,ID_V8410T3428,C5,基站故障,频繁切换降低性能,调整切换门限、迟滞和定时器，减少频繁切换。,-81.19,17.033,816.786,207.167,11.4
RC_ID_TKEVBT7SMB,ID_TKEVBT7SMB,C5,基站故障,频繁切换降低性能,调整切换门限、迟滞和定时器，减少频繁切换。,-83.786,19.595,1059.661,209.542,11.3
RC_ID_VOMDU63Q3J,ID_VOMDU63Q3J,C7,信号中断/覆盖退化,车速超过 40 km/h 影响吞吐,结合高速移动场景优化移动性和覆盖连续性。,-81.754,3.819,622.025,206.014,34.2
RC_ID_Z1RUN5NLF7,ID_Z1RUN5NLF7,C1,信号中断/覆盖退化,服务小区下倾角过大，远端弱覆盖,复核服务小区下倾角，优化远端覆盖。,-87.643,18.521,936.238,207.054,24.6
RC_ID_QZ1TC2UFHG,ID_QZ1TC2UFHG,C6,信道干扰,邻区和服务小区 PCI mod 30 相同导致干扰,重新规划 PCI，消除 PCI mod 30 冲突。,-83.736,19.695,956.203,204.15,16.9
RC_ID_XXGAYVJ6BK,ID_XXGAYVJ6BK,C3,信道干扰,邻区提供更高吞吐,优化邻区关系和切换策略，降低强邻区抢占影响。,-84.56,10.856,639.701,190.33,25
RC_ID_212C02T4H8,ID_212C02T4H8,C5,基站故障,频繁切换降低性能,调整切换门限、迟滞和定时器，减少频繁切换。,-84.334,10.25,713.808,207.528,19
RC_ID_G2580LR6BZ,ID_G2580LR6BZ,C5,基站故障,频繁切换降低性能,调整切换门限、迟滞和定时器，减少频繁切换。,-74.832,1.565,622.835,195.487,25.8
RC_ID_4UCYG60VJ8,ID_4UCYG60VJ8,C8,带宽不足,平均调度 RB 低于 160 影响吞吐,检查 RB 调度资源，评估扩容或负载均衡。,-81.754,3.819,622.025,165.16,18.2
RC_ID_5TUI8F6L6M,ID_5TUI8F6L6M,C4,信道干扰,非共站同频邻区导致严重重叠覆盖,处理同频重叠覆盖，优化频点、功率和覆盖边界。,-84.074,5.471,663.758,203.457,21.9
RC_ID_YEU5JJ9HEM,ID_YEU5JJ9HEM,C6,信道干扰,邻区和服务小区 PCI mod 30 相同导致干扰,重新规划 PCI，消除 PCI mod 30 冲突。,-77.594,2.995,677.913,199.551,17.5
RC_ID_HU0Y21SXLA,ID_HU0Y21SXLA,C5,基站故障,频繁切换降低性能,调整切换门限、迟滞和定时器，减少频繁切换。,-86.651,10.628,958.062,205.315,19.5
RC_ID_E48KYS88C8,ID_E48KYS88C8,C7,信号中断/覆盖退化,车速超过 40 km/h 影响吞吐,结合高速移动场景优化移动性和覆盖连续性。,-84.835,8.159,602.102,207.152,32.5
RC_ID_FHAQAP39N8,ID_FHAQAP39N8,C8,带宽不足,平均调度 RB 低于 160 影响吞吐,检查 RB 调度资源，评估扩容或负载均衡。,-77.594,2.995,677.913,162.4165,17.5
RC_ID_6S8RR2359F,ID_6S8RR2359F,C7,信号中断/覆盖退化,车速超过 40 km/h 影响吞吐,结合高速移动场景优化移动性和覆盖连续性。,-85.471,4.856,706.371,209.881,37.4
RC_ID_PTWGCO6D9C,ID_PTWGCO6D9C,C5,基站故障,频繁切换降低性能,调整切换门限、迟滞和定时器，减少频繁切换。,-83.384,2.522,650.548,200.465,16.5
RC_ID_B04JREUUAE,ID_B04JREUUAE,C5,基站故障,频繁切换降低性能,调整切换门限、迟滞和定时器，减少频繁切换。,-80.219,11.883,690.44,199.998,24.2
RC_ID_KG5C31Q2G6,ID_KG5C31Q2G6,C7,信号中断/覆盖退化,车速超过 40 km/h 影响吞吐,结合高速移动场景优化移动性和覆盖连续性。,-81.348,14.715,754.998,203.794,30.7
RC_ID_PRBBV6LB3Q,ID_PRBBV6LB3Q,C3,信道干扰,邻区提供更高吞吐,优化邻区关系和切换策略，降低强邻区抢占影响。,-85.779,20.031,653.704,188.313,16.1
RC_ID_RYW7CSA9IZ,ID_RYW7CSA9IZ,C4,信道干扰,非共站同频邻区导致严重重叠覆盖,处理同频重叠覆盖，优化频点、功率和覆盖边界。,-73.134,11.721,1059.551,209.389,20.7
RC_ID_ZP63B644H5,ID_ZP63B644H5,C5,基站故障,频繁切换降低性能,调整切换门限、迟滞和定时器，减少频繁切换。,-85.248,-2.708,664.175,205.828,24.8
RC_ID_SFLST5R6H8,ID_SFLST5R6H8,C1,信号中断/覆盖退化,服务小区下倾角过大，远端弱覆盖,复核服务小区下倾角，优化远端覆盖。,-84.514,17.466,1000.05,211.184,17.2
RC_ID_9HWQMUC1MX,ID_9HWQMUC1MX,C4,信道干扰,非共站同频邻区导致严重重叠覆盖,处理同频重叠覆盖，优化频点、功率和覆盖边界。,-77.339,9.651,872.117,205.403,17.1
RC_ID_5Z6LD7591T,ID_5Z6LD7591T,C2,信号中断/覆盖退化,服务小区覆盖距离超过 1 km，越区覆盖,检查越区覆盖，调整功率、方位角或切换边界。,-83.161,6.479,687.155,205.65,20.5
RC_ID_X8DNSVBPCL,ID_X8DNSVBPCL,C2,信号中断/覆盖退化,服务小区覆盖距离超过 1 km，越区覆盖,检查越区覆盖，调整功率、方位角或切换边界。,-77.171,9.569,764.701,195.233,15.2
RC_ID_0D4MI2MZO8,ID_0D4MI2MZO8,C2,信号中断/覆盖退化,服务小区覆盖距离超过 1 km，越区覆盖,检查越区覆盖，调整功率、方位角或切换边界。,-80.496,4.771,553.159,196.343,19.5
RC_ID_REJ7L7O1PJ,ID_REJ7L7O1PJ,C1,信号中断/覆盖退化,服务小区下倾角过大，远端弱覆盖,复核服务小区下倾角，优化远端覆盖。,-84.563,11.878,686.453,208.342,17.3
RC_ID_K6H08PZQ4K,ID_K6H08PZQ4K,C7,信号中断/覆盖退化,车速超过 40 km/h 影响吞吐,结合高速移动场景优化移动性和覆盖连续性。,-79.114,16.424,681.703,187.845,36.2
RC_ID_1HB4T4PRUY,ID_1HB4T4PRUY,C1,信号中断/覆盖退化,服务小区下倾角过大，远端弱覆盖,复核服务小区下倾角，优化远端覆盖。,-88.663,19.823,564.246,205.352,16.7
RC_ID_4M8G1S79MS,ID_4M8G1S79MS,C8,带宽不足,平均调度 RB 低于 160 影响吞吐,检查 RB 调度资源，评估扩容或负载均衡。,-78.075,6.593,694.227,165.4045,14.3
RC_ID_UFEOM72GZG,ID_UFEOM72GZG,C5,基站故障,频繁切换降低性能,调整切换门限、迟滞和定时器，减少频繁切换。,-85.384,10.13,836.558,204.144,24
RC_ID_20KDTQPHTI,ID_20KDTQPHTI,C4,信道干扰,非共站同频邻区导致严重重叠覆盖,处理同频重叠覆盖，优化频点、功率和覆盖边界。,-85.923,22.619,607.395,191.326,22.4
RC_ID_NQCK7QX3MC,ID_NQCK7QX3MC,C7,信号中断/覆盖退化,车速超过 40 km/h 影响吞吐,结合高速移动场景优化移动性和覆盖连续性。,-86.877,2.536,583.088,202.453,35.1
RC_ID_BWN8BU1U9Q,ID_BWN8BU1U9Q,C8,带宽不足,平均调度 RB 低于 160 影响吞吐,检查 RB 调度资源，评估扩容或负载均衡。,-83.716,17.02,1146.496,157.4295,13.9
RC_ID_3XU7KAQYU8,ID_3XU7KAQYU8,C7,信号中断/覆盖退化,车速超过 40 km/h 影响吞吐,结合高速移动场景优化移动性和覆盖连续性。,-82.369,3.773,555.43,201.165,38.2
RC_ID_J6709KIT44,ID_J6709KIT44,C2,信号中断/覆盖退化,服务小区覆盖距离超过 1 km，越区覆盖,检查越区覆盖，调整功率、方位角或切换边界。,-82.578,10.668,670.887,206.536,21.6
RC_ID_X1KXCPNOGE,ID_X1KXCPNOGE,C7,信号中断/覆盖退化,车速超过 40 km/h 影响吞吐,结合高速移动场景优化移动性和覆盖连续性。,-82.995,2.69,676.732,204.593,41
RC_ID_R7P7EQLGW3,ID_R7P7EQLGW3,C1,信号中断/覆盖退化,服务小区下倾角过大，远端弱覆盖,复核服务小区下倾角，优化远端覆盖。,-83.496,5.849,1000.626,207.458,16.9
RC_ID_D1ZPLJUBSD,ID_D1ZPLJUBSD,C3,信道干扰,邻区提供更高吞吐,优化邻区关系和切换策略，降低强邻区抢占影响。,-83.069,2.448,554.677,206.698,23.5
RC_ID_PRUITA08YV,ID_PRUITA08YV,C2,信号中断/覆盖退化,服务小区覆盖距离超过 1 km，越区覆盖,检查越区覆盖，调整功率、方位角或切换边界。,-87.163,19.823,564.246,205.352,16.7
RC_ID_P35HYXVMWU,ID_P35HYXVMWU,C5,基站故障,频繁切换降低性能,调整切换门限、迟滞和定时器，减少频繁切换。,-85.108,17.967,674.332,208.236,17.7
RC_ID_DS208ISTVU,ID_DS208ISTVU,C7,信号中断/覆盖退化,车速超过 40 km/h 影响吞吐,结合高速移动场景优化移动性和覆盖连续性。,-82.409,2.243,761.56,206.135,35.7
RC_ID_9LB2X95MYS,ID_9LB2X95MYS,C7,信号中断/覆盖退化,车速超过 40 km/h 影响吞吐,结合高速移动场景优化移动性和覆盖连续性。,-83.641,16.587,746.459,209.057,33.2
RC_ID_IHPLUB41JL,ID_IHPLUB41JL,C3,信道干扰,邻区提供更高吞吐,优化邻区关系和切换策略，降低强邻区抢占影响。,-83.641,16.587,786.459,209.057,17.2
RC_ID_BX9T7IDMER,ID_BX9T7IDMER,C4,信道干扰,非共站同频邻区导致严重重叠覆盖,处理同频重叠覆盖，优化频点、功率和覆盖边界。,-83.808,6.262,710.642,205.221,20.8
RC_ID_UCM49RW2V6,ID_UCM49RW2V6,C3,信道干扰,邻区提供更高吞吐,优化邻区关系和切换策略，降低强邻区抢占影响。,-83.533,17.023,1083.214,210.058,18.7
RC_ID_0VG7C019FI,ID_0VG7C019FI,C7,信号中断/覆盖退化,车速超过 40 km/h 影响吞吐,结合高速移动场景优化移动性和覆盖连续性。,-81.639,10.587,729.278,205.841,39.7
RC_ID_CZKI9TSA4B,ID_CZKI9TSA4B,C1,信号中断/覆盖退化,服务小区下倾角过大，远端弱覆盖,复核服务小区下倾角，优化远端覆盖。,-73.707,13.834,785.797,201.168,17.7
RC_ID_60VVGPB7Q1,ID_60VVGPB7Q1,C7,信号中断/覆盖退化,车速超过 40 km/h 影响吞吐,结合高速移动场景优化移动性和覆盖连续性。,-83.161,6.479,687.155,205.65,36.5
RC_ID_AGY59IIW08,ID_AGY59IIW08,C1,信号中断/覆盖退化,服务小区下倾角过大，远端弱覆盖,复核服务小区下倾角，优化远端覆盖。,-85.669,6.373,570.592,205.076,15.3
RC_ID_IPY0VKLP6A,ID_IPY0VKLP6A,C7,信号中断/覆盖退化,车速超过 40 km/h 影响吞吐,结合高速移动场景优化移动性和覆盖连续性。,-80.788,28.484,769.091,207.067,32.8
RC_ID_L3MB6EJV7W,ID_L3MB6EJV7W,C1,信号中断/覆盖退化,服务小区下倾角过大，远端弱覆盖,复核服务小区下倾角，优化远端覆盖。,-88.588,2.31,708.896,207.843,23.6
RC_ID_RR59I9JTIM,ID_RR59I9JTIM,C8,带宽不足,平均调度 RB 低于 160 影响吞吐,检查 RB 调度资源，评估扩容或负载均衡。,-81.158,10.31,728.994,159.577,14.1
RC_ID_6FD6A0WS7T,ID_6FD6A0WS7T,C4,信道干扰,非共站同频邻区导致严重重叠覆盖,处理同频重叠覆盖，优化频点、功率和覆盖边界。,-85.944,6.208,610.361,200.011,22.8
RC_ID_CVJE15R2F6,ID_CVJE15R2F6,C7,信号中断/覆盖退化,车速超过 40 km/h 影响吞吐,结合高速移动场景优化移动性和覆盖连续性。,-76.869,9.35,682.406,187.789,41.2
RC_ID_XSF11OUCB1,ID_XSF11OUCB1,C7,信号中断/覆盖退化,车速超过 40 km/h 影响吞吐,结合高速移动场景优化移动性和覆盖连续性。,-76.305,15.716,948.51,204.202,32.6
RC_ID_XEZN1OJA1E,ID_XEZN1OJA1E,C6,信道干扰,邻区和服务小区 PCI mod 30 相同导致干扰,重新规划 PCI，消除 PCI mod 30 冲突。,-81.19,17.033,816.786,207.167,11.4
RC_ID_FUTQOFOM04,ID_FUTQOFOM04,C3,信道干扰,邻区提供更高吞吐,优化邻区关系和切换策略，降低强邻区抢占影响。,-84.831,18.852,994.663,210.353,25.3
RC_ID_MXNIBGFECP,ID_MXNIBGFECP,C6,信道干扰,邻区和服务小区 PCI mod 30 相同导致干扰,重新规划 PCI，消除 PCI mod 30 冲突。,-84.091,9.735,679.293,210.298,12.2
RC_ID_BKV9OM0HQA,ID_BKV9OM0HQA,C8,带宽不足,平均调度 RB 低于 160 影响吞吐,检查 RB 调度资源，评估扩容或负载均衡。,-83.573,9.209,773.177,166.1995,21.6
RC_ID_OYFO5HT8HI,ID_OYFO5HT8HI,C8,带宽不足,平均调度 RB 低于 160 影响吞吐,检查 RB 调度资源，评估扩容或负载均衡。,-73.01,9.386,989.462,167.1485,16.4
RC_ID_4ULTA0NCMX,ID_4ULTA0NCMX,C5,基站故障,频繁切换降低性能,调整切换门限、迟滞和定时器，减少频繁切换。,-86.868,27.317,765.626,210.747,25.7
RC_ID_IUBPCB67ZR,ID_IUBPCB67ZR,C1,信号中断/覆盖退化,服务小区下倾角过大，远端弱覆盖,复核服务小区下倾角，优化远端覆盖。,-83.123,12.084,671.52,187.554,16.9
RC_ID_PSUN2310DH,ID_PSUN2310DH,C1,信号中断/覆盖退化,服务小区下倾角过大，远端弱覆盖,复核服务小区下倾角，优化远端覆盖。,-86.994,1.134,606.579,205.656,20.1
RC_ID_XDSWAI3MX4,ID_XDSWAI3MX4,C5,基站故障,频繁切换降低性能,调整切换门限、迟滞和定时器，减少频繁切换。,-83.774,24.352,640.861,204.426,21.3
RC_ID_YA61I7P9ZC,ID_YA61I7P9ZC,C3,信道干扰,邻区提供更高吞吐,优化邻区关系和切换策略，降低强邻区抢占影响。,-78.635,12.561,722.417,198.074,24.9
RC_ID_WEN7UUSXDU,ID_WEN7UUSXDU,C7,信号中断/覆盖退化,车速超过 40 km/h 影响吞吐,结合高速移动场景优化移动性和覆盖连续性。,-71.707,13.834,785.797,201.168,33.7
RC_ID_UDD3PW1ZPO,ID_UDD3PW1ZPO,C5,基站故障,频繁切换降低性能,调整切换门限、迟滞和定时器，减少频繁切换。,-80.028,10.629,805.537,206.235,17.1
RC_ID_DTKZ8B1PHA,ID_DTKZ8B1PHA,C4,信道干扰,非共站同频邻区导致严重重叠覆盖,处理同频重叠覆盖，优化频点、功率和覆盖边界。,-83.848,13.263,822.625,210.216,20
RC_ID_UMT90GB0FW,ID_UMT90GB0FW,C1,信号中断/覆盖退化,服务小区下倾角过大，远端弱覆盖,复核服务小区下倾角，优化远端覆盖。,-85.641,16.587,746.459,209.057,17.2
RC_ID_6N1FIJDNZG,ID_6N1FIJDNZG,C4,信道干扰,非共站同频邻区导致严重重叠覆盖,处理同频重叠覆盖，优化频点、功率和覆盖边界。,-86.476,15.108,579.516,203.452,15.8
RC_ID_EVDGQGD5SK,ID_EVDGQGD5SK,C5,基站故障,频繁切换降低性能,调整切换门限、迟滞和定时器，减少频繁切换。,-83.168,11.265,1120.954,204.78,17.5
RC_ID_WGFKN7W5HK,ID_WGFKN7W5HK,C6,信道干扰,邻区和服务小区 PCI mod 30 相同导致干扰,重新规划 PCI，消除 PCI mod 30 冲突。,-82.461,11.021,590.72,186.587,15.6
RC_ID_EYFSOAVOVR,ID_EYFSOAVOVR,C5,基站故障,频繁切换降低性能,调整切换门限、迟滞和定时器，减少频繁切换。,-83.79,13.218,614.54,206.033,24.7
RC_ID_5P1YGG26IM,ID_5P1YGG26IM,C5,基站故障,频繁切换降低性能,调整切换门限、迟滞和定时器，减少频繁切换。,-70.403,18.25,767.827,202.343,23.7
RC_ID_IDCKGATXEA,ID_IDCKGATXEA,C5,基站故障,频繁切换降低性能,调整切换门限、迟滞和定时器，减少频繁切换。,-84.079,4.405,758.912,198.528,15.5
RC_ID_0RI63P1DKN,ID_0RI63P1DKN,C2,信号中断/覆盖退化,服务小区覆盖距离超过 1 km，越区覆盖,检查越区覆盖，调整功率、方位角或切换边界。,-79.887,4.802,674.8,196.691,16.7
RC_ID_3URDBJTBOY,ID_3URDBJTBOY,C1,信号中断/覆盖退化,服务小区下倾角过大，远端弱覆盖,复核服务小区下倾角，优化远端覆盖。,-86.152,9.847,720.851,206.402,20.9
RC_ID_HUKAIVKXYF,ID_HUKAIVKXYF,C2,信号中断/覆盖退化,服务小区覆盖距离超过 1 km，越区覆盖,检查越区覆盖，调整功率、方位角或切换边界。,-70.156,11.929,687.721,205.023,15.6
RC_ID_K1F573JNVT,ID_K1F573JNVT,C4,信道干扰,非共站同频邻区导致严重重叠覆盖,处理同频重叠覆盖，优化频点、功率和覆盖边界。,-80.496,4.771,553.159,196.343,19.5
RC_ID_TQVPCSVPVV,ID_TQVPCSVPVV,C2,信号中断/覆盖退化,服务小区覆盖距离超过 1 km，越区覆盖,检查越区覆盖，调整功率、方位角或切换边界。,-85.82,22.441,703.671,198.871,21.6
RC_ID_3SRQ8OXCGE,ID_3SRQ8OXCGE,C1,信号中断/覆盖退化,服务小区下倾角过大，远端弱覆盖,复核服务小区下倾角，优化远端覆盖。,-86.091,9.735,679.293,210.298,12.2
RC_ID_14V1EE5E0H,ID_14V1EE5E0H,C3,信道干扰,邻区提供更高吞吐,优化邻区关系和切换策略，降低强邻区抢占影响。,-85.897,15.118,758.718,210.43,19.5
RC_ID_GRGPLMS2K1,ID_GRGPLMS2K1,C8,带宽不足,平均调度 RB 低于 160 影响吞吐,检查 RB 调度资源，评估扩容或负载均衡。,-85.384,10.13,836.558,162.5935,24
RC_ID_HIKRAWINGD,ID_HIKRAWINGD,C8,带宽不足,平均调度 RB 低于 160 影响吞吐,检查 RB 调度资源，评估扩容或负载均衡。,-87.201,26.091,1034.038,165.732,17.3
RC_ID_M11F57Q5H3,ID_M11F57Q5H3,C6,信道干扰,邻区和服务小区 PCI mod 30 相同导致干扰,重新规划 PCI，消除 PCI mod 30 冲突。,-76.221,5.799,584.602,200.359,20.9
RC_ID_8X75N2BRJG,ID_8X75N2BRJG,C4,信道干扰,非共站同频邻区导致严重重叠覆盖,处理同频重叠覆盖，优化频点、功率和覆盖边界。,-81.348,14.715,754.998,203.794,14.7
RC_ID_1ON6014ZXW,ID_1ON6014ZXW,C3,信道干扰,邻区提供更高吞吐,优化邻区关系和切换策略，降低强邻区抢占影响。,-83.214,3.204,671.877,204.518,22.2
RC_ID_BP7RBY6MUF,ID_BP7RBY6MUF,C5,基站故障,频繁切换降低性能,调整切换门限、迟滞和定时器，减少频繁切换。,-85.419,5.763,650.821,208.019,19.3
RC_ID_652HR6TNWD,ID_652HR6TNWD,C5,基站故障,频繁切换降低性能,调整切换门限、迟滞和定时器，减少频繁切换。,-87.467,15.545,922.385,207.194,20.2
RC_ID_6001I1SSOG,ID_6001I1SSOG,C4,信道干扰,非共站同频邻区导致严重重叠覆盖,处理同频重叠覆盖，优化频点、功率和覆盖边界。,-83.964,7.561,648.033,201.69,18.4
RC_ID_4O8161EEL6,ID_4O8161EEL6,C7,信号中断/覆盖退化,车速超过 40 km/h 影响吞吐,结合高速移动场景优化移动性和覆盖连续性。,-81.656,3.766,692.565,201.838,39.1
RC_ID_AKYLOPA17M,ID_AKYLOPA17M,C8,带宽不足,平均调度 RB 低于 160 影响吞吐,检查 RB 调度资源，评估扩容或负载均衡。,-84.091,9.735,679.293,168.1655,12.2
RC_ID_ZQNBMTOTRS,ID_ZQNBMTOTRS,C1,信号中断/覆盖退化,服务小区下倾角过大，远端弱覆盖,复核服务小区下倾角，优化远端覆盖。,-79.721,5.799,584.602,200.359,20.9
RC_ID_YPGQHP94JC,ID_YPGQHP94JC,C4,信道干扰,非共站同频邻区导致严重重叠覆盖,处理同频重叠覆盖，优化频点、功率和覆盖边界。,-87.016,21.57,612.189,193.159,16.6
RC_ID_IWCLPK6STA,ID_IWCLPK6STA,C3,信道干扰,邻区提供更高吞吐,优化邻区关系和切换策略，降低强邻区抢占影响。,-84.909,11.824,705.507,210.472,19.5
RC_ID_MYW1PCFRUP,ID_MYW1PCFRUP,C2,信号中断/覆盖退化,服务小区覆盖距离超过 1 km，越区覆盖,检查越区覆盖，调整功率、方位角或切换边界。,-85.747,8.596,807.296,201.357,19.1
RC_ID_E0CZDHVG5V,ID_E0CZDHVG5V,C5,基站故障,频繁切换降低性能,调整切换门限、迟滞和定时器，减少频繁切换。,-84.764,10.193,788.018,210.471,17.9
RC_ID_2AD7QZ3PTY,ID_2AD7QZ3PTY,C5,基站故障,频繁切换降低性能,调整切换门限、迟滞和定时器，减少频繁切换。,-73.719,8.165,531.044,192.809,21.2
RC_ID_2DQP0YNRWZ,ID_2DQP0YNRWZ,C8,带宽不足,平均调度 RB 低于 160 影响吞吐,检查 RB 调度资源，评估扩容或负载均衡。,-84.255,1.336,998.98,162.805,17.5
RC_ID_EKON7NW8GM,ID_EKON7NW8GM,C6,信道干扰,邻区和服务小区 PCI mod 30 相同导致干扰,重新规划 PCI，消除 PCI mod 30 冲突。,-82.409,2.243,761.56,206.135,19.7
RC_ID_AWUSBTJ18V,ID_AWUSBTJ18V,C6,信道干扰,邻区和服务小区 PCI mod 30 相同导致干扰,重新规划 PCI，消除 PCI mod 30 冲突。,-76.305,15.716,948.51,204.202,16.6
RC_ID_BZZR9WPLDT,ID_BZZR9WPLDT,C7,信号中断/覆盖退化,车速超过 40 km/h 影响吞吐,结合高速移动场景优化移动性和覆盖连续性。,-81.516,6.677,1157.076,209.546,32.2
RC_ID_UF2WSFWQRO,ID_UF2WSFWQRO,C4,信道干扰,非共站同频邻区导致严重重叠覆盖,处理同频重叠覆盖，优化频点、功率和覆盖边界。,-82.995,2.69,676.732,204.593,25
RC_ID_DGSR7JJNU8,ID_DGSR7JJNU8,C8,带宽不足,平均调度 RB 低于 160 影响吞吐,检查 RB 调度资源，评估扩容或负载均衡。,-86.4,13.149,853.161,168.129,18.9
RC_ID_K04AUQS3XO,ID_K04AUQS3XO,C1,信号中断/覆盖退化,服务小区下倾角过大，远端弱覆盖,复核服务小区下倾角，优化远端覆盖。,-84.819,9.228,716.488,206.208,16.6
RC_ID_F4L6VS8DYF,ID_F4L6VS8DYF,C7,信号中断/覆盖退化,车速超过 40 km/h 影响吞吐,结合高速移动场景优化移动性和覆盖连续性。,-83.069,2.448,514.677,206.698,39.5
RC_ID_D9V2K0KCQ7,ID_D9V2K0KCQ7,C8,带宽不足,平均调度 RB 低于 160 影响吞吐,检查 RB 调度资源，评估扩容或负载均衡。,-79.541,10.227,730.398,164.1575,21.9
RC_ID_75O31YIM05,ID_75O31YIM05,C7,信号中断/覆盖退化,车速超过 40 km/h 影响吞吐,结合高速移动场景优化移动性和覆盖连续性。,-83.512,19.648,1051.553,210.16,38.1
RC_ID_BEX0BMVP8R,ID_BEX0BMVP8R,C3,信道干扰,邻区提供更高吞吐,优化邻区关系和切换策略，降低强邻区抢占影响。,-75.696,6.118,738.528,205.135,21.6
RC_ID_SVT7794NGH,ID_SVT7794NGH,C2,信号中断/覆盖退化,服务小区覆盖距离超过 1 km，越区覆盖,检查越区覆盖，调整功率、方位角或切换边界。,-84.831,18.852,954.663,210.353,25.3
RC_ID_MH32LV3TZT,ID_MH32LV3TZT,C6,信道干扰,邻区和服务小区 PCI mod 30 相同导致干扰,重新规划 PCI，消除 PCI mod 30 冲突。,-81.468,15.464,724.201,202.909,15.7
RC_ID_4KRNFJDGIZ,ID_4KRNFJDGIZ,C5,基站故障,频繁切换降低性能,调整切换门限、迟滞和定时器，减少频繁切换。,-84.033,14.453,583.432,210.939,19.8
RC_ID_Z0Y7DBVY0H,ID_Z0Y7DBVY0H,C3,信道干扰,邻区提供更高吞吐,优化邻区关系和切换策略，降低强邻区抢占影响。,-84.907,6.638,779.23,207.689,22.9
RC_ID_CSA11U72LN,ID_CSA11U72LN,C4,信道干扰,非共站同频邻区导致严重重叠覆盖,处理同频重叠覆盖，优化频点、功率和覆盖边界。,-87.465,9.302,671.507,191.364,19.4
RC_ID_HQPDIXD7G6,ID_HQPDIXD7G6,C4,信道干扰,非共站同频邻区导致严重重叠覆盖,处理同频重叠覆盖，优化频点、功率和覆盖边界。,-84.255,1.336,998.98,202.621,17.5
RC_ID_6RQ3DFRPP7,ID_6RQ3DFRPP7,C4,信道干扰,非共站同频邻区导致严重重叠覆盖,处理同频重叠覆盖，优化频点、功率和覆盖边界。,-76.869,9.35,682.406,187.789,25.2
RC_ID_SCXU1J39AB,ID_SCXU1J39AB,C3,信道干扰,邻区提供更高吞吐,优化邻区关系和切换策略，降低强邻区抢占影响。,-86.547,24.024,927.997,210.469,14.8
RC_ID_63FPJ7IWIG,ID_63FPJ7IWIG,C7,信号中断/覆盖退化,车速超过 40 km/h 影响吞吐,结合高速移动场景优化移动性和覆盖连续性。,-83.107,11.405,852.806,208.129,38.2
RC_ID_HBGI7X7LZO,ID_HBGI7X7LZO,C3,信道干扰,邻区提供更高吞吐,优化邻区关系和切换策略，降低强邻区抢占影响。,-87.088,2.31,748.896,207.843,23.6
RC_ID_SFT5GAFFOS,ID_SFT5GAFFOS,C6,信道干扰,邻区和服务小区 PCI mod 30 相同导致干扰,重新规划 PCI，消除 PCI mod 30 冲突。,-82.597,10.49,694.975,203.005,18.4
RC_ID_YVSKVFR4SV,ID_YVSKVFR4SV,C2,信号中断/覆盖退化,服务小区覆盖距离超过 1 km，越区覆盖,检查越区覆盖，调整功率、方位角或切换边界。,-80.13,9.061,638.666,207.499,20.1
RC_ID_7DQYN57KXB,ID_7DQYN57KXB,C2,信号中断/覆盖退化,服务小区覆盖距离超过 1 km，越区覆盖,检查越区覆盖，调整功率、方位角或切换边界。,-79.555,10.163,852.033,207.533,19.9
RC_ID_P5R0KKGOUO,ID_P5R0KKGOUO,C5,基站故障,频繁切换降低性能,调整切换门限、迟滞和定时器，减少频繁切换。,-80.657,9.564,685.298,204.124,21.5
RC_ID_8UQYT7JU1P,ID_8UQYT7JU1P,C6,信道干扰,邻区和服务小区 PCI mod 30 相同导致干扰,重新规划 PCI，消除 PCI mod 30 冲突。,-79.07,4.512,614.549,208.269,25.5
RC_ID_WD5MJFOPMD,ID_WD5MJFOPMD,C2,信号中断/覆盖退化,服务小区覆盖距离超过 1 km，越区覆盖,检查越区覆盖，调整功率、方位角或切换边界。,-83.725,16.593,894.73,208.658,24.3
RC_ID_UR6VMUX5UU,ID_UR6VMUX5UU,C6,信道干扰,邻区和服务小区 PCI mod 30 相同导致干扰,重新规划 PCI，消除 PCI mod 30 冲突。,-81.336,4.393,749.774,209.254,14.3
RC_ID_WX66QMBSBX,ID_WX66QMBSBX,C1,信号中断/覆盖退化,服务小区下倾角过大，远端弱覆盖,复核服务小区下倾角，优化远端覆盖。,-81.549,12.104,795.85,207.918,21.7
RC_ID_WMXW85IM0Y,ID_WMXW85IM0Y,C7,信号中断/覆盖退化,车速超过 40 km/h 影响吞吐,结合高速移动场景优化移动性和覆盖连续性。,-83.795,8.577,932.424,201.127,39.4
RC_ID_207SD4C1FZ,ID_207SD4C1FZ,C7,信号中断/覆盖退化,车速超过 40 km/h 影响吞吐,结合高速移动场景优化移动性和覆盖连续性。,-82.406,7.222,890.864,200.879,32.1
RC_ID_XIXHDZJU81,ID_XIXHDZJU81,C2,信号中断/覆盖退化,服务小区覆盖距离超过 1 km，越区覆盖,检查越区覆盖，调整功率、方位角或切换边界。,-76.182,2.04,733.844,201.88,23.2
RC_ID_FD8JCVB888,ID_FD8JCVB888,C6,信道干扰,邻区和服务小区 PCI mod 30 相同导致干扰,重新规划 PCI，消除 PCI mod 30 冲突。,-86.557,13.4,1103.026,210.328,15.9
RC_ID_PO508P2D0Z,ID_PO508P2D0Z,C5,基站故障,频繁切换降低性能,调整切换门限、迟滞和定时器，减少频繁切换。,-84.205,4.352,792.664,209.327,23.9
RC_ID_QHLD9TREIA,ID_QHLD9TREIA,C7,信号中断/覆盖退化,车速超过 40 km/h 影响吞吐,结合高速移动场景优化移动性和覆盖连续性。,-76.93,2.42,654.077,203.041,41.4
RC_ID_UO8GU9K230,ID_UO8GU9K230,C8,带宽不足,平均调度 RB 低于 160 影响吞吐,检查 RB 调度资源，评估扩容或负载均衡。,-78.947,29.774,688.72,168.536,26.7
RC_ID_P2GY1XF9BC,ID_P2GY1XF9BC,C6,信道干扰,邻区和服务小区 PCI mod 30 相同导致干扰,重新规划 PCI，消除 PCI mod 30 冲突。,-87.196,10.312,739.015,182.624,26.3
RC_ID_9S2M693VT9,ID_9S2M693VT9,C5,基站故障,频繁切换降低性能,调整切换门限、迟滞和定时器，减少频繁切换。,-82.88,8.054,1059.595,208.278,23.3
RC_ID_LA16MHOYH2,ID_LA16MHOYH2,C3,信道干扰,邻区提供更高吞吐,优化邻区关系和切换策略，降低强邻区抢占影响。,-87.336,11.013,647.53,205.471,20.5
RC_ID_0RVFOCLNZU,ID_0RVFOCLNZU,C4,信道干扰,非共站同频邻区导致严重重叠覆盖,处理同频重叠覆盖，优化频点、功率和覆盖边界。,-82.527,24.861,862.827,202.004,10.3
RC_ID_NV7HYK5JLD,ID_NV7HYK5JLD,C5,基站故障,频繁切换降低性能,调整切换门限、迟滞和定时器，减少频繁切换。,-86.477,12.978,550.856,196.647,19.4
RC_ID_NF5VB3OUP6,ID_NF5VB3OUP6,C6,信道干扰,邻区和服务小区 PCI mod 30 相同导致干扰,重新规划 PCI，消除 PCI mod 30 冲突。,-80.557,8.795,663.923,204.039,18.6
RC_ID_8RNAG35TVW,ID_8RNAG35TVW,C3,信道干扰,邻区提供更高吞吐,优化邻区关系和切换策略，降低强邻区抢占影响。,-86.91,10.052,868.333,202.017,18.8
RC_ID_3LFEPKFW1N,ID_3LFEPKFW1N,C3,信道干扰,邻区提供更高吞吐,优化邻区关系和切换策略，降低强邻区抢占影响。,-82.409,2.243,801.56,206.135,19.7
RC_ID_92HNPTQ0GI,ID_92HNPTQ0GI,C4,信道干扰,非共站同频邻区导致严重重叠覆盖,处理同频重叠覆盖，优化频点、功率和覆盖边界。,-75.709,6.382,722.88,202.13,16.6
RC_ID_7EAPEL6R6A,ID_7EAPEL6R6A,C3,信道干扰,邻区提供更高吞吐,优化邻区关系和切换策略，降低强邻区抢占影响。,-82.616,14.637,710.465,205.601,10.6
RC_ID_XU9QO45UB4,ID_XU9QO45UB4,C1,信号中断/覆盖退化,服务小区下倾角过大，远端弱覆盖,复核服务小区下倾角，优化远端覆盖。,-88.086,21.876,726.899,193.751,18.5
RC_ID_DOQLX7BA66,ID_DOQLX7BA66,C5,基站故障,频繁切换降低性能,调整切换门限、迟滞和定时器，减少频繁切换。,-85.019,7.168,608.769,194.649,25.3
RC_ID_9SZ7Y8TD5H,ID_9SZ7Y8TD5H,C5,基站故障,频繁切换降低性能,调整切换门限、迟滞和定时器，减少频繁切换。,-80.798,13.488,685.832,205.456,18.3
RC_ID_5CXB68SPYY,ID_5CXB68SPYY,C2,信号中断/覆盖退化,服务小区覆盖距离超过 1 km，越区覆盖,检查越区覆盖，调整功率、方位角或切换边界。,-80.028,10.629,805.537,206.235,17.1
RC_ID_MG0RGV4EUO,ID_MG0RGV4EUO,C5,基站故障,频繁切换降低性能,调整切换门限、迟滞和定时器，减少频繁切换。,-77.339,9.651,872.117,205.403,17.1
RC_ID_E6JG2GW3FI,ID_E6JG2GW3FI,C5,基站故障,频繁切换降低性能,调整切换门限、迟滞和定时器，减少频繁切换。,-85.972,21.353,635.785,205.182,17.5
RC_ID_SPQ0B7N52R,ID_SPQ0B7N52R,C3,信道干扰,邻区提供更高吞吐,优化邻区关系和切换策略，降低强邻区抢占影响。,-70.156,11.929,727.721,205.023,15.6
RC_ID_WKPEGP3EBN,ID_WKPEGP3EBN,C7,信号中断/覆盖退化,车速超过 40 km/h 影响吞吐,结合高速移动场景优化移动性和覆盖连续性。,-79.125,8.149,673.646,189.291,34.8
RC_ID_VNFARK6HR2,ID_VNFARK6HR2,C5,基站故障,频繁切换降低性能,调整切换门限、迟滞和定时器，减少频繁切换。,-82.406,7.222,890.864,200.879,16.1
RC_ID_W30U7EO2ID,ID_W30U7EO2ID,C8,带宽不足,平均调度 RB 低于 160 影响吞吐,检查 RB 调度资源，评估扩容或负载均衡。,-81.983,21.996,675.245,161.7835,25
RC_ID_PPJ36VAMHV,ID_PPJ36VAMHV,C8,带宽不足,平均调度 RB 低于 160 影响吞吐,检查 RB 调度资源，评估扩容或负载均衡。,-87.088,2.31,708.896,166.101,23.6
RC_ID_OEG2Z1IRJR,ID_OEG2Z1IRJR,C7,信号中断/覆盖退化,车速超过 40 km/h 影响吞吐,结合高速移动场景优化移动性和覆盖连续性。,-79.409,15.828,755.768,202.074,37.8
RC_ID_G5XULLMNSN,ID_G5XULLMNSN,C6,信道干扰,邻区和服务小区 PCI mod 30 相同导致干扰,重新规划 PCI，消除 PCI mod 30 冲突。,-84.764,10.193,788.018,210.471,17.9
RC_ID_Z1Q8BXE9DP,ID_Z1Q8BXE9DP,C5,基站故障,频繁切换降低性能,调整切换门限、迟滞和定时器，减少频繁切换。,-71.717,4.622,737.008,199.131,19.8
RC_ID_5GNTPY5RXK,ID_5GNTPY5RXK,C4,信道干扰,非共站同频邻区导致严重重叠覆盖,处理同频重叠覆盖，优化频点、功率和覆盖边界。,-86.547,24.024,887.997,210.469,14.8
RC_ID_IJ9CFAMFH8,ID_IJ9CFAMFH8,C5,基站故障,频繁切换降低性能,调整切换门限、迟滞和定时器，减少频繁切换。,-77.823,5.707,668.293,204.085,16.4
RC_ID_HQWKXX6ARR,ID_HQWKXX6ARR,C1,信号中断/覆盖退化,服务小区下倾角过大，远端弱覆盖,复核服务小区下倾角，优化远端覆盖。,-84.896,5.776,641.042,202.379,19.1
RC_ID_ITO8REF01K,ID_ITO8REF01K,C5,基站故障,频繁切换降低性能,调整切换门限、迟滞和定时器，减少频繁切换。,-86.102,20.043,1046.115,210.023,24.1
RC_ID_DWOB6XYN34,ID_DWOB6XYN34,C1,信号中断/覆盖退化,服务小区下倾角过大，远端弱覆盖,复核服务小区下倾角，优化远端覆盖。,-88.701,16.511,1059.873,211.278,20.2
RC_ID_1H7623FHXM,ID_1H7623FHXM,C7,信号中断/覆盖退化,车速超过 40 km/h 影响吞吐,结合高速移动场景优化移动性和覆盖连续性。,-83.856,6.631,562.645,204.191,32.3
RC_ID_K1R4RJZS2S,ID_K1R4RJZS2S,C7,信号中断/覆盖退化,车速超过 40 km/h 影响吞吐,结合高速移动场景优化移动性和覆盖连续性。,-84.56,10.856,599.701,190.33,41
RC_ID_ZL1AHTVWJU,ID_ZL1AHTVWJU,C3,信道干扰,邻区提供更高吞吐,优化邻区关系和切换策略，降低强邻区抢占影响。,-84.091,9.735,719.293,210.298,12.2
RC_ID_GD58S0YW46,ID_GD58S0YW46,C3,信道干扰,邻区提供更高吞吐,优化邻区关系和切换策略，降低强邻区抢占影响。,-71.707,13.834,825.797,201.168,17.7
RC_ID_7K7PLRW3RA,ID_7K7PLRW3RA,C4,信道干扰,非共站同频邻区导致严重重叠覆盖,处理同频重叠覆盖，优化频点、功率和覆盖边界。,-73.564,23.042,1157.858,210.818,15.8
RC_ID_Y8FURC02BR,ID_Y8FURC02BR,C6,信道干扰,邻区和服务小区 PCI mod 30 相同导致干扰,重新规划 PCI，消除 PCI mod 30 冲突。,-85.401,9.153,1020.406,208.875,20.1
RC_ID_B50G2C9Q4H,ID_B50G2C9Q4H,C5,基站故障,频繁切换降低性能,调整切换门限、迟滞和定时器，减少频繁切换。,-80.603,4.657,717.765,205.052,14.5
RC_ID_4O3R8RQ3DO,ID_4O3R8RQ3DO,C7,信号中断/覆盖退化,车速超过 40 km/h 影响吞吐,结合高速移动场景优化移动性和覆盖连续性。,-80.307,4.617,695.162,204.344,36
RC_ID_QFB1TYVF2G,ID_QFB1TYVF2G,C2,信号中断/覆盖退化,服务小区覆盖距离超过 1 km，越区覆盖,检查越区覆盖，调整功率、方位角或切换边界。,-82.597,10.49,694.975,203.005,18.4
RC_ID_F9C6S0TVGQ,ID_F9C6S0TVGQ,C3,信道干扰,邻区提供更高吞吐,优化邻区关系和切换策略，降低强邻区抢占影响。,-84.334,10.25,753.808,207.528,19
RC_ID_WHCTWBZGAE,ID_WHCTWBZGAE,C5,基站故障,频繁切换降低性能,调整切换门限、迟滞和定时器，减少频繁切换。,-76.305,15.716,948.51,204.202,16.6
RC_ID_E09KHZVTA1,ID_E09KHZVTA1,C6,信道干扰,邻区和服务小区 PCI mod 30 相同导致干扰,重新规划 PCI，消除 PCI mod 30 冲突。,-81.685,7.162,639.757,205.725,15.6
RC_ID_1L6KK1L6L0,ID_1L6KK1L6L0,C2,信号中断/覆盖退化,服务小区覆盖距离超过 1 km，越区覆盖,检查越区覆盖，调整功率、方位角或切换边界。,-82.5,2.396,651.305,202.278,23.6
RC_ID_CFV47HVYT5,ID_CFV47HVYT5,C5,基站故障,频繁切换降低性能,调整切换门限、迟滞和定时器，减少频繁切换。,-79.541,10.227,730.398,204.93,21.9
RC_ID_0SAPBRCV8T,ID_0SAPBRCV8T,C3,信道干扰,邻区提供更高吞吐,优化邻区关系和切换策略，降低强邻区抢占影响。,-83.7,3.874,648.809,207.216,23.5
RC_ID_WAU23C5MVO,ID_WAU23C5MVO,C7,信号中断/覆盖退化,车速超过 40 km/h 影响吞吐,结合高速移动场景优化移动性和覆盖连续性。,-80.049,12.104,795.85,207.918,37.7
RC_ID_TOTPKQRZLX,ID_TOTPKQRZLX,C7,信号中断/覆盖退化,车速超过 40 km/h 影响吞吐,结合高速移动场景优化移动性和覆盖连续性。,-87.302,14.041,1081.132,211.023,36.1
RC_ID_JAZ011R7LH,ID_JAZ011R7LH,C3,信道干扰,邻区提供更高吞吐,优化邻区关系和切换策略，降低强邻区抢占影响。,-85.774,5.167,653.727,209.546,21.6
RC_ID_02UDQJ3BT4,ID_02UDQJ3BT4,C3,信道干扰,邻区提供更高吞吐,优化邻区关系和切换策略，降低强邻区抢占影响。,-75.912,7.647,876.87,207.376,20.5
RC_ID_PXOLTKU44N,ID_PXOLTKU44N,C6,信道干扰,邻区和服务小区 PCI mod 30 相同导致干扰,重新规划 PCI，消除 PCI mod 30 冲突。,-75.936,8.292,650.952,202.274,19.6
RC_ID_598BW2YS65,ID_598BW2YS65,C6,信道干扰,邻区和服务小区 PCI mod 30 相同导致干扰,重新规划 PCI，消除 PCI mod 30 冲突。,-84.052,22.247,737.455,208.139,23.8
RC_ID_A37Y4VWOGI,ID_A37Y4VWOGI,C5,基站故障,频繁切换降低性能,调整切换门限、迟滞和定时器，减少频繁切换。,-84.865,12.349,527.804,197.463,11.7
RC_ID_XNL6FF0L56,ID_XNL6FF0L56,C6,信道干扰,邻区和服务小区 PCI mod 30 相同导致干扰,重新规划 PCI，消除 PCI mod 30 冲突。,-84.663,5.5,676.208,203.359,23.1
RC_ID_KP3D0CIN0G,ID_KP3D0CIN0G,C1,信号中断/覆盖退化,服务小区下倾角过大，远端弱覆盖,复核服务小区下倾角，优化远端覆盖。,-83.882,9.494,678.906,206.031,20.8
RC_ID_8K16EZ5G55,ID_8K16EZ5G55,C3,信道干扰,邻区提供更高吞吐,优化邻区关系和切换策略，降低强邻区抢占影响。,-80.499,21.093,768.698,207.166,22.8
RC_ID_1S3R6C67IW,ID_1S3R6C67IW,C4,信道干扰,非共站同频邻区导致严重重叠覆盖,处理同频重叠覆盖，优化频点、功率和覆盖边界。,-82.5,2.396,651.305,202.278,23.6
RC_ID_HM2LO3FS6X,ID_HM2LO3FS6X,C4,信道干扰,非共站同频邻区导致严重重叠覆盖,处理同频重叠覆盖，优化频点、功率和覆盖边界。,-82.44,11.047,626.376,202.892,18.2
RC_ID_53L8S0LWR2,ID_53L8S0LWR2,C6,信道干扰,邻区和服务小区 PCI mod 30 相同导致干扰,重新规划 PCI，消除 PCI mod 30 冲突。,-84.925,10.939,674.005,203.831,22
RC_ID_M1M86XXFLA,ID_M1M86XXFLA,C7,信号中断/覆盖退化,车速超过 40 km/h 影响吞吐,结合高速移动场景优化移动性和覆盖连续性。,-75.936,8.292,650.952,202.274,35.6
RC_ID_LHFVA0OEUR,ID_LHFVA0OEUR,C5,基站故障,频繁切换降低性能,调整切换门限、迟滞和定时器，减少频繁切换。,-82.369,3.773,555.43,201.165,22.2
RC_ID_C0N4WOBOH2,ID_C0N4WOBOH2,C5,基站故障,频繁切换降低性能,调整切换门限、迟滞和定时器，减少频繁切换。,-85.471,4.856,706.371,209.881,21.4
RC_ID_5QGHTZO9VY,ID_5QGHTZO9VY,C5,基站故障,频繁切换降低性能,调整切换门限、迟滞和定时器，减少频繁切换。,-79.977,5.046,557.125,202.529,19.1
RC_ID_4441UACIO9,ID_4441UACIO9,C5,基站故障,频繁切换降低性能,调整切换门限、迟滞和定时器，减少频繁切换。,-78.045,10.696,704.641,207.702,19.5
RC_ID_FFJZBMVPTE,ID_FFJZBMVPTE,C4,信道干扰,非共站同频邻区导致严重重叠覆盖,处理同频重叠覆盖，优化频点、功率和覆盖边界。,-82.106,2.243,602.226,204.239,16.9
RC_ID_63TMO798LZ,ID_63TMO798LZ,C4,信道干扰,非共站同频邻区导致严重重叠覆盖,处理同频重叠覆盖，优化频点、功率和覆盖边界。,-82.665,4.645,874.059,198.369,18.9
RC_ID_ZCVINX7R08,ID_ZCVINX7R08,C5,基站故障,频繁切换降低性能,调整切换门限、迟滞和定时器，减少频繁切换。,-83.512,19.648,1051.553,210.16,22.1
RC_ID_HWMJ36SC16,ID_HWMJ36SC16,C5,基站故障,频繁切换降低性能,调整切换门限、迟滞和定时器，减少频繁切换。,-85.921,15.846,975.547,211.006,23.5
RC_ID_EEA9GEFIMN,ID_EEA9GEFIMN,C8,带宽不足,平均调度 RB 低于 160 影响吞吐,检查 RB 调度资源，评估扩容或负载均衡。,-83.072,13.307,778.024,164.502,17.5
RC_ID_KBLMCG5F06,ID_KBLMCG5F06,C3,信道干扰,邻区提供更高吞吐,优化邻区关系和切换策略，降低强邻区抢占影响。,-82.25,12.509,898.033,208.364,23.4
RC_ID_2IDOYZ9XCP,ID_2IDOYZ9XCP,C7,信号中断/覆盖退化,车速超过 40 km/h 影响吞吐,结合高速移动场景优化移动性和覆盖连续性。,-85.248,-2.708,664.175,205.828,40.8
RC_ID_GX1WY0XPOS,ID_GX1WY0XPOS,C7,信号中断/覆盖退化,车速超过 40 km/h 影响吞吐,结合高速移动场景优化移动性和覆盖连续性。,-86.746,22.327,644.153,202.719,37.1
RC_ID_7MLI3PNCS4,ID_7MLI3PNCS4,C1,信号中断/覆盖退化,服务小区下倾角过大，远端弱覆盖,复核服务小区下倾角，优化远端覆盖。,-81.977,5.046,557.125,202.529,19.1
RC_ID_1TFVZPNC46,ID_1TFVZPNC46,C5,基站故障,频繁切换降低性能,调整切换门限、迟滞和定时器，减少频繁切换。,-79.887,4.802,674.8,196.691,16.7
RC_ID_D5PEAD4Y7G,ID_D5PEAD4Y7G,C6,信道干扰,邻区和服务小区 PCI mod 30 相同导致干扰,重新规划 PCI，消除 PCI mod 30 冲突。,-79.607,6.539,607.329,204.595,12.4
RC_ID_HX0MELBIWY,ID_HX0MELBIWY,C5,基站故障,频繁切换降低性能,调整切换门限、迟滞和定时器，减少频繁切换。,-87.753,20.266,734.174,208.922,22.4
RC_ID_OYZ580K108,ID_OYZ580K108,C3,信道干扰,邻区提供更高吞吐,优化邻区关系和切换策略，降低强邻区抢占影响。,-71.717,4.622,777.008,199.131,19.8
RC_ID_6YPJ36OX0G,ID_6YPJ36OX0G,C8,带宽不足,平均调度 RB 低于 160 影响吞吐,检查 RB 调度资源，评估扩容或负载均衡。,-83.671,14.049,609.589,161.991,21.3
RC_ID_DA1SXIWF0Z,ID_DA1SXIWF0Z,C1,信号中断/覆盖退化,服务小区下倾角过大，远端弱覆盖,复核服务小区下倾角，优化远端覆盖。,-86.983,22.556,583.062,194.466,19.7
RC_ID_ELWKPGHNCD,ID_ELWKPGHNCD,C4,信道干扰,非共站同频邻区导致严重重叠覆盖,处理同频重叠覆盖，优化频点、功率和覆盖边界。,-81.227,7.168,538.815,204.449,17.3
RC_ID_MDJ81EPQEM,ID_MDJ81EPQEM,C8,带宽不足,平均调度 RB 低于 160 影响吞吐,检查 RB 调度资源，评估扩容或负载均衡。,-77.643,6.139,635.694,162.006,16.1
RC_ID_ZI2CCEJO43,ID_ZI2CCEJO43,C7,信号中断/覆盖退化,车速超过 40 km/h 影响吞吐,结合高速移动场景优化移动性和覆盖连续性。,-84.828,26.219,807.398,210.648,39.1
RC_ID_MW3TTA6D1E,ID_MW3TTA6D1E,C5,基站故障,频繁切换降低性能,调整切换门限、迟滞和定时器，减少频繁切换。,-83.777,11.533,802.582,200.798,14.8
RC_ID_J5JVI6BLBL,ID_J5JVI6BLBL,C2,信号中断/覆盖退化,服务小区覆盖距离超过 1 km，越区覆盖,检查越区覆盖，调整功率、方位角或切换边界。,-87.088,2.31,708.896,207.843,23.6
RC_ID_8X0IWDLU4S,ID_8X0IWDLU4S,C2,信号中断/覆盖退化,服务小区覆盖距离超过 1 km，越区覆盖,检查越区覆盖，调整功率、方位角或切换边界。,-84.96,0.419,746.006,207.131,14
RC_ID_5ASM1F28NF,ID_5ASM1F28NF,C1,信号中断/覆盖退化,服务小区下倾角过大，远端弱覆盖,复核服务小区下倾角，优化远端覆盖。,-88.32,22.441,703.671,198.871,21.6
RC_ID_V0VOXN84D4,ID_V0VOXN84D4,C5,基站故障,频繁切换降低性能,调整切换门限、迟滞和定时器，减少频繁切换。,-84.417,11.552,686.763,205.508,16.8
RC_ID_3CTWMIVAEX,ID_3CTWMIVAEX,C1,信号中断/覆盖退化,服务小区下倾角过大，远端弱覆盖,复核服务小区下倾角，优化远端覆盖。,-84.227,7.168,538.815,204.449,17.3
RC_ID_6P96TDMB6V,ID_6P96TDMB6V,C8,带宽不足,平均调度 RB 低于 160 影响吞吐,检查 RB 调度资源，评估扩容或负载均衡。,-86.219,22.161,641.732,160.132,23.9
RC_ID_LCR0ZJQ11X,ID_LCR0ZJQ11X,C2,信号中断/覆盖退化,服务小区覆盖距离超过 1 km，越区覆盖,检查越区覆盖，调整功率、方位角或切换边界。,-83.795,8.577,932.424,201.127,23.4
RC_ID_QSMQTF272M,ID_QSMQTF272M,C5,基站故障,频繁切换降低性能,调整切换门限、迟滞和定时器，减少频繁切换。,-82.192,5.776,798.331,210.689,19.9
RC_ID_2PVSXPQNMS,ID_2PVSXPQNMS,C1,信号中断/覆盖退化,服务小区下倾角过大，远端弱覆盖,复核服务小区下倾角，优化远端覆盖。,-83.365,11.728,794.236,204.602,15.1
RC_ID_PB4PLMD9IZ,ID_PB4PLMD9IZ,C8,带宽不足,平均调度 RB 低于 160 影响吞吐,检查 RB 调度资源，评估扩容或负载均衡。,-78.35,7.725,737.785,165.9755,13.5
RC_ID_1M2QTA0476,ID_1M2QTA0476,C4,信道干扰,非共站同频邻区导致严重重叠覆盖,处理同频重叠覆盖，优化频点、功率和覆盖边界。,-77.731,13.586,776.388,203.638,23.4
RC_ID_4SNG1P57T3,ID_4SNG1P57T3,C1,信号中断/覆盖退化,服务小区下倾角过大，远端弱覆盖,复核服务小区下倾角，优化远端覆盖。,-88.272,17.029,874.325,207.282,17.1
RC_ID_HYIU6VU4N4,ID_HYIU6VU4N4,C8,带宽不足,平均调度 RB 低于 160 影响吞吐,检查 RB 调度资源，评估扩容或负载均衡。,-79.779,4.4,517.701,164.916,10
RC_ID_75W7TJPFHV,ID_75W7TJPFHV,C5,基站故障,频繁切换降低性能,调整切换门限、迟滞和定时器，减少频繁切换。,-81.224,8.065,545.317,204.409,18.3
RC_ID_UW2PIYZQ0M,ID_UW2PIYZQ0M,C7,信号中断/覆盖退化,车速超过 40 km/h 影响吞吐,结合高速移动场景优化移动性和覆盖连续性。,-85.923,22.619,607.395,191.326,38.4
RC_ID_5188XEWID2,ID_5188XEWID2,C7,信号中断/覆盖退化,车速超过 40 km/h 影响吞吐,结合高速移动场景优化移动性和覆盖连续性。,-83.24,6.764,688.26,203.645,39.3
RC_ID_KJ9Y5Y6KV1,ID_KJ9Y5Y6KV1,C1,信号中断/覆盖退化,服务小区下倾角过大，远端弱覆盖,复核服务小区下倾角，优化远端覆盖。,-90.465,9.302,671.507,191.364,19.4
RC_ID_X942DI794Y,ID_X942DI794Y,C3,信道干扰,邻区提供更高吞吐,优化邻区关系和切换策略，降低强邻区抢占影响。,-85.076,24.087,680.596,197.24,16.2
RC_ID_JJYMJFXFCZ,ID_JJYMJFXFCZ,C4,信道干扰,非共站同频邻区导致严重重叠覆盖,处理同频重叠覆盖，优化频点、功率和覆盖边界。,-82.015,13,716.37,203.822,20
RC_ID_0IY06CKGRA,ID_0IY06CKGRA,C5,基站故障,频繁切换降低性能,调整切换门限、迟滞和定时器，减少频繁切换。,-84.881,8.869,563.428,206.472,16
RC_ID_IO1Y8OFH3F,ID_IO1Y8OFH3F,C4,信道干扰,非共站同频邻区导致严重重叠覆盖,处理同频重叠覆盖，优化频点、功率和覆盖边界。,-83.35,9.692,709.532,209.363,16.3
RC_ID_M19R85MQM6,ID_M19R85MQM6,C3,信道干扰,邻区提供更高吞吐,优化邻区关系和切换策略，降低强邻区抢占影响。,-75.719,8.157,579.83,204.07,19.3
RC_ID_RDM3GG13YO,ID_RDM3GG13YO,C5,基站故障,频繁切换降低性能,调整切换门限、迟滞和定时器，减少频繁切换。,-86.453,12.433,1019.289,210.815,21.2
RC_ID_W508LFGN4O,ID_W508LFGN4O,C2,信号中断/覆盖退化,服务小区覆盖距离超过 1 km，越区覆盖,检查越区覆盖，调整功率、方位角或切换边界。,-84.835,8.159,602.102,207.152,16.5
RC_ID_O1EHF28XAM,ID_O1EHF28XAM,C6,信道干扰,邻区和服务小区 PCI mod 30 相同导致干扰,重新规划 PCI，消除 PCI mod 30 冲突。,-71.717,4.622,737.008,199.131,19.8
RC_ID_5D5ED88LRE,ID_5D5ED88LRE,C4,信道干扰,非共站同频邻区导致严重重叠覆盖,处理同频重叠覆盖，优化频点、功率和覆盖边界。,-84.33,3.026,536.477,206.408,23.4
RC_ID_CHJ7QGW4VI,ID_CHJ7QGW4VI,C6,信道干扰,邻区和服务小区 PCI mod 30 相同导致干扰,重新规划 PCI，消除 PCI mod 30 冲突。,-82.564,8.078,504.807,198.195,7.2
RC_ID_PNMKW4FPWG,ID_PNMKW4FPWG,C5,基站故障,频繁切换降低性能,调整切换门限、迟滞和定时器，减少频繁切换。,-86.877,2.536,583.088,202.453,19.1
RC_ID_PECWEECOGY,ID_PECWEECOGY,C4,信道干扰,非共站同频邻区导致严重重叠覆盖,处理同频重叠覆盖，优化频点、功率和覆盖边界。,-84.379,13.434,1137.359,209.29,24.3
RC_ID_QCRD525PVH,ID_QCRD525PVH,C1,信号中断/覆盖退化,服务小区下倾角过大，远端弱覆盖,复核服务小区下倾角，优化远端覆盖。,-83.567,10.281,535.453,206.082,23.7
RC_ID_MSZOFIAENL,ID_MSZOFIAENL,C8,带宽不足,平均调度 RB 低于 160 影响吞吐,检查 RB 调度资源，评估扩容或负载均衡。,-86.102,20.043,1046.115,168.0985,24.1
RC_ID_YRTGK6TZ0S,ID_YRTGK6TZ0S,C4,信道干扰,非共站同频邻区导致严重重叠覆盖,处理同频重叠覆盖，优化频点、功率和覆盖边界。,-82.252,14.702,824.852,209.022,19.7
RC_ID_7LXKMOLS57,ID_7LXKMOLS57,C6,信道干扰,邻区和服务小区 PCI mod 30 相同导致干扰,重新规划 PCI，消除 PCI mod 30 冲突。,-85.727,11.351,664.302,210.191,19.2
RC_ID_WGCWMZQ60T,ID_WGCWMZQ60T,C3,信道干扰,邻区提供更高吞吐,优化邻区关系和切换策略，降低强邻区抢占影响。,-76.172,9.801,738.886,196.251,26.2
RC_ID_R5EBYXBEJ3,ID_R5EBYXBEJ3,C8,带宽不足,平均调度 RB 低于 160 影响吞吐,检查 RB 调度资源，评估扩容或负载均衡。,-79.887,4.802,674.8,156.6685,16.7
RC_ID_QIW0YE2L0P,ID_QIW0YE2L0P,C8,带宽不足,平均调度 RB 低于 160 影响吞吐,检查 RB 调度资源，评估扩容或负载均衡。,-87.196,10.312,739.015,145.9055,26.3
RC_ID_1N1VD05Z2Z,ID_1N1VD05Z2Z,C1,信号中断/覆盖退化,服务小区下倾角过大，远端弱覆盖,复核服务小区下倾角，优化远端覆盖。,-90.328,20.356,600.418,195.456,22.7
RC_ID_BYJZP6BVYB,ID_BYJZP6BVYB,C3,信道干扰,邻区提供更高吞吐,优化邻区关系和切换策略，降低强邻区抢占影响。,-85.859,21.8,662.746,203.884,25.1
RC_ID_HG5C4ZWLHI,ID_HG5C4ZWLHI,C6,信道干扰,邻区和服务小区 PCI mod 30 相同导致干扰,重新规划 PCI，消除 PCI mod 30 冲突。,-73.01,9.386,989.462,207.829,16.4
RC_ID_OFT0AWWKYK,ID_OFT0AWWKYK,C2,信号中断/覆盖退化,服务小区覆盖距离超过 1 km，越区覆盖,检查越区覆盖，调整功率、方位角或切换边界。,-80.762,8.207,834.292,206.91,21.2
RC_ID_6V2N64MXY6,ID_6V2N64MXY6,C5,基站故障,频繁切换降低性能,调整切换门限、迟滞和定时器，减少频繁切换。,-84.652,9.847,720.851,206.402,20.9
RC_ID_ND0SA4ZQ5G,ID_ND0SA4ZQ5G,C3,信道干扰,邻区提供更高吞吐,优化邻区关系和切换策略，降低强邻区抢占影响。,-83.796,3.05,636.576,200.702,9
RC_ID_TOZQRLDNN8,ID_TOZQRLDNN8,C4,信道干扰,非共站同频邻区导致严重重叠覆盖,处理同频重叠覆盖，优化频点、功率和覆盖边界。,-78.654,11.049,702.967,207.088,20.2
RC_ID_QR201LWD21,ID_QR201LWD21,C7,信号中断/覆盖退化,车速超过 40 km/h 影响吞吐,结合高速移动场景优化移动性和覆盖连续性。,-86.91,10.052,828.333,202.017,34.8
RC_ID_5S05UR2O4G,ID_5S05UR2O4G,C3,信道干扰,邻区提供更高吞吐,优化邻区关系和切换策略，降低强邻区抢占影响。,-84.881,8.869,603.428,206.472,16
RC_ID_SJVHYWABTN,ID_SJVHYWABTN,C7,信号中断/覆盖退化,车速超过 40 km/h 影响吞吐,结合高速移动场景优化移动性和覆盖连续性。,-82.25,12.509,858.033,208.364,39.4
RC_ID_3JV4U1XO91,ID_3JV4U1XO91,C7,信号中断/覆盖退化,车速超过 40 km/h 影响吞吐,结合高速移动场景优化移动性和覆盖连续性。,-86.476,15.108,579.516,203.452,31.8
RC_ID_D61FPH231Z,ID_D61FPH231Z,C7,信号中断/覆盖退化,车速超过 40 km/h 影响吞吐,结合高速移动场景优化移动性和覆盖连续性。,-84.242,17.615,983.36,205.525,33.9
RC_ID_FA7ZEES0IO,ID_FA7ZEES0IO,C4,信道干扰,非共站同频邻区导致严重重叠覆盖,处理同频重叠覆盖，优化频点、功率和覆盖边界。,-83.751,2.275,975.621,203.941,17.8
RC_ID_75IRZ268X0,ID_75IRZ268X0,C2,信号中断/覆盖退化,服务小区覆盖距离超过 1 km，越区覆盖,检查越区覆盖，调整功率、方位角或切换边界。,-83.641,16.587,746.459,209.057,17.2
RC_ID_EIVNOCNC4M,ID_EIVNOCNC4M,C1,信号中断/覆盖退化,服务小区下倾角过大，远端弱覆盖,复核服务小区下倾角，优化远端覆盖。,-84.114,11.942,1123.845,204.858,25.8
RC_ID_40UR2QQMD5,ID_40UR2QQMD5,C7,信号中断/覆盖退化,车速超过 40 km/h 影响吞吐,结合高速移动场景优化移动性和覆盖连续性。,-82.564,8.078,504.807,198.195,23.2
RC_ID_S3KVGLX5P5,ID_S3KVGLX5P5,C5,基站故障,频繁切换降低性能,调整切换门限、迟滞和定时器，减少频繁切换。,-63.199,2.743,636.804,196.426,19
RC_ID_1MI3ITQH7E,ID_1MI3ITQH7E,C6,信道干扰,邻区和服务小区 PCI mod 30 相同导致干扰,重新规划 PCI，消除 PCI mod 30 冲突。,-78.654,11.049,702.967,207.088,20.2
RC_ID_3E85EX7UXI,ID_3E85EX7UXI,C1,信号中断/覆盖退化,服务小区下倾角过大，远端弱覆盖,复核服务小区下倾角，优化远端覆盖。,-86.027,24.861,862.827,202.004,10.3
RC_ID_F4BOQDYL11,ID_F4BOQDYL11,C5,基站故障,频繁切换降低性能,调整切换门限、迟滞和定时器，减少频繁切换。,-79.929,8.786,585.725,202.928,21.3
RC_ID_M6AUZ8VXQR,ID_M6AUZ8VXQR,C3,信道干扰,邻区提供更高吞吐,优化邻区关系和切换策略，降低强邻区抢占影响。,-83.879,14.417,780.764,200.787,19.8
RC_ID_4HF267ZT06,ID_4HF267ZT06,C7,信号中断/覆盖退化,车速超过 40 km/h 影响吞吐,结合高速移动场景优化移动性和覆盖连续性。,-79.315,9.431,527.424,201.188,31.7
RC_ID_LJ815VB6NH,ID_LJ815VB6NH,C2,信号中断/覆盖退化,服务小区覆盖距离超过 1 km，越区覆盖,检查越区覆盖，调整功率、方位角或切换边界。,-81.224,8.065,545.317,204.409,18.3
RC_ID_62RID51I0M,ID_62RID51I0M,C3,信道干扰,邻区提供更高吞吐,优化邻区关系和切换策略，降低强邻区抢占影响。,-80.405,5.998,773.326,207.589,21.1
RC_ID_IGQ3WRX2J8,ID_IGQ3WRX2J8,C4,信道干扰,非共站同频邻区导致严重重叠覆盖,处理同频重叠覆盖，优化频点、功率和覆盖边界。,-83.311,5.908,628.991,199.476,21.8
RC_ID_4EG5PWZ6GO,ID_4EG5PWZ6GO,C3,信道干扰,邻区提供更高吞吐,优化邻区关系和切换策略，降低强邻区抢占影响。,-83.848,13.263,862.625,210.216,20
RC_ID_BTM7ED6KDP,ID_BTM7ED6KDP,C6,信道干扰,邻区和服务小区 PCI mod 30 相同导致干扰,重新规划 PCI，消除 PCI mod 30 冲突。,-79.903,8.477,741.887,193.861,21.7
RC_ID_ESA04A8D78,ID_ESA04A8D78,C3,信道干扰,邻区提供更高吞吐,优化邻区关系和切换策略，降低强邻区抢占影响。,-76.193,11.341,720.918,205.123,23.1
RC_ID_OPSZB5ACZ0,ID_OPSZB5ACZ0,C8,带宽不足,平均调度 RB 低于 160 影响吞吐,检查 RB 调度资源，评估扩容或负载均衡。,-84.052,22.247,737.455,166.641,23.8
RC_ID_EBJP36X0XK,ID_EBJP36X0XK,C6,信道干扰,邻区和服务小区 PCI mod 30 相同导致干扰,重新规划 PCI，消除 PCI mod 30 冲突。,-83.964,7.561,648.033,201.69,18.4
RC_ID_CTXC4PZBQ4,ID_CTXC4PZBQ4,C5,基站故障,频繁切换降低性能,调整切换门限、迟滞和定时器，减少频繁切换。,-80.345,22.522,1080.766,211.004,18.4
RC_ID_PA4BG1S9VH,ID_PA4BG1S9VH,C8,带宽不足,平均调度 RB 低于 160 影响吞吐,检查 RB 调度资源，评估扩容或负载均衡。,-70.156,11.929,687.721,164.252,15.6
RC_ID_J50L8GGTU1,ID_J50L8GGTU1,C3,信道干扰,邻区提供更高吞吐,优化邻区关系和切换策略，降低强邻区抢占影响。,-85.419,5.763,690.821,208.019,19.3
RC_ID_T1RJYDAST7,ID_T1RJYDAST7,C5,基站故障,频繁切换降低性能,调整切换门限、迟滞和定时器，减少频繁切换。,-87.163,19.823,564.246,205.352,16.7
RC_ID_2Q4RMZF73L,ID_2Q4RMZF73L,C6,信道干扰,邻区和服务小区 PCI mod 30 相同导致干扰,重新规划 PCI，消除 PCI mod 30 冲突。,-85.897,15.118,718.718,210.43,19.5
RC_ID_C5YAC2N61X,ID_C5YAC2N61X,C3,信道干扰,邻区提供更高吞吐,优化邻区关系和切换策略，降低强邻区抢占影响。,-82.455,7.245,665.553,193.219,21.2
RC_ID_YMFYS8RAI6,ID_YMFYS8RAI6,C4,信道干扰,非共站同频邻区导致严重重叠覆盖,处理同频重叠覆盖，优化频点、功率和覆盖边界。,-83.471,10.513,652.939,195.005,16.8
RC_ID_E0MW9JGY8Y,ID_E0MW9JGY8Y,C2,信号中断/覆盖退化,服务小区覆盖距离超过 1 km，越区覆盖,检查越区覆盖，调整功率、方位角或切换边界。,-85.483,22.556,583.062,194.466,19.7
RC_ID_92UCHIO55I,ID_92UCHIO55I,C7,信号中断/覆盖退化,车速超过 40 km/h 影响吞吐,结合高速移动场景优化移动性和覆盖连续性。,-85.834,6.994,573.572,210.996,31.1
RC_ID_G7KRVX887J,ID_G7KRVX887J,C1,信号中断/覆盖退化,服务小区下倾角过大，远端弱覆盖,复核服务小区下倾角，优化远端覆盖。,-85.752,14.702,824.852,209.022,19.7
RC_ID_BKDQN4R9IJ,ID_BKDQN4R9IJ,C2,信号中断/覆盖退化,服务小区覆盖距离超过 1 km，越区覆盖,检查越区覆盖，调整功率、方位角或切换边界。,-79.541,10.227,730.398,204.93,21.9
RC_ID_VF31XDM5N8,ID_VF31XDM5N8,C6,信道干扰,邻区和服务小区 PCI mod 30 相同导致干扰,重新规划 PCI，消除 PCI mod 30 冲突。,-80.13,9.061,638.666,207.499,20.1
RC_ID_QKHZE1LRXY,ID_QKHZE1LRXY,C5,基站故障,频繁切换降低性能,调整切换门限、迟滞和定时器，减少频繁切换。,-83.736,19.695,956.203,204.15,16.9
RC_ID_OCJCN6DFS0,ID_OCJCN6DFS0,C2,信号中断/覆盖退化,服务小区覆盖距离超过 1 km，越区覆盖,检查越区覆盖，调整功率、方位角或切换边界。,-85.709,8.858,814.012,208.726,15.4
RC_ID_A5OP75MN3R,ID_A5OP75MN3R,C7,信号中断/覆盖退化,车速超过 40 km/h 影响吞吐,结合高速移动场景优化移动性和覆盖连续性。,-75.719,8.157,539.83,204.07,35.3
RC_ID_KEMG1F4NC9,ID_KEMG1F4NC9,C3,信道干扰,邻区提供更高吞吐,优化邻区关系和切换策略，降低强邻区抢占影响。,-80.496,4.771,593.159,196.343,19.5
RC_ID_U3XGO9QUSR,ID_U3XGO9QUSR,C3,信道干扰,邻区提供更高吞吐,优化邻区关系和切换策略，降低强邻区抢占影响。,-80.567,10.281,575.453,206.082,23.7
RC_ID_QVYUB4B8V8,ID_QVYUB4B8V8,C3,信道干扰,邻区提供更高吞吐,优化邻区关系和切换策略，降低强邻区抢占影响。,-75.936,8.292,690.952,202.274,19.6
RC_ID_3X6YSSBX9L,ID_3X6YSSBX9L,C5,基站故障,频繁切换降低性能,调整切换门限、迟滞和定时器，减少频繁切换。,-81.623,12.084,671.52,187.554,16.9
RC_ID_5KBX6X1U2M,ID_5KBX6X1U2M,C4,信道干扰,非共站同频邻区导致严重重叠覆盖,处理同频重叠覆盖，优化频点、功率和覆盖边界。,-86.729,20.277,880.191,210.098,22.4
RC_ID_DKDPOY4YYV,ID_DKDPOY4YYV,C5,基站故障,频繁切换降低性能,调整切换门限、迟滞和定时器，减少频繁切换。,-80.904,7.801,579.148,205.833,22.5
RC_ID_8XEJCT91WB,ID_8XEJCT91WB,C2,信号中断/覆盖退化,服务小区覆盖距离超过 1 km，越区覆盖,检查越区覆盖，调整功率、方位角或切换边界。,-81.894,11.194,622.405,210.84,22.7
RC_ID_00D5QEJF3P,ID_00D5QEJF3P,C1,信号中断/覆盖退化,服务小区下倾角过大，远端弱覆盖,复核服务小区下倾角，优化远端覆盖。,-86.06,10.856,599.701,190.33,25
RC_ID_5RJ11T6K00,ID_5RJ11T6K00,C7,信号中断/覆盖退化,车速超过 40 km/h 影响吞吐,结合高速移动场景优化移动性和覆盖连续性。,-82.153,10.673,617.002,208.085,37.7
RC_ID_QWIBZFY7T6,ID_QWIBZFY7T6,C1,信号中断/覆盖退化,服务小区下倾角过大，远端弱覆盖,复核服务小区下倾角，优化远端覆盖。,-83.996,4.771,553.159,196.343,19.5
RC_ID_CA5CYWAUVC,ID_CA5CYWAUVC,C4,信道干扰,非共站同频邻区导致严重重叠覆盖,处理同频重叠覆盖，优化频点、功率和覆盖边界。,-85.312,10.646,982.646,199.784,14.8
RC_ID_83CHP55XUQ,ID_83CHP55XUQ,C6,信道干扰,邻区和服务小区 PCI mod 30 相同导致干扰,重新规划 PCI，消除 PCI mod 30 冲突。,-80.162,11.968,682.371,199.943,23.2
RC_ID_Y88ZDQ9ZTQ,ID_Y88ZDQ9ZTQ,C1,信号中断/覆盖退化,服务小区下倾角过大，远端弱覆盖,复核服务小区下倾角，优化远端覆盖。,-82.909,15.828,755.768,202.074,21.8
RC_ID_3Q2G4IG8DU,ID_3Q2G4IG8DU,C8,带宽不足,平均调度 RB 低于 160 影响吞吐,检查 RB 调度资源，评估扩容或负载均衡。,-86.124,22.484,733.184,160.072,19.2
RC_ID_SP688DJA26,ID_SP688DJA26,C7,信号中断/覆盖退化,车速超过 40 km/h 影响吞吐,结合高速移动场景优化移动性和覆盖连续性。,-84.119,14.908,871.607,210.908,35.4
RC_ID_O6GRM8X4XS,ID_O6GRM8X4XS,C6,信道干扰,邻区和服务小区 PCI mod 30 相同导致干扰,重新规划 PCI，消除 PCI mod 30 冲突。,-83.342,9.242,660.272,207.177,19.3
RC_ID_BCHF4VRPPE,ID_BCHF4VRPPE,C7,信号中断/覆盖退化,车速超过 40 km/h 影响吞吐,结合高速移动场景优化移动性和覆盖连续性。,-83.588,18.514,1039.8,209.145,40.4
RC_ID_V9YHWKSR4A,ID_V9YHWKSR4A,C7,信号中断/覆盖退化,车速超过 40 km/h 影响吞吐,结合高速移动场景优化移动性和覆盖连续性。,-79.907,5.707,746.389,207.093,39.1
RC_ID_SSJ76MAGJB,ID_SSJ76MAGJB,C4,信道干扰,非共站同频邻区导致严重重叠覆盖,处理同频重叠覆盖，优化频点、功率和覆盖边界。,-83.016,9.176,712.709,206.745,25.1
RC_ID_AFCQP1T91I,ID_AFCQP1T91I,C2,信号中断/覆盖退化,服务小区覆盖距离超过 1 km，越区覆盖,检查越区覆盖，调整功率、方位角或切换边界。,-76.221,5.799,584.602,200.359,20.9
RC_ID_S53J3SMBTI,ID_S53J3SMBTI,C1,信号中断/覆盖退化,服务小区下倾角过大，远端弱覆盖,复核服务小区下倾角，优化远端覆盖。,-87.402,18.669,791.192,205.77,20.9
RC_ID_11MSTVCQ3N,ID_11MSTVCQ3N,C1,信号中断/覆盖退化,服务小区下倾角过大，远端弱覆盖,复核服务小区下倾角，优化远端覆盖。,-83.162,11.968,682.371,199.943,23.2
RC_ID_4ZD1AR74CW,ID_4ZD1AR74CW,C3,信道干扰,邻区提供更高吞吐,优化邻区关系和切换策略，降低强邻区抢占影响。,-86.385,22.681,932.412,209.431,18.2
RC_ID_6FAJPGQRZS,ID_6FAJPGQRZS,C1,信号中断/覆盖退化,服务小区下倾角过大，远端弱覆盖,复核服务小区下倾角，优化远端覆盖。,-90.302,14.041,1081.132,211.023,20.1
RC_ID_X5WLYNRUFS,ID_X5WLYNRUFS,C1,信号中断/覆盖退化,服务小区下倾角过大，远端弱覆盖,复核服务小区下倾角，优化远端覆盖。,-85.96,9.148,641.175,206.565,23.7
RC_ID_9ZOLQEAPH7,ID_9ZOLQEAPH7,C8,带宽不足,平均调度 RB 低于 160 影响吞吐,检查 RB 调度资源，评估扩容或负载均衡。,-82.406,7.222,890.864,160.5605,16.1
RC_ID_9EARFW3VC5,ID_9EARFW3VC5,C1,信号中断/覆盖退化,服务小区下倾角过大，远端弱覆盖,复核服务小区下倾角，优化远端覆盖。,-86.437,4.12,712.502,205.222,27.2
RC_ID_LNR3T5OYBE,ID_LNR3T5OYBE,C2,信号中断/覆盖退化,服务小区覆盖距离超过 1 km，越区覆盖,检查越区覆盖，调整功率、方位角或切换边界。,-87.15,8.435,801.304,208.407,21.6
RC_ID_PC2VI8N41N,ID_PC2VI8N41N,C1,信号中断/覆盖退化,服务小区下倾角过大，远端弱覆盖,复核服务小区下倾角，优化远端覆盖。,-90.069,19.556,573.755,205.142,20.9
RC_ID_5ZMKJ4TJ8O,ID_5ZMKJ4TJ8O,C7,信号中断/覆盖退化,车速超过 40 km/h 影响吞吐,结合高速移动场景优化移动性和覆盖连续性。,-81.227,7.168,538.815,204.449,33.3
RC_ID_FOIVY6FCCH,ID_FOIVY6FCCH,C5,基站故障,频繁切换降低性能,调整切换门限、迟滞和定时器，减少频繁切换。,-80.869,8.051,941.371,204.071,21.3
RC_ID_VUC6CF9OVE,ID_VUC6CF9OVE,C1,信号中断/覆盖退化,服务小区下倾角过大，远端弱覆盖,复核服务小区下倾角，优化远端覆盖。,-80.923,8.525,747.947,204.725,21
RC_ID_W8YTHXOY78,ID_W8YTHXOY78,C8,带宽不足,平均调度 RB 低于 160 影响吞吐,检查 RB 调度资源，评估扩容或负载均衡。,-83.736,19.695,956.203,162.6475,16.9
RC_ID_GVMABGULVV,ID_GVMABGULVV,C6,信道干扰,邻区和服务小区 PCI mod 30 相同导致干扰,重新规划 PCI，消除 PCI mod 30 冲突。,-83.35,9.692,709.532,209.363,16.3
RC_ID_ADVLRU1BTH,ID_ADVLRU1BTH,C5,基站故障,频繁切换降低性能,调整切换门限、迟滞和定时器，减少频繁切换。,-70.156,11.929,687.721,205.023,15.6
RC_ID_NFEUCBS4O5,ID_NFEUCBS4O5,C4,信道干扰,非共站同频邻区导致严重重叠覆盖,处理同频重叠覆盖，优化频点、功率和覆盖边界。,-82.455,7.245,625.553,193.219,21.2
RC_ID_TF680BP6MF,ID_TF680BP6MF,C8,带宽不足,平均调度 RB 低于 160 影响吞吐,检查 RB 调度资源，评估扩容或负载均衡。,-83.7,3.874,608.809,166.1875,23.5
RC_ID_XXNTU9J5SR,ID_XXNTU9J5SR,C8,带宽不足,平均调度 RB 低于 160 影响吞吐,检查 RB 调度资源，评估扩容或负载均衡。,-80.567,10.281,535.453,164.306,23.7
RC_ID_9QGJKRW8GG,ID_9QGJKRW8GG,C1,信号中断/覆盖退化,服务小区下倾角过大，远端弱覆盖,复核服务小区下倾角，优化远端覆盖。,-81.57,4.512,614.549,208.269,25.5
RC_ID_DWPGCTMPF8,ID_DWPGCTMPF8,C3,信道干扰,邻区提供更高吞吐,优化邻区关系和切换策略，降低强邻区抢占影响。,-80.007,6.604,804.331,206.807,21.6
RC_ID_HIAPEKM431,ID_HIAPEKM431,C3,信道干扰,邻区提供更高吞吐,优化邻区关系和切换策略，降低强邻区抢占影响。,-84.898,15.383,665.299,199.198,13.1
RC_ID_Y0L93TJZFV,ID_Y0L93TJZFV,C5,基站故障,频繁切换降低性能,调整切换门限、迟滞和定时器，减少频繁切换。,-73.01,9.386,989.462,207.829,16.4
RC_ID_NHRLO6CUFC,ID_NHRLO6CUFC,C5,基站故障,频繁切换降低性能,调整切换门限、迟滞和定时器，减少频繁切换。,-85.143,18.521,936.238,207.054,24.6
RC_ID_1E80LZVQQW,ID_1E80LZVQQW,C3,信道干扰,邻区提供更高吞吐,优化邻区关系和切换策略，降低强邻区抢占影响。,-87.163,19.823,604.246,205.352,16.7
RC_ID_ABVWAW78QW,ID_ABVWAW78QW,C3,信道干扰,邻区提供更高吞吐,优化邻区关系和切换策略，降低强邻区抢占影响。,-83.35,9.692,749.532,209.363,16.3
RC_ID_E9MWU89FLP,ID_E9MWU89FLP,C6,信道干扰,邻区和服务小区 PCI mod 30 相同导致干扰,重新规划 PCI，消除 PCI mod 30 冲突。,-85.779,20.031,613.704,188.313,16.1
RC_ID_HBOO1SQZP9,ID_HBOO1SQZP9,C4,信道干扰,非共站同频邻区导致严重重叠覆盖,处理同频重叠覆盖，优化频点、功率和覆盖边界。,-83.774,24.352,640.861,204.426,21.3
RC_ID_SMMIGUFJ0W,ID_SMMIGUFJ0W,C3,信道干扰,邻区提供更高吞吐,优化邻区关系和切换策略，降低强邻区抢占影响。,-84.828,26.219,847.398,210.648,23.1
RC_ID_PMKS7CG5EI,ID_PMKS7CG5EI,C8,带宽不足,平均调度 RB 低于 160 影响吞吐,检查 RB 调度资源，评估扩容或负载均衡。,-86.877,2.536,583.088,160.7055,19.1
RC_ID_H81POI30PC,ID_H81POI30PC,C2,信号中断/覆盖退化,服务小区覆盖距离超过 1 km，越区覆盖,检查越区覆盖，调整功率、方位角或切换边界。,-82.665,4.645,874.059,198.369,18.9
RC_ID_C3LSSQ29VN,ID_C3LSSQ29VN,C2,信号中断/覆盖退化,服务小区覆盖距离超过 1 km，越区覆盖,检查越区覆盖，调整功率、方位角或切换边界。,-80.329,15.28,567.624,207.773,21.4
RC_ID_M8OJE3XNW7,ID_M8OJE3XNW7,C2,信号中断/覆盖退化,服务小区覆盖距离超过 1 km，越区覆盖,检查越区覆盖，调整功率、方位角或切换边界。,-79.114,16.424,681.703,187.845,20.2
RC_ID_Z5LFA3R9Z3,ID_Z5LFA3R9Z3,C6,信道干扰,邻区和服务小区 PCI mod 30 相同导致干扰,重新规划 PCI，消除 PCI mod 30 冲突。,-83.796,3.05,596.576,200.702,9
RC_ID_KRGCD0G889,ID_KRGCD0G889,C7,信号中断/覆盖退化,车速超过 40 km/h 影响吞吐,结合高速移动场景优化移动性和覆盖连续性。,-85.972,21.353,635.785,205.182,33.5
RC_ID_2CYDPGC0U7,ID_2CYDPGC0U7,C5,基站故障,频繁切换降低性能,调整切换门限、迟滞和定时器，减少频繁切换。,-83.796,3.05,596.576,200.702,9
RC_ID_KDG21W1NBN,ID_KDG21W1NBN,C5,基站故障,频繁切换降低性能,调整切换门限、迟滞和定时器，减少频繁切换。,-83.072,13.307,778.024,203.175,17.5
RC_ID_ZCA4BGAK28,ID_ZCA4BGAK28,C1,信号中断/覆盖退化,服务小区下倾角过大，远端弱覆盖,复核服务小区下倾角，优化远端覆盖。,-81.803,23.928,828.976,203.783,22
RC_ID_H3B7L8QIG5,ID_H3B7L8QIG5,C6,信道干扰,邻区和服务小区 PCI mod 30 相同导致干扰,重新规划 PCI，消除 PCI mod 30 冲突。,-80.886,8.559,722.925,205.991,12.3
RC_ID_SAVO84HCY6,ID_SAVO84HCY6,C3,信道干扰,邻区提供更高吞吐,优化邻区关系和切换策略，降低强邻区抢占影响。,-84.074,5.471,703.758,203.457,21.9
RC_ID_N6VPFXV7GT,ID_N6VPFXV7GT,C4,信道干扰,非共站同频邻区导致严重重叠覆盖,处理同频重叠覆盖，优化频点、功率和覆盖边界。,-78.635,12.561,682.417,198.074,24.9
RC_ID_39Z72CEBVI,ID_39Z72CEBVI,C5,基站故障,频繁切换降低性能,调整切换门限、迟滞和定时器，减少频繁切换。,-83.808,6.262,710.642,205.221,20.8
RC_ID_VWPQI55NHM,ID_VWPQI55NHM,C7,信号中断/覆盖退化,车速超过 40 km/h 影响吞吐,结合高速移动场景优化移动性和覆盖连续性。,-73.719,8.165,531.044,192.809,37.2
RC_ID_6AQ70RY54T,ID_6AQ70RY54T,C5,基站故障,频繁切换降低性能,调整切换门限、迟滞和定时器，减少频繁切换。,-76.221,5.799,584.602,200.359,20.9
RC_ID_WO2QWFFKEH,ID_WO2QWFFKEH,C8,带宽不足,平均调度 RB 低于 160 影响吞吐,检查 RB 调度资源，评估扩容或负载均衡。,-87.328,20.356,600.418,156.088,22.7
RC_ID_K7WAP2NY8S,ID_K7WAP2NY8S,C8,带宽不足,平均调度 RB 低于 160 影响吞吐,检查 RB 调度资源，评估扩容或负载均衡。,-80.657,9.564,685.298,162.315,21.5
RC_ID_SJ5B0WQ47U,ID_SJ5B0WQ47U,C5,基站故障,频繁切换降低性能,调整切换门限、迟滞和定时器，减少频繁切换。,-79.07,4.512,614.549,208.269,25.5
RC_ID_3XMX02ZTRB,ID_3XMX02ZTRB,C5,基站故障,频繁切换降低性能,调整切换门限、迟滞和定时器，减少频繁切换。,-83.032,10.864,652.082,202.823,25
RC_ID_ER8D7ZLHJY,ID_ER8D7ZLHJY,C5,基站故障,频繁切换降低性能,调整切换门限、迟滞和定时器，减少频繁切换。,-79.555,10.163,852.033,207.533,19.9
RC_ID_Z91F9JORKL,ID_Z91F9JORKL,C1,信号中断/覆盖退化,服务小区下倾角过大，远端弱覆盖,复核服务小区下倾角，优化远端覆盖。,-71.656,11.929,687.721,205.023,15.6
RC_ID_D0CKO7O36D,ID_D0CKO7O36D,C8,带宽不足,平均调度 RB 低于 160 影响吞吐,检查 RB 调度资源，评估扩容或负载均衡。,-78.596,10.274,976.798,167.718,27.6
RC_ID_JSKJ8XIIR2,ID_JSKJ8XIIR2,C7,信号中断/覆盖退化,车速超过 40 km/h 影响吞吐,结合高速移动场景优化移动性和覆盖连续性。,-79.226,11.551,732.02,202.32,35.5
RC_ID_TNEBCW5NG5,ID_TNEBCW5NG5,C4,信道干扰,非共站同频邻区导致严重重叠覆盖,处理同频重叠覆盖，优化频点、功率和覆盖边界。,-80.557,8.795,663.923,204.039,18.6
RC_ID_TCTVHNUAWG,ID_TCTVHNUAWG,C2,信号中断/覆盖退化,服务小区覆盖距离超过 1 km，越区覆盖,检查越区覆盖，调整功率、方位角或切换边界。,-83.751,2.275,975.621,203.941,17.8
RC_ID_304QCJUMX8,ID_304QCJUMX8,C6,信道干扰,邻区和服务小区 PCI mod 30 相同导致干扰,重新规划 PCI，消除 PCI mod 30 冲突。,-82.5,2.396,651.305,202.278,23.6
RC_ID_ZIKRSZA4LZ,ID_ZIKRSZA4LZ,C5,基站故障,频繁切换降低性能,调整切换门限、迟滞和定时器，减少频繁切换。,-81.69,12.057,740.029,210.15,22.3
RC_ID_8KUJ1H634E,ID_8KUJ1H634E,C6,信道干扰,邻区和服务小区 PCI mod 30 相同导致干扰,重新规划 PCI，消除 PCI mod 30 冲突。,-79.061,15.24,709.568,206.798,19.4
RC_ID_YZNWJ2DCAB,ID_YZNWJ2DCAB,C6,信道干扰,邻区和服务小区 PCI mod 30 相同导致干扰,重新规划 PCI，消除 PCI mod 30 冲突。,-84.522,7.411,1112.746,208.063,20.3
RC_ID_HC2QLZDNGE,ID_HC2QLZDNGE,C7,信号中断/覆盖退化,车速超过 40 km/h 影响吞吐,结合高速移动场景优化移动性和覆盖连续性。,-83.777,11.533,802.582,200.798,30.8
RC_ID_AOAWXFSCEK,ID_AOAWXFSCEK,C4,信道干扰,非共站同频邻区导致严重重叠覆盖,处理同频重叠覆盖，优化频点、功率和覆盖边界。,-83.214,3.204,631.877,204.518,22.2
RC_ID_0716BH6PHM,ID_0716BH6PHM,C4,信道干扰,非共站同频邻区导致严重重叠覆盖,处理同频重叠覆盖，优化频点、功率和覆盖边界。,-82.369,3.773,555.43,201.165,22.2
RC_ID_K0TFRFX4F4,ID_K0TFRFX4F4,C2,信号中断/覆盖退化,服务小区覆盖距离超过 1 km，越区覆盖,检查越区覆盖，调整功率、方位角或切换边界。,-85.311,10.097,528.365,202.627,17.2
RC_ID_DZS4Q9NX2J,ID_DZS4Q9NX2J,C6,信道干扰,邻区和服务小区 PCI mod 30 相同导致干扰,重新规划 PCI，消除 PCI mod 30 冲突。,-84.205,4.352,792.664,209.327,23.9
RC_ID_6XKV1VPVQ7,ID_6XKV1VPVQ7,C6,信道干扰,邻区和服务小区 PCI mod 30 相同导致干扰,重新规划 PCI，消除 PCI mod 30 冲突。,-80.482,10.324,878.543,195.344,17.5
RC_ID_O45QY61OC4,ID_O45QY61OC4,C2,信号中断/覆盖退化,服务小区覆盖距离超过 1 km，越区覆盖,检查越区覆盖，调整功率、方位角或切换边界。,-86.91,10.052,828.333,202.017,18.8
RC_ID_86X3RXGUJL,ID_86X3RXGUJL,C1,信号中断/覆盖退化,服务小区下倾角过大，远端弱覆盖,复核服务小区下倾角，优化远端覆盖。,-90.302,24.238,652.083,204.633,19.7
RC_ID_MJY6PCQHW9,ID_MJY6PCQHW9,C6,信道干扰,邻区和服务小区 PCI mod 30 相同导致干扰,重新规划 PCI，消除 PCI mod 30 冲突。,-79.62,8.049,641.856,207.212,24.1
RC_ID_RNOVOHSONI,ID_RNOVOHSONI,C6,信道干扰,邻区和服务小区 PCI mod 30 相同导致干扰,重新规划 PCI，消除 PCI mod 30 冲突。,-71.707,13.834,785.797,201.168,17.7
RC_ID_I5FGMXFX0A,ID_I5FGMXFX0A,C4,信道干扰,非共站同频邻区导致严重重叠覆盖,处理同频重叠覆盖，优化频点、功率和覆盖边界。,-86.124,22.484,733.184,199.456,19.2
RC_ID_7K4A9LOFSU,ID_7K4A9LOFSU,C8,带宽不足,平均调度 RB 低于 160 影响吞吐,检查 RB 调度资源，评估扩容或负载均衡。,-84.831,18.852,954.663,168.261,25.3
RC_ID_VJ1P22T3DH,ID_VJ1P22T3DH,C3,信道干扰,邻区提供更高吞吐,优化邻区关系和切换策略，降低强邻区抢占影响。,-80.603,4.657,757.765,205.052,14.5
RC_ID_NRL06TK21V,ID_NRL06TK21V,C4,信道干扰,非共站同频邻区导致严重重叠覆盖,处理同频重叠覆盖，优化频点、功率和覆盖边界。,-83.888,8.217,666.702,210.186,16.8
RC_ID_13A0DNTPAY,ID_13A0DNTPAY,C5,基站故障,频繁切换降低性能,调整切换门限、迟滞和定时器，减少频繁切换。,-86.476,15.108,579.516,203.452,15.8
RC_ID_4GIS6JD5EN,ID_4GIS6JD5EN,C2,信号中断/覆盖退化,服务小区覆盖距离超过 1 km，越区覆盖,检查越区覆盖，调整功率、方位角或切换边界。,-84.543,5.398,615.909,204.871,27.4
RC_ID_P28E4BZ0NH,ID_P28E4BZ0NH,C3,信道干扰,邻区提供更高吞吐,优化邻区关系和切换策略，降低强邻区抢占影响。,-83.014,17.466,1040.05,211.184,17.2
RC_ID_J8W5AGY9QC,ID_J8W5AGY9QC,C7,信号中断/覆盖退化,车速超过 40 km/h 影响吞吐,结合高速移动场景优化移动性和覆盖连续性。,-85.401,9.153,1020.406,208.875,36.1
RC_ID_F9ZA21B3XG,ID_F9ZA21B3XG,C3,信道干扰,邻区提供更高吞吐,优化邻区关系和切换策略，降低强邻区抢占影响。,-83.161,6.479,727.155,205.65,20.5
RC_ID_VIN5ZW2K0L,ID_VIN5ZW2K0L,C1,信号中断/覆盖退化,服务小区下倾角过大，远端弱覆盖,复核服务小区下倾角，优化远端覆盖。,-86.064,8.078,504.807,198.195,7.2
RC_ID_1XH1KO3AI5,ID_1XH1KO3AI5,C3,信道干扰,邻区提供更高吞吐,优化邻区关系和切换策略，降低强邻区抢占影响。,-78.453,7.618,872.21,207.326,25.8
RC_ID_1F2O8Z52C6,ID_1F2O8Z52C6,C7,信号中断/覆盖退化,车速超过 40 km/h 影响吞吐,结合高速移动场景优化移动性和覆盖连续性。,-86.484,20.926,601.206,197.562,31.1
RC_ID_EWCR6LCVI9,ID_EWCR6LCVI9,C7,信号中断/覆盖退化,车速超过 40 km/h 影响吞吐,结合高速移动场景优化移动性和覆盖连续性。,-80.482,10.324,878.543,195.344,33.5
RC_ID_ROII2GSKVR,ID_ROII2GSKVR,C3,信道干扰,邻区提供更高吞吐,优化邻区关系和切换策略，降低强邻区抢占影响。,-86.453,12.433,1059.289,210.815,21.2
RC_ID_7WBRGTBM8D,ID_7WBRGTBM8D,C2,信号中断/覆盖退化,服务小区覆盖距离超过 1 km，越区覆盖,检查越区覆盖，调整功率、方位角或切换边界。,-85.944,6.208,610.361,200.011,22.8
RC_ID_VQDED6NNDA,ID_VQDED6NNDA,C3,信道干扰,邻区提供更高吞吐,优化邻区关系和切换策略，降低强邻区抢占影响。,-79.508,12.101,778.481,206.616,16
RC_ID_OQNVF0WR78,ID_OQNVF0WR78,C4,信道干扰,非共站同频邻区导致严重重叠覆盖,处理同频重叠覆盖，优化频点、功率和覆盖边界。,-81.468,15.464,724.201,202.909,15.7
RC_ID_3MI67WX3AW,ID_3MI67WX3AW,C4,信道干扰,非共站同频邻区导致严重重叠覆盖,处理同频重叠覆盖，优化频点、功率和覆盖边界。,-85.873,21.799,629.779,200.125,15.9
RC_ID_ZRUWSR3TNG,ID_ZRUWSR3TNG,C6,信道干扰,邻区和服务小区 PCI mod 30 相同导致干扰,重新规划 PCI，消除 PCI mod 30 冲突。,-86.101,8.606,643.581,206.767,20.9
RC_ID_HZP4CJVUMC,ID_HZP4CJVUMC,C3,信道干扰,邻区提供更高吞吐,优化邻区关系和切换策略，降低强邻区抢占影响。,-79.125,8.149,713.646,189.291,18.8
RC_ID_RJ37NHBX8Q,ID_RJ37NHBX8Q,C5,基站故障,频繁切换降低性能,调整切换门限、迟滞和定时器，减少频繁切换。,-80.329,15.28,567.624,207.773,21.4
RC_ID_TQO4R07KR4,ID_TQO4R07KR4,C7,信号中断/覆盖退化,车速超过 40 km/h 影响吞吐,结合高速移动场景优化移动性和覆盖连续性。,-80.496,4.771,553.159,196.343,35.5
RC_ID_8T2423FMBD,ID_8T2423FMBD,C5,基站故障,频繁切换降低性能,调整切换门限、迟滞和定时器，减少频繁切换。,-81.336,4.393,749.774,209.254,14.3
RC_ID_MPZHRH4W8O,ID_MPZHRH4W8O,C2,信号中断/覆盖退化,服务小区覆盖距离超过 1 km，越区覆盖,检查越区覆盖，调整功率、方位角或切换边界。,-83.573,9.209,773.177,208.261,21.6
RC_ID_L3UEH9RLDE,ID_L3UEH9RLDE,C8,带宽不足,平均调度 RB 低于 160 影响吞吐,检查 RB 调度资源，评估扩容或负载均衡。,-83.588,18.514,1039.8,166.943,24.4
RC_ID_OXLE2XGSZ7,ID_OXLE2XGSZ7,C3,信道干扰,邻区提供更高吞吐,优化邻区关系和切换策略，降低强邻区抢占影响。,-84.764,10.193,828.018,210.471,17.9
RC_ID_I6T5W5QD6A,ID_I6T5W5QD6A,C8,带宽不足,平均调度 RB 低于 160 影响吞吐,检查 RB 调度资源，评估扩容或负载均衡。,-80.869,8.051,941.371,164.7085,21.3
RC_ID_C24F8T6VU4,ID_C24F8T6VU4,C3,信道干扰,邻区提供更高吞吐,优化邻区关系和切换策略，降低强邻区抢占影响。,-86.124,22.484,773.184,199.456,19.2
RC_ID_6XMREATCGX,ID_6XMREATCGX,C1,信号中断/覆盖退化,服务小区下倾角过大，远端弱覆盖,复核服务小区下倾角，优化远端覆盖。,-88.124,22.484,733.184,199.456,19.2
RC_ID_3DRU56JT3S,ID_3DRU56JT3S,C2,信号中断/覆盖退化,服务小区覆盖距离超过 1 km，越区覆盖,检查越区覆盖，调整功率、方位角或切换边界。,-81.516,6.677,1157.076,209.546,16.2
RC_ID_LWF6MDYO1E,ID_LWF6MDYO1E,C6,信道干扰,邻区和服务小区 PCI mod 30 相同导致干扰,重新规划 PCI，消除 PCI mod 30 冲突。,-78.423,8.525,747.947,204.725,21
RC_ID_PNOOPXXT78,ID_PNOOPXXT78,C7,信号中断/覆盖退化,车速超过 40 km/h 影响吞吐,结合高速移动场景优化移动性和覆盖连续性。,-83.279,9.915,771.956,204.18,37
RC_ID_HIQVNWSSS0,ID_HIQVNWSSS0,C1,信号中断/覆盖退化,服务小区下倾角过大，远端弱覆盖,复核服务小区下倾角，优化远端覆盖。,-86.533,17.023,1043.214,210.058,18.7
RC_ID_9TY6LFVQ62,ID_9TY6LFVQ62,C5,基站故障,频繁切换降低性能,调整切换门限、迟滞和定时器，减少频繁切换。,-79.125,8.149,673.646,189.291,18.8
RC_ID_AYBGBCFSD3,ID_AYBGBCFSD3,C5,基站故障,频繁切换降低性能,调整切换门限、迟滞和定时器，减少频繁切换。,-86.237,1.741,730.911,207.137,26.3
RC_ID_CQO7MG9RES,ID_CQO7MG9RES,C8,带宽不足,平均调度 RB 低于 160 影响吞吐,检查 RB 调度资源，评估扩容或负载均衡。,-80.788,28.484,769.091,165.709,16.8
RC_ID_BKWQVSZVJA,ID_BKWQVSZVJA,C7,信号中断/覆盖退化,车速超过 40 km/h 影响吞吐,结合高速移动场景优化移动性和覆盖连续性。,-84.652,9.847,720.851,206.402,36.9
RC_ID_KM4SIPV54Z,ID_KM4SIPV54Z,C1,信号中断/覆盖退化,服务小区下倾角过大，远端弱覆盖,复核服务小区下倾角，优化远端覆盖。,-83.69,17.033,816.786,207.167,11.4
RC_ID_74YR5U3EMC,ID_74YR5U3EMC,C8,带宽不足,平均调度 RB 低于 160 影响吞吐,检查 RB 调度资源，评估扩容或负载均衡。,-83.796,3.05,596.576,162.0215,9
RC_ID_4ZX5RXTPJB,ID_4ZX5RXTPJB,C6,信道干扰,邻区和服务小区 PCI mod 30 相同导致干扰,重新规划 PCI，消除 PCI mod 30 冲突。,-86.868,27.317,765.626,210.747,25.7
RC_ID_WQHPWY7OL6,ID_WQHPWY7OL6,C4,信道干扰,非共站同频邻区导致严重重叠覆盖,处理同频重叠覆盖，优化频点、功率和覆盖边界。,-79.355,12.058,847.792,207.317,17.4
RC_ID_ZWTSMSP2GD,ID_ZWTSMSP2GD,C5,基站故障,频繁切换降低性能,调整切换门限、迟滞和定时器，减少频繁切换。,-82.252,14.702,824.852,209.022,19.7
RC_ID_DJBHNFSQVO,ID_DJBHNFSQVO,C1,信号中断/覆盖退化,服务小区下倾角过大，远端弱覆盖,复核服务小区下倾角，优化远端覆盖。,-85.455,7.245,625.553,193.219,21.2
RC_ID_9ZF2EY487A,ID_9ZF2EY487A,C5,基站故障,频繁切换降低性能,调整切换门限、迟滞和定时器，减少频繁切换。,-75.092,11.474,720.12,202.447,21.5
RC_ID_UILTJCH9A3,ID_UILTJCH9A3,C4,信道干扰,非共站同频邻区导致严重重叠覆盖,处理同频重叠覆盖，优化频点、功率和覆盖边界。,-79.62,8.049,641.856,207.212,24.1
RC_ID_WB95HOX2FV,ID_WB95HOX2FV,C2,信号中断/覆盖退化,服务小区覆盖距离超过 1 km，越区覆盖,检查越区覆盖，调整功率、方位角或切换边界。,-75.709,6.382,722.88,202.13,16.6
RC_ID_5LCXKKDFZE,ID_5LCXKKDFZE,C7,信号中断/覆盖退化,车速超过 40 km/h 影响吞吐,结合高速移动场景优化移动性和覆盖连续性。,-85.541,21.489,1014.869,211.188,33.7
RC_ID_R556VZ4TMH,ID_R556VZ4TMH,C3,信道干扰,邻区提供更高吞吐,优化邻区关系和切换策略，降低强邻区抢占影响。,-83.471,10.513,692.939,195.005,16.8
RC_ID_XYN0RFDTYR,ID_XYN0RFDTYR,C1,信号中断/覆盖退化,服务小区下倾角过大，远端弱覆盖,复核服务小区下倾角，优化远端覆盖。,-81.323,5.707,668.293,204.085,16.4
RC_ID_J07WPVILW3,ID_J07WPVILW3,C7,信号中断/覆盖退化,车速超过 40 km/h 影响吞吐,结合高速移动场景优化移动性和覆盖连续性。,-79.07,4.512,614.549,208.269,41.5
RC_ID_QSI5N4HIYQ,ID_QSI5N4HIYQ,C6,信道干扰,邻区和服务小区 PCI mod 30 相同导致干扰,重新规划 PCI，消除 PCI mod 30 冲突。,-85.108,17.967,674.332,208.236,17.7
RC_ID_E0YBW87CJ0,ID_E0YBW87CJ0,C2,信号中断/覆盖退化,服务小区覆盖距离超过 1 km，越区覆盖,检查越区覆盖，调整功率、方位角或切换边界。,-76.193,11.341,680.918,205.123,23.1
RC_ID_P73W5RPIMT,ID_P73W5RPIMT,C3,信道干扰,邻区提供更高吞吐,优化邻区关系和切换策略，降低强邻区抢占影响。,-84.784,18.006,979.314,211.216,18.1
RC_ID_6HMR22MEPD,ID_6HMR22MEPD,C2,信号中断/覆盖退化,服务小区覆盖距离超过 1 km，越区覆盖,检查越区覆盖，调整功率、方位角或切换边界。,-87.018,20.55,562.341,199.74,17.8
RC_ID_9B8SCQY0XG,ID_9B8SCQY0XG,C5,基站故障,频繁切换降低性能,调整切换门限、迟滞和定时器，减少频繁切换。,-82.5,2.396,651.305,202.278,23.6
RC_ID_KSA7BFL3HA,ID_KSA7BFL3HA,C4,信道干扰,非共站同频邻区导致严重重叠覆盖,处理同频重叠覆盖，优化频点、功率和覆盖边界。,-84.772,13.496,675.489,207.369,15.2
RC_ID_LGCFT0WXL5,ID_LGCFT0WXL5,C5,基站故障,频繁切换降低性能,调整切换门限、迟滞和定时器，减少频繁切换。,-84.663,5.5,676.208,203.359,23.1
RC_ID_WRHS0O7P9I,ID_WRHS0O7P9I,C4,信道干扰,非共站同频邻区导致严重重叠覆盖,处理同频重叠覆盖，优化频点、功率和覆盖边界。,-81.614,11.942,1123.845,204.858,25.8
RC_ID_NXF081BYTC,ID_NXF081BYTC,C7,信号中断/覆盖退化,车速超过 40 km/h 影响吞吐,结合高速移动场景优化移动性和覆盖连续性。,-82.5,2.396,651.305,202.278,39.6
RC_ID_7PBW5BF2I5,ID_7PBW5BF2I5,C3,信道干扰,邻区提供更高吞吐,优化邻区关系和切换策略，降低强邻区抢占影响。,-83.746,11.675,718.067,199.041,21.9
RC_ID_WKBA76GAYS,ID_WKBA76GAYS,C7,信号中断/覆盖退化,车速超过 40 km/h 影响吞吐,结合高速移动场景优化移动性和覆盖连续性。,-78.654,11.049,702.967,207.088,36.2
RC_ID_5K5NGZF870,ID_5K5NGZF870,C5,基站故障,频繁切换降低性能,调整切换门限、迟滞和定时器，减少频繁切换。,-84.907,6.638,739.23,207.689,22.9
RC_ID_KOVNO3Z8U5,ID_KOVNO3Z8U5,C5,基站故障,频繁切换降低性能,调整切换门限、迟滞和定时器，减少频繁切换。,-83.016,9.176,712.709,206.745,25.1
RC_ID_2NJILSB8CJ,ID_2NJILSB8CJ,C4,信道干扰,非共站同频邻区导致严重重叠覆盖,处理同频重叠覆盖，优化频点、功率和覆盖边界。,-76.172,9.801,698.886,196.251,26.2
RC_ID_D4WHO5312F,ID_D4WHO5312F,C8,带宽不足,平均调度 RB 低于 160 影响吞吐,检查 RB 调度资源，评估扩容或负载均衡。,-79.62,8.049,641.856,166.264,24.1
RC_ID_4DNCSZL7FY,ID_4DNCSZL7FY,C8,带宽不足,平均调度 RB 低于 160 影响吞吐,检查 RB 调度资源，评估扩容或负载均衡。,-84.745,6.384,730.106,164.1915,19.1
RC_ID_FY7H2WG5B5,ID_FY7H2WG5B5,C1,信号中断/覆盖退化,服务小区下倾角过大，远端弱覆盖,复核服务小区下倾角，优化远端覆盖。,-81.016,10.008,789.406,195.452,21.4
RC_ID_R5EFE9OBXV,ID_R5EFE9OBXV,C2,信号中断/覆盖退化,服务小区覆盖距离超过 1 km，越区覆盖,检查越区覆盖，调整功率、方位角或切换边界。,-84.881,8.869,563.428,206.472,16
RC_ID_BDRC3P7RKZ,ID_BDRC3P7RKZ,C2,信号中断/覆盖退化,服务小区覆盖距离超过 1 km，越区覆盖,检查越区覆盖，调整功率、方位角或切换边界。,-80.904,7.801,579.148,205.833,22.5
RC_ID_RRVBB60JY2,ID_RRVBB60JY2,C6,信道干扰,邻区和服务小区 PCI mod 30 相同导致干扰,重新规划 PCI，消除 PCI mod 30 冲突。,-81.319,9.228,716.488,206.208,16.6
RC_ID_JU5HXDV8PC,ID_JU5HXDV8PC,C1,信号中断/覆盖退化,服务小区下倾角过大，远端弱覆盖,复核服务小区下倾角，优化远端覆盖。,-86.811,5.908,628.991,199.476,21.8
RC_ID_01YVAKPBG4,ID_01YVAKPBG4,C2,信号中断/覆盖退化,服务小区覆盖距离超过 1 km，越区覆盖,检查越区覆盖，调整功率、方位角或切换边界。,-76.869,9.35,682.406,187.789,25.2
RC_ID_0Z69LZ2O3Z,ID_0Z69LZ2O3Z,C1,信号中断/覆盖退化,服务小区下倾角过大，远端弱覆盖,复核服务小区下倾角，优化远端覆盖。,-85.39,7.704,659.289,206.821,17.2
RC_ID_1WQ15SRRSV,ID_1WQ15SRRSV,C3,信道干扰,邻区提供更高吞吐,优化邻区关系和切换策略，降低强邻区抢占影响。,-87.302,14.041,1121.132,211.023,20.1
RC_ID_L6T63DWYMG,ID_L6T63DWYMG,C2,信号中断/覆盖退化,服务小区覆盖距离超过 1 km，越区覆盖,检查越区覆盖，调整功率、方位角或切换边界。,-80.798,13.488,685.832,205.456,18.3
RC_ID_I48S4IYBZQ,ID_I48S4IYBZQ,C4,信道干扰,非共站同频邻区导致严重重叠覆盖,处理同频重叠覆盖，优化频点、功率和覆盖边界。,-85.166,12.788,545.469,199.645,19
RC_ID_H5TDGBGZGW,ID_H5TDGBGZGW,C3,信道干扰,邻区提供更高吞吐,优化邻区关系和切换策略，降低强邻区抢占影响。,-85.889,22.399,674.862,198.663,18.2
RC_ID_ISLGKVCCAU,ID_ISLGKVCCAU,C1,信号中断/覆盖退化,服务小区下倾角过大，远端弱覆盖,复核服务小区下倾角，优化远端覆盖。,-80.771,18.54,791.153,205.882,24.4
RC_ID_LI6VMFM1VG,ID_LI6VMFM1VG,C4,信道干扰,非共站同频邻区导致严重重叠覆盖,处理同频重叠覆盖，优化频点、功率和覆盖边界。,-83.669,6.373,570.592,205.076,15.3
RC_ID_4U70K20UJ9,ID_4U70K20UJ9,C4,信道干扰,非共站同频邻区导致严重重叠覆盖,处理同频重叠覆盖，优化频点、功率和覆盖边界。,-76.221,5.799,584.602,200.359,20.9
RC_ID_R7ECN3SQYB,ID_R7ECN3SQYB,C3,信道干扰,邻区提供更高吞吐,优化邻区关系和切换策略，降低强邻区抢占影响。,-87.753,20.266,774.174,208.922,22.4
RC_ID_RWKSAOPQQB,ID_RWKSAOPQQB,C2,信号中断/覆盖退化,服务小区覆盖距离超过 1 km，越区覆盖,检查越区覆盖，调整功率、方位角或切换边界。,-86.477,12.978,550.856,196.647,19.4
RC_ID_TFTLU6UL5I,ID_TFTLU6UL5I,C3,信道干扰,邻区提供更高吞吐,优化邻区关系和切换策略，降低强邻区抢占影响。,-86.712,5.66,650.332,207.011,16.9
RC_ID_C9XEECUPI5,ID_C9XEECUPI5,C7,信号中断/覆盖退化,车速超过 40 km/h 影响吞吐,结合高速移动场景优化移动性和覆盖连续性。,-84.395,8.788,926.541,209.127,35.9
RC_ID_31QXRR15UV,ID_31QXRR15UV,C3,信道干扰,邻区提供更高吞吐,优化邻区关系和切换策略，降低强邻区抢占影响。,-86.968,24.967,700.17,207.55,13
RC_ID_T32HAJ2VTX,ID_T32HAJ2VTX,C2,信号中断/覆盖退化,服务小区覆盖距离超过 1 km，越区覆盖,检查越区覆盖，调整功率、方位角或切换边界。,-82.106,2.243,602.226,204.239,16.9
RC_ID_L4P6D7D6RG,ID_L4P6D7D6RG,C5,基站故障,频繁切换降低性能,调整切换门限、迟滞和定时器，减少频繁切换。,-80.482,10.324,878.543,195.344,17.5
RC_ID_CLAI33K3GM,ID_CLAI33K3GM,C3,信道干扰,邻区提供更高吞吐,优化邻区关系和切换策略，降低强邻区抢占影响。,-84.47,3.209,1174.975,203.801,16.6
RC_ID_WWR4Z1GOPQ,ID_WWR4Z1GOPQ,C5,基站故障,频繁切换降低性能,调整切换门限、迟滞和定时器，减少频繁切换。,-83.069,2.448,514.677,206.698,23.5
RC_ID_POLH0JEEBC,ID_POLH0JEEBC,C3,信道干扰,邻区提供更高吞吐,优化邻区关系和切换策略，降低强邻区抢占影响。,-82.035,8.22,782.545,203.289,19.9
RC_ID_8UNXQVT96F,ID_8UNXQVT96F,C2,信号中断/覆盖退化,服务小区覆盖距离超过 1 km，越区覆盖,检查越区覆盖，调整功率、方位角或切换边界。,-78.635,12.561,682.417,198.074,24.9
RC_ID_SXATP9YY06,ID_SXATP9YY06,C4,信道干扰,非共站同频邻区导致严重重叠覆盖,处理同频重叠覆盖，优化频点、功率和覆盖边界。,-85.727,11.351,664.302,210.191,19.2
RC_ID_DR66V82PQW,ID_DR66V82PQW,C7,信号中断/覆盖退化,车速超过 40 km/h 影响吞吐,结合高速移动场景优化移动性和覆盖连续性。,-75.912,7.647,836.87,207.376,36.5
RC_ID_QD1D4DKNX2,ID_QD1D4DKNX2,C7,信号中断/覆盖退化,车速超过 40 km/h 影响吞吐,结合高速移动场景优化移动性和覆盖连续性。,-79.061,15.24,709.568,206.798,35.4
RC_ID_NM38Q3EC1Z,ID_NM38Q3EC1Z,C8,带宽不足,平均调度 RB 低于 160 影响吞吐,检查 RB 调度资源，评估扩容或负载均衡。,-84.96,0.419,746.006,165.1265,14
RC_ID_MYC3X5NUNS,ID_MYC3X5NUNS,C3,信道干扰,邻区提供更高吞吐,优化邻区关系和切换策略，降低强邻区抢占影响。,-79.779,4.4,557.701,206.171,10
RC_ID_IY9EX8U5QL,ID_IY9EX8U5QL,C2,信号中断/覆盖退化,服务小区覆盖距离超过 1 km，越区覆盖,检查越区覆盖，调整功率、方位角或切换边界。,-77.823,5.707,668.293,204.085,16.4
RC_ID_5NSUEESFP5,ID_5NSUEESFP5,C5,基站故障,频繁切换降低性能,调整切换门限、迟滞和定时器，减少频繁切换。,-86.496,19.066,976.464,208.737,15.6
RC_ID_GK75BQ2P4V,ID_GK75BQ2P4V,C6,信道干扰,邻区和服务小区 PCI mod 30 相同导致干扰,重新规划 PCI，消除 PCI mod 30 冲突。,-85.921,15.846,975.547,211.006,23.5
RC_ID_OGU7PTKHJD,ID_OGU7PTKHJD,C7,信号中断/覆盖退化,车速超过 40 km/h 影响吞吐,结合高速移动场景优化移动性和覆盖连续性。,-83.796,3.05,596.576,200.702,25
RC_ID_ZMM83VJL2T,ID_ZMM83VJL2T,C7,信号中断/覆盖退化,车速超过 40 km/h 影响吞吐,结合高速移动场景优化移动性和覆盖连续性。,-83.65,5.985,584.501,207.914,37.5
RC_ID_V33I7V8USC,ID_V33I7V8USC,C4,信道干扰,非共站同频邻区导致严重重叠覆盖,处理同频重叠覆盖，优化频点、功率和覆盖边界。,-81.063,11.878,686.453,208.342,17.3
RC_ID_SPESXITUML,ID_SPESXITUML,C1,信号中断/覆盖退化,服务小区下倾角过大，远端弱覆盖,复核服务小区下倾角，优化远端覆盖。,-73.903,18.25,767.827,202.343,23.7
RC_ID_E11A8IXFYM,ID_E11A8IXFYM,C2,信号中断/覆盖退化,服务小区覆盖距离超过 1 km，越区覆盖,检查越区覆盖，调整功率、方位角或切换边界。,-86.086,21.876,726.899,193.751,18.5
RC_ID_E1QBWLCY5C,ID_E1QBWLCY5C,C3,信道干扰,邻区提供更高吞吐,优化邻区关系和切换策略，降低强邻区抢占影响。,-85.82,22.441,743.671,198.871,21.6
RC_ID_NY6FKPQ91T,ID_NY6FKPQ91T,C1,信号中断/覆盖退化,服务小区下倾角过大，远端弱覆盖,复核服务小区下倾角，优化远端覆盖。,-87.996,19.066,976.464,208.737,15.6
RC_ID_BKF4OUJSKE,ID_BKF4OUJSKE,C2,信号中断/覆盖退化,服务小区覆盖距离超过 1 km，越区覆盖,检查越区覆盖，调整功率、方位角或切换边界。,-79.219,10.873,716.574,203.469,17.6
RC_ID_5UM7GKPJJA,ID_5UM7GKPJJA,C8,带宽不足,平均调度 RB 低于 160 影响吞吐,检查 RB 调度资源，评估扩容或负载均衡。,-85.019,7.168,608.769,154.568,25.3
RC_ID_U7OZQDQ6T4,ID_U7OZQDQ6T4,C5,基站故障,频繁切换降低性能,调整切换门限、迟滞和定时器，减少频繁切换。,-80.206,17.739,926.353,204.469,21
RC_ID_JN2AMCHRXC,ID_JN2AMCHRXC,C8,带宽不足,平均调度 RB 低于 160 影响吞吐,检查 RB 调度资源，评估扩容或负载均衡。,-82.578,10.668,670.887,164.902,21.6
RC_ID_2B8RJXT0SF,ID_2B8RJXT0SF,C8,带宽不足,平均调度 RB 低于 160 影响吞吐,检查 RB 调度资源，评估扩容或负载均衡。,-86.496,19.066,976.464,166.64,15.6
RC_ID_CY1V7U0YRR,ID_CY1V7U0YRR,C8,带宽不足,平均调度 RB 低于 160 影响吞吐,检查 RB 调度资源，评估扩容或负载均衡。,-84.772,13.496,675.489,166.5905,15.2
RC_ID_TKFKLECFYL,ID_TKFKLECFYL,C2,信号中断/覆盖退化,服务小区覆盖距离超过 1 km，越区覆盖,检查越区覆盖，调整功率、方位角或切换边界。,-82.708,9.801,961.856,209.372,14.5
RC_ID_W7RFYDGAK5,ID_W7RFYDGAK5,C8,带宽不足,平均调度 RB 低于 160 影响吞吐,检查 RB 调度资源，评估扩容或负载均衡。,-77.339,9.651,872.117,163.765,17.1
RC_ID_LN5HZF5U23,ID_LN5HZF5U23,C7,信号中断/覆盖退化,车速超过 40 km/h 影响吞吐,结合高速移动场景优化移动性和覆盖连续性。,-81.468,15.464,724.201,202.909,31.7
RC_ID_DKORQLU6BO,ID_DKORQLU6BO,C1,信号中断/覆盖退化,服务小区下倾角过大，远端弱覆盖,复核服务小区下倾角，优化远端覆盖。,-90.246,22.327,644.153,202.719,21.1
RC_ID_8XVYB70QGL,ID_8XVYB70QGL,C8,带宽不足,平均调度 RB 低于 160 影响吞吐,检查 RB 调度资源，评估扩容或负载均衡。,-83.902,18.669,791.192,164.834,20.9
RC_ID_142F87F8GK,ID_142F87F8GK,C5,基站故障,频繁切换降低性能,调整切换门限、迟滞和定时器，减少频繁切换。,-83.014,17.466,1000.05,211.184,17.2
RC_ID_V0QS10V082,ID_V0QS10V082,C6,信道干扰,邻区和服务小区 PCI mod 30 相同导致干扰,重新规划 PCI，消除 PCI mod 30 冲突。,-87.201,26.091,1034.038,207.945,17.3
RC_ID_QY3PGVCD11,ID_QY3PGVCD11,C5,基站故障,频繁切换降低性能,调整切换门限、迟滞和定时器，减少频繁切换。,-85.972,15.074,930.5,210.639,19.4
RC_ID_9BJFW80OOP,ID_9BJFW80OOP,C2,信号中断/覆盖退化,服务小区覆盖距离超过 1 km，越区覆盖,检查越区覆盖，调整功率、方位角或切换边界。,-87.842,24.877,592.213,200.214,20.7
RC_ID_WN5YHB3F1Q,ID_WN5YHB3F1Q,C7,信号中断/覆盖退化,车速超过 40 km/h 影响吞吐,结合高速移动场景优化移动性和覆盖连续性。,-81.542,11.217,850.051,208.43,34.5
RC_ID_9S50MWPIL0,ID_9S50MWPIL0,C2,信号中断/覆盖退化,服务小区覆盖距离超过 1 km，越区覆盖,检查越区覆盖，调整功率、方位角或切换边界。,-80.145,8.104,605.136,203.958,13.1
RC_ID_799BA4RVA0,ID_799BA4RVA0,C2,信号中断/覆盖退化,服务小区覆盖距离超过 1 km，越区覆盖,检查越区覆盖，调整功率、方位角或切换边界。,-86.069,20.49,586.152,206.223,15.3
RC_ID_9X3L9NA7RF,ID_9X3L9NA7RF,C1,信号中断/覆盖退化,服务小区下倾角过大，远端弱覆盖,复核服务小区下倾角，优化远端覆盖。,-90.253,20.266,734.174,208.922,22.4
RC_ID_ZHLQ6CL1BW,ID_ZHLQ6CL1BW,C8,带宽不足,平均调度 RB 低于 160 影响吞吐,检查 RB 调度资源，评估扩容或负载均衡。,-83.725,16.593,894.73,167.5065,24.3
RC_ID_PJ5RKGU22K,ID_PJ5RKGU22K,C2,信号中断/覆盖退化,服务小区覆盖距离超过 1 km，越区覆盖,检查越区覆盖，调整功率、方位角或切换边界。,-87.514,20.487,912.714,209.57,21.1
RC_ID_JC1POIXNHT,ID_JC1POIXNHT,C8,带宽不足,平均调度 RB 低于 160 影响吞吐,检查 RB 调度资源，评估扩容或负载均衡。,-80.762,8.207,834.292,166.0335,21.2
RC_ID_E1XIDVCV5J,ID_E1XIDVCV5J,C7,信号中断/覆盖退化,车速超过 40 km/h 影响吞吐,结合高速移动场景优化移动性和覆盖连续性。,-84.909,11.824,665.507,210.472,35.5
RC_ID_BB3PJ3PG5Z,ID_BB3PJ3PG5Z,C6,信道干扰,邻区和服务小区 PCI mod 30 相同导致干扰,重新规划 PCI，消除 PCI mod 30 冲突。,-81.996,5.849,1000.626,207.458,16.9
RC_ID_4VWLNZHAQA,ID_4VWLNZHAQA,C4,信道干扰,非共站同频邻区导致严重重叠覆盖,处理同频重叠覆盖，优化频点、功率和覆盖边界。,-84.395,8.788,926.541,209.127,19.9
RC_ID_KZHJRFWUFI,ID_KZHJRFWUFI,C3,信道干扰,邻区提供更高吞吐,优化邻区关系和切换策略，降低强邻区抢占影响。,-83.107,11.405,892.806,208.129,22.2
RC_ID_3SVYXO9G3X,ID_3SVYXO9G3X,C5,基站故障,频繁切换降低性能,调整切换门限、迟滞和定时器，减少频繁切换。,-85.166,12.788,545.469,199.645,19
RC_ID_8ZMEV1ZBOE,ID_8ZMEV1ZBOE,C4,信道干扰,非共站同频邻区导致严重重叠覆盖,处理同频重叠覆盖，优化频点、功率和覆盖边界。,-85.541,21.489,1014.869,211.188,17.7
RC_ID_I54DUSU9UW,ID_I54DUSU9UW,C8,带宽不足,平均调度 RB 低于 160 影响吞吐,检查 RB 调度资源，评估扩容或负载均衡。,-86.476,15.108,579.516,163.399,15.8
RC_ID_68RGYAEXRZ,ID_68RGYAEXRZ,C6,信道干扰,邻区和服务小区 PCI mod 30 相同导致干扰,重新规划 PCI，消除 PCI mod 30 冲突。,-88.027,25.5,657.777,206.009,23.2
RC_ID_97LJDF1AOX,ID_97LJDF1AOX,C8,带宽不足,平均调度 RB 低于 160 影响吞吐,检查 RB 调度资源，评估扩容或负载均衡。,-83.585,3.117,634.395,166.9885,14.2
RC_ID_EW5K00SRE5,ID_EW5K00SRE5,C1,信号中断/覆盖退化,服务小区下倾角过大，远端弱覆盖,复核服务小区下倾角，优化远端覆盖。,-85.585,3.117,634.395,209.01,14.2
RC_ID_DAQP8R47CA,ID_DAQP8R47CA,C3,信道干扰,邻区提供更高吞吐,优化邻区关系和切换策略，降低强邻区抢占影响。,-81.896,5.776,681.042,202.379,19.1
RC_ID_MX36D43BEG,ID_MX36D43BEG,C2,信号中断/覆盖退化,服务小区覆盖距离超过 1 km，越区覆盖,检查越区覆盖，调整功率、方位角或切换边界。,-81.881,13.581,690.047,203.066,25.4
RC_ID_892P2YXGMY,ID_892P2YXGMY,C7,信号中断/覆盖退化,车速超过 40 km/h 影响吞吐,结合高速移动场景优化移动性和覆盖连续性。,-86.385,22.681,892.412,209.431,34.2
RC_ID_HT22VXUBZI,ID_HT22VXUBZI,C1,信号中断/覆盖退化,服务小区下倾角过大，远端弱覆盖,复核服务小区下倾角，优化远端覆盖。,-88.666,12.788,545.469,199.645,19
RC_ID_R52GHJ6U6P,ID_R52GHJ6U6P,C3,信道干扰,邻区提供更高吞吐,优化邻区关系和切换策略，降低强邻区抢占影响。,-82.527,24.861,902.827,202.004,10.3
RC_ID_MDBYN4TH9Z,ID_MDBYN4TH9Z,C1,信号中断/覆盖退化,服务小区下倾角过大，远端弱覆盖,复核服务小区下倾角，优化远端覆盖。,-84.238,19.812,732.035,210.848,19.6
RC_ID_P2DYOZ7869,ID_P2DYOZ7869,C4,信道干扰,非共站同频邻区导致严重重叠覆盖,处理同频重叠覆盖，优化频点、功率和覆盖边界。,-82.137,15.141,946.087,203.585,17.8
RC_ID_ITWWVYD30B,ID_ITWWVYD30B,C6,信道干扰,邻区和服务小区 PCI mod 30 相同导致干扰,重新规划 PCI，消除 PCI mod 30 冲突。,-83.279,9.915,771.956,204.18,21
RC_ID_NGDDTY1ATZ,ID_NGDDTY1ATZ,C3,信道干扰,邻区提供更高吞吐,优化邻区关系和切换策略，降低强邻区抢占影响。,-81.542,11.217,890.051,208.43,18.5
RC_ID_320W88ORSU,ID_320W88ORSU,C3,信道干扰,邻区提供更高吞吐,优化邻区关系和切换策略，降低强邻区抢占影响。,-83.808,6.262,750.642,205.221,20.8
RC_ID_GWO512EZK2,ID_GWO512EZK2,C3,信道干扰,邻区提供更高吞吐,优化邻区关系和切换策略，降低强邻区抢占影响。,-73.719,8.165,571.044,192.809,21.2
RC_ID_H7K7GA1FJJ,ID_H7K7GA1FJJ,C4,信道干扰,非共站同频邻区导致严重重叠覆盖,处理同频重叠覆盖，优化频点、功率和覆盖边界。,-86.072,14.998,749.721,200.473,22
RC_ID_W8A4TQ7R6K,ID_W8A4TQ7R6K,C2,信号中断/覆盖退化,服务小区覆盖距离超过 1 km，越区覆盖,检查越区覆盖，调整功率、方位角或切换边界。,-81.336,4.393,749.774,209.254,14.3
RC_ID_KEZVYSZE5D,ID_KEZVYSZE5D,C4,信道干扰,非共站同频邻区导致严重重叠覆盖,处理同频重叠覆盖，优化频点、功率和覆盖边界。,-85.483,22.556,583.062,194.466,19.7
RC_ID_V2P18XZE82,ID_V2P18XZE82,C6,信道干扰,邻区和服务小区 PCI mod 30 相同导致干扰,重新规划 PCI，消除 PCI mod 30 冲突。,-85.859,21.8,622.746,203.884,25.1
RC_ID_TLU4OGWQSG,ID_TLU4OGWQSG,C6,信道干扰,邻区和服务小区 PCI mod 30 相同导致干扰,重新规划 PCI，消除 PCI mod 30 冲突。,-79.508,12.101,738.481,206.616,16
RC_ID_7Y74CG2K36,ID_7Y74CG2K36,C3,信道干扰,邻区提供更高吞吐,优化邻区关系和切换策略，降低强邻区抢占影响。,-77.594,2.995,717.913,199.551,17.5
RC_ID_HU7M3P8JIF,ID_HU7M3P8JIF,C3,信道干扰,邻区提供更高吞吐,优化邻区关系和切换策略，降低强邻区抢占影响。,-85.541,21.489,1054.869,211.188,17.7
RC_ID_ZOJDLI4PTJ,ID_ZOJDLI4PTJ,C3,信道干扰,邻区提供更高吞吐,优化邻区关系和切换策略，降低强邻区抢占影响。,-81.644,10.623,656.166,206.803,18.8
RC_ID_U3XAD0F4YW,ID_U3XAD0F4YW,C3,信道干扰,邻区提供更高吞吐,优化邻区关系和切换策略，降低强邻区抢占影响。,-77.771,18.54,831.153,205.882,24.4
RC_ID_5WQG0V2TOC,ID_5WQG0V2TOC,C8,带宽不足,平均调度 RB 低于 160 影响吞吐,检查 RB 调度资源，评估扩容或负载均衡。,-86.557,13.4,1103.026,168.439,15.9
RC_ID_I5Y90BKPRT,ID_I5Y90BKPRT,C5,基站故障,频繁切换降低性能,调整切换门限、迟滞和定时器，减少频繁切换。,-78.453,7.618,832.21,207.326,25.8
RC_ID_12YOMV0TJ1,ID_12YOMV0TJ1,C4,信道干扰,非共站同频邻区导致严重重叠覆盖,处理同频重叠覆盖，优化频点、功率和覆盖边界。,-78.868,14.143,826.737,205.485,20.7
RC_ID_3POCLJQCWH,ID_3POCLJQCWH,C8,带宽不足,平均调度 RB 低于 160 影响吞吐,检查 RB 调度资源，评估扩容或负载均衡。,-78.635,12.561,682.417,158.625,24.9
RC_ID_XH3WWZBRFA,ID_XH3WWZBRFA,C3,信道干扰,邻区提供更高吞吐,优化邻区关系和切换策略，降低强邻区抢占影响。,-77.823,5.707,708.293,204.085,16.4
RC_ID_O3Z1LTLAMJ,ID_O3Z1LTLAMJ,C1,信号中断/覆盖退化,服务小区下倾角过大，远端弱覆盖,复核服务小区下倾角，优化远端覆盖。,-85.295,8.577,932.424,201.127,23.4
RC_ID_1J9OUP8BJ0,ID_1J9OUP8BJ0,C7,信号中断/覆盖退化,车速超过 40 km/h 影响吞吐,结合高速移动场景优化移动性和覆盖连续性。,-83.896,18.042,854.066,205.304,32.2
RC_ID_XT68QBKYXD,ID_XT68QBKYXD,C6,信道干扰,邻区和服务小区 PCI mod 30 相同导致干扰,重新规划 PCI，消除 PCI mod 30 冲突。,-86.237,1.741,730.911,207.137,26.3
RC_ID_N54WTM6437,ID_N54WTM6437,C1,信号中断/覆盖退化,服务小区下倾角过大，远端弱覆盖,复核服务小区下倾角，优化远端覆盖。,-83.22,8.478,644.22,210.169,21.9
RC_ID_3F256H9ZR8,ID_3F256H9ZR8,C8,带宽不足,平均调度 RB 低于 160 影响吞吐,检查 RB 调度资源，评估扩容或负载均衡。,-84.242,17.615,983.36,164.574,17.9
RC_ID_WF80WYJWX2,ID_WF80WYJWX2,C6,信道干扰,邻区和服务小区 PCI mod 30 相同导致干扰,重新规划 PCI，消除 PCI mod 30 冲突。,-81.69,12.057,740.029,210.15,22.3
RC_ID_CW60JTHSBE,ID_CW60JTHSBE,C5,基站故障,频繁切换降低性能,调整切换门限、迟滞和定时器，减少频繁切换。,-86.404,20.638,739.002,201.644,22.2
RC_ID_283XFL3I1E,ID_283XFL3I1E,C2,信号中断/覆盖退化,服务小区覆盖距离超过 1 km，越区覆盖,检查越区覆盖，调整功率、方位角或切换边界。,-69.388,4.254,677.069,203.497,19.2
RC_ID_E3D5ONNLAA,ID_E3D5ONNLAA,C7,信号中断/覆盖退化,车速超过 40 km/h 影响吞吐,结合高速移动场景优化移动性和覆盖连续性。,-84.255,1.336,998.98,202.621,33.5
RC_ID_BMTTJ9KN17,ID_BMTTJ9KN17,C6,信道干扰,邻区和服务小区 PCI mod 30 相同导致干扰,重新规划 PCI，消除 PCI mod 30 冲突。,-80.219,11.883,690.44,199.998,24.2
RC_ID_3QF1QG1TNB,ID_3QF1QG1TNB,C2,信号中断/覆盖退化,服务小区覆盖距离超过 1 km，越区覆盖,检查越区覆盖，调整功率、方位角或切换边界。,-83.627,17.571,1026.954,211.318,20.2
RC_ID_W8EZA66HXZ,ID_W8EZA66HXZ,C7,信号中断/覆盖退化,车速超过 40 km/h 影响吞吐,结合高速移动场景优化移动性和覆盖连续性。,-84.379,13.434,1137.359,209.29,40.3
RC_ID_G91KONEC6N,ID_G91KONEC6N,C4,信道干扰,非共站同频邻区导致严重重叠覆盖,处理同频重叠覆盖，优化频点、功率和覆盖边界。,-83.342,9.242,660.272,207.177,19.3
RC_ID_UES1HWN1PO,ID_UES1HWN1PO,C3,信道干扰,邻区提供更高吞吐,优化邻区关系和切换策略，降低强邻区抢占影响。,-80.384,21.3,896.487,203.252,16.7
RC_ID_8O250SRTPC,ID_8O250SRTPC,C8,带宽不足,平均调度 RB 低于 160 影响吞吐,检查 RB 调度资源，评估扩容或负载均衡。,-79.907,5.707,746.389,165.4745,23.1
RC_ID_H5MZI5Z11C,ID_H5MZI5Z11C,C3,信道干扰,邻区提供更高吞吐,优化邻区关系和切换策略，降低强邻区抢占影响。,-84.522,7.411,1152.746,208.063,20.3
RC_ID_MSN7CH5PAX,ID_MSN7CH5PAX,C2,信号中断/覆盖退化,服务小区覆盖距离超过 1 km，越区覆盖,检查越区覆盖，调整功率、方位角或切换边界。,-86.385,22.681,892.412,209.431,18.2
RC_ID_66SV1CRPOH,ID_66SV1CRPOH,C7,信号中断/覆盖退化,车速超过 40 km/h 影响吞吐,结合高速移动场景优化移动性和覆盖连续性。,-83.876,7.123,624.92,204.915,41.5
RC_ID_Z9VY3D7G8B,ID_Z9VY3D7G8B,C1,信号中断/覆盖退化,服务小区下倾角过大，远端弱覆盖,复核服务小区下倾角，优化远端覆盖。,-84.668,11.265,1120.954,204.78,17.5
RC_ID_9G1LWOSEUT,ID_9G1LWOSEUT,C6,信道干扰,邻区和服务小区 PCI mod 30 相同导致干扰,重新规划 PCI，消除 PCI mod 30 冲突。,-82.665,4.645,874.059,198.369,18.9
RC_ID_C93IW1SRUV,ID_C93IW1SRUV,C4,信道干扰,非共站同频邻区导致严重重叠覆盖,处理同频重叠覆盖，优化频点、功率和覆盖边界。,-83.736,19.695,956.203,204.15,16.9
RC_ID_XXQP8LSMTU,ID_XXQP8LSMTU,C6,信道干扰,邻区和服务小区 PCI mod 30 相同导致干扰,重新规划 PCI，消除 PCI mod 30 冲突。,-83.036,20.231,810.476,202.603,19.8
RC_ID_IMIK3RBA2H,ID_IMIK3RBA2H,C2,信号中断/覆盖退化,服务小区覆盖距离超过 1 km，越区覆盖,检查越区覆盖，调整功率、方位角或切换边界。,-83.35,9.692,709.532,209.363,16.3
RC_ID_8K139HCK75,ID_8K139HCK75,C1,信号中断/覆盖退化,服务小区下倾角过大，远端弱覆盖,复核服务小区下倾角，优化远端覆盖。,-85.24,6.764,688.26,203.645,23.3
RC_ID_6IRTVD3SCX,ID_6IRTVD3SCX,C4,信道干扰,非共站同频邻区导致严重重叠覆盖,处理同频重叠覆盖，优化频点、功率和覆盖边界。,-86.318,21.079,583.29,202.937,16.8
RC_ID_JLWAABNHLS,ID_JLWAABNHLS,C6,信道干扰,邻区和服务小区 PCI mod 30 相同导致干扰,重新规划 PCI，消除 PCI mod 30 冲突。,-84.417,11.552,686.763,205.508,16.8
RC_ID_XVR998TO6T,ID_XVR998TO6T,C2,信号中断/覆盖退化,服务小区覆盖距离超过 1 km，越区覆盖,检查越区覆盖，调整功率、方位角或切换边界。,-71.717,4.622,737.008,199.131,19.8
RC_ID_B6OADFS2FM,ID_B6OADFS2FM,C5,基站故障,频繁切换降低性能,调整切换门限、迟滞和定时器，减少频繁切换。,-84.543,5.398,615.909,204.871,27.4
RC_ID_TTJMDXGV37,ID_TTJMDXGV37,C6,信道干扰,邻区和服务小区 PCI mod 30 相同导致干扰,重新规划 PCI，消除 PCI mod 30 冲突。,-81.894,21.261,973.782,207.787,17.6
RC_ID_I6SY1QF7ZL,ID_I6SY1QF7ZL,C5,基站故障,频繁切换降低性能,调整切换门限、迟滞和定时器，减少频繁切换。,-83.011,17.356,714.129,204.503,13.8
RC_ID_RWDF855YXP,ID_RWDF855YXP,C4,信道干扰,非共站同频邻区导致严重重叠覆盖,处理同频重叠覆盖，优化频点、功率和覆盖边界。,-87.201,26.091,1034.038,207.945,17.3
RC_ID_TDJESINKT4,ID_TDJESINKT4,C8,带宽不足,平均调度 RB 低于 160 影响吞吐,检查 RB 调度资源，评估扩容或负载均衡。,-77.731,13.586,776.388,163.8635,23.4
RC_ID_VBRK36CAUS,ID_VBRK36CAUS,C2,信号中断/覆盖退化,服务小区覆盖距离超过 1 km，越区覆盖,检查越区覆盖，调整功率、方位角或切换边界。,-86.318,21.079,583.29,202.937,16.8
RC_ID_Z3TJE8LR36,ID_Z3TJE8LR36,C6,信道干扰,邻区和服务小区 PCI mod 30 相同导致干扰,重新规划 PCI，消除 PCI mod 30 冲突。,-84.56,10.856,599.701,190.33,25
RC_ID_6L76Q82QUK,ID_6L76Q82QUK,C4,信道干扰,非共站同频邻区导致严重重叠覆盖,处理同频重叠覆盖，优化频点、功率和覆盖边界。,-84.543,5.398,615.909,204.871,27.4
RC_ID_LQ01U0O6V9,ID_LQ01U0O6V9,C3,信道干扰,邻区提供更高吞吐,优化邻区关系和切换策略，降低强邻区抢占影响。,-82.995,2.69,716.732,204.593,25
RC_ID_2DIJWVAMCG,ID_2DIJWVAMCG,C5,基站故障,频繁切换降低性能,调整切换门限、迟滞和定时器，减少频繁切换。,-85.083,5.739,636.654,187.114,19.7
RC_ID_NWLTWXTC4V,ID_NWLTWXTC4V,C5,基站故障,频繁切换降低性能,调整切换门限、迟滞和定时器，减少频繁切换。,-85.82,22.441,703.671,198.871,21.6
RC_ID_OLWDAZVWMW,ID_OLWDAZVWMW,C8,带宽不足,平均调度 RB 低于 160 影响吞吐,检查 RB 调度资源，评估扩容或负载均衡。,-86.453,12.433,1019.289,168.782,21.2
RC_ID_X5DIJYQ9YQ,ID_X5DIJYQ9YQ,C8,带宽不足,平均调度 RB 低于 160 影响吞吐,检查 RB 调度资源，评估扩容或负载均衡。,-81.19,17.033,816.786,164.977,11.4
RC_ID_OVDRNN7VNZ,ID_OVDRNN7VNZ,C2,信号中断/覆盖退化,服务小区覆盖距离超过 1 km，越区覆盖,检查越区覆盖，调整功率、方位角或切换边界。,-76.172,9.801,698.886,196.251,26.2
RC_ID_FJRRUH75QS,ID_FJRRUH75QS,C1,信号中断/覆盖退化,服务小区下倾角过大，远端弱覆盖,复核服务小区下倾角，优化远端覆盖。,-88.729,20.277,880.191,210.098,22.4
RC_ID_3DDFNRS1J9,ID_3DDFNRS1J9,C5,基站故障,频繁切换降低性能,调整切换门限、迟滞和定时器，减少频繁切换。,-83.437,4.12,712.502,205.222,27.2
RC_ID_MYK351XYT2,ID_MYK351XYT2,C4,信道干扰,非共站同频邻区导致严重重叠覆盖,处理同频重叠覆盖，优化频点、功率和覆盖边界。,-85.709,8.858,814.012,208.726,15.4
RC_ID_3B7S8HDUR8,ID_3B7S8HDUR8,C6,信道干扰,邻区和服务小区 PCI mod 30 相同导致干扰,重新规划 PCI，消除 PCI mod 30 冲突。,-83.588,18.514,1039.8,209.145,24.4
RC_ID_TPQS5RVW7I,ID_TPQS5RVW7I,C4,信道干扰,非共站同频邻区导致严重重叠覆盖,处理同频重叠覆盖，优化频点、功率和覆盖边界。,-87.114,15.285,819.266,211.053,20.3
RC_ID_AN8DFNPDW8,ID_AN8DFNPDW8,C5,基站故障,频繁切换降低性能,调整切换门限、迟滞和定时器，减少频繁切换。,-80.932,7.732,876.927,207.47,22
RC_ID_OEM2N4422Y,ID_OEM2N4422Y,C2,信号中断/覆盖退化,服务小区覆盖距离超过 1 km，越区覆盖,检查越区覆盖，调整功率、方位角或切换边界。,-82.683,5.486,787.049,206.955,25.1
RC_ID_N3N1PAO36V,ID_N3N1PAO36V,C2,信号中断/覆盖退化,服务小区覆盖距离超过 1 km，越区覆盖,检查越区覆盖，调整功率、方位角或切换边界。,-85.917,22.07,728.211,202.175,19.2
RC_ID_M19TYXZJT0,ID_M19TYXZJT0,C7,信号中断/覆盖退化,车速超过 40 km/h 影响吞吐,结合高速移动场景优化移动性和覆盖连续性。,-83.037,3.811,615.835,202.287,35.9
RC_ID_F7OD7OWEI6,ID_F7OD7OWEI6,C7,信号中断/覆盖退化,车速超过 40 km/h 影响吞吐,结合高速移动场景优化移动性和覆盖连续性。,-85.972,15.074,930.5,210.639,35.4
RC_ID_O4CGNEJOIR,ID_O4CGNEJOIR,C1,信号中断/覆盖退化,服务小区下倾角过大，远端弱覆盖,复核服务小区下倾角，优化远端覆盖。,-86.757,22.611,678.047,205.682,23.6
RC_ID_8NXIZS698H,ID_8NXIZS698H,C6,信道干扰,邻区和服务小区 PCI mod 30 相同导致干扰,重新规划 PCI，消除 PCI mod 30 冲突。,-83.011,17.356,714.129,204.503,13.8
RC_ID_K2JH7WJ7KA,ID_K2JH7WJ7KA,C7,信号中断/覆盖退化,车速超过 40 km/h 影响吞吐,结合高速移动场景优化移动性和覆盖连续性。,-86.614,21.24,671.739,204.145,34.9
RC_ID_DAP5YPB5QK,ID_DAP5YPB5QK,C8,带宽不足,平均调度 RB 低于 160 影响吞吐,检查 RB 调度资源，评估扩容或负载均衡。,-83.494,1.134,606.579,165.135,20.1
RC_ID_YZVX3JENQE,ID_YZVX3JENQE,C8,带宽不足,平均调度 RB 低于 160 影响吞吐,检查 RB 调度资源，评估扩容或负载均衡。,-85.248,-2.708,664.175,164.3965,24.8
RC_ID_YUTOFP734L,ID_YUTOFP734L,C4,信道干扰,非共站同频邻区导致严重重叠覆盖,处理同频重叠覆盖，优化频点、功率和覆盖边界。,-84.56,10.856,599.701,190.33,25
RC_ID_NX3YRWAB4U,ID_NX3YRWAB4U,C5,基站故障,频繁切换降低性能,调整切换门限、迟滞和定时器，减少频繁切换。,-76.193,11.341,680.918,205.123,23.1
RC_ID_CB8JSY98NJ,ID_CB8JSY98NJ,C4,信道干扰,非共站同频邻区导致严重重叠覆盖,处理同频重叠覆盖，优化频点、功率和覆盖边界。,-87.163,19.823,564.246,205.352,16.7
RC_ID_8T849R8GM8,ID_8T849R8GM8,C7,信号中断/覆盖退化,车速超过 40 km/h 影响吞吐,结合高速移动场景优化移动性和覆盖连续性。,-83.725,16.593,894.73,208.658,40.3
RC_ID_6INNEJKUC0,ID_6INNEJKUC0,C6,信道干扰,邻区和服务小区 PCI mod 30 相同导致干扰,重新规划 PCI，消除 PCI mod 30 冲突。,-85.82,22.441,703.671,198.871,21.6
RC_ID_7QHXKR6IEL,ID_7QHXKR6IEL,C2,信号中断/覆盖退化,服务小区覆盖距离超过 1 km，越区覆盖,检查越区覆盖，调整功率、方位角或切换边界。,-87.114,15.285,819.266,211.053,20.3
RC_ID_GH6BWWU4AD,ID_GH6BWWU4AD,C3,信道干扰,邻区提供更高吞吐,优化邻区关系和切换策略，降低强邻区抢占影响。,-80.557,8.795,703.923,204.039,18.6
RC_ID_2GX1QN3UMP,ID_2GX1QN3UMP,C3,信道干扰,邻区提供更高吞吐,优化邻区关系和切换策略，降低强邻区抢占影响。,-80.899,8.366,778.003,207.251,14.8
RC_ID_MB86W8RXJ1,ID_MB86W8RXJ1,C2,信号中断/覆盖退化,服务小区覆盖距离超过 1 km，越区覆盖,检查越区覆盖，调整功率、方位角或切换边界。,-83.939,21.388,986.35,208.35,20.5
RC_ID_C0FZ2BSZDJ,ID_C0FZ2BSZDJ,C3,信道干扰,邻区提供更高吞吐,优化邻区关系和切换策略，降低强邻区抢占影响。,-83.671,14.049,649.589,201.5,21.3
RC_ID_OQDX9Q82AN,ID_OQDX9Q82AN,C1,信号中断/覆盖退化,服务小区下倾角过大，远端弱覆盖,复核服务小区下倾角，优化远端覆盖。,-86.088,18.514,1039.8,209.145,24.4
RC_ID_87GM7S3W9Z,ID_87GM7S3W9Z,C7,信号中断/覆盖退化,车速超过 40 km/h 影响吞吐,结合高速移动场景优化移动性和覆盖连续性。,-85.897,15.118,718.718,210.43,35.5
RC_ID_04WB1A9U55,ID_04WB1A9U55,C2,信号中断/覆盖退化,服务小区覆盖距离超过 1 km，越区覆盖,检查越区覆盖，调整功率、方位角或切换边界。,-84.663,5.5,676.208,203.359,23.1
RC_ID_DI6O0I69YY,ID_DI6O0I69YY,C3,信道干扰,邻区提供更高吞吐,优化邻区关系和切换策略，降低强邻区抢占影响。,-78.075,6.593,734.227,206.232,14.3
RC_ID_9I0SJQ8ZRG,ID_9I0SJQ8ZRG,C3,信道干扰,邻区提供更高吞吐,优化邻区关系和切换策略，降低强邻区抢占影响。,-85.727,11.351,704.302,210.191,19.2
RC_ID_ACZEZJ1NNN,ID_ACZEZJ1NNN,C3,信道干扰,邻区提供更高吞吐,优化邻区关系和切换策略，降低强邻区抢占影响。,-80.219,11.883,730.44,199.998,24.2
RC_ID_EEW77YUT9N,ID_EEW77YUT9N,C4,信道干扰,非共站同频邻区导致严重重叠覆盖,处理同频重叠覆盖，优化频点、功率和覆盖边界。,-80.869,8.051,941.371,204.071,21.3
RC_ID_N682I8U12I,ID_N682I8U12I,C1,信号中断/覆盖退化,服务小区下倾角过大，远端弱覆盖,复核服务小区下倾角，优化远端覆盖。,-82.541,10.227,730.398,204.93,21.9
RC_ID_9OAHWNT7UX,ID_9OAHWNT7UX,C3,信道干扰,邻区提供更高吞吐,优化邻区关系和切换策略，降低强邻区抢占影响。,-83.888,8.217,706.702,210.186,16.8
RC_ID_L45ZQGH2J4,ID_L45ZQGH2J4,C4,信道干扰,非共站同频邻区导致严重重叠覆盖,处理同频重叠覆盖，优化频点、功率和覆盖边界。,-79.125,8.149,673.646,189.291,18.8
RC_ID_OIRVAF55TR,ID_OIRVAF55TR,C5,基站故障,频繁切换降低性能,调整切换门限、迟滞和定时器，减少频繁切换。,-86.318,21.079,583.29,202.937,16.8
RC_ID_0HJNQIU4E1,ID_0HJNQIU4E1,C5,基站故障,频繁切换降低性能,调整切换门限、迟滞和定时器，减少频繁切换。,-81.896,5.776,641.042,202.379,19.1
RC_ID_28RIZ11PU5,ID_28RIZ11PU5,C4,信道干扰,非共站同频邻区导致严重重叠覆盖,处理同频重叠覆盖，优化频点、功率和覆盖边界。,-84.334,10.25,713.808,207.528,19
RC_ID_GXR6SOAECE,ID_GXR6SOAECE,C7,信号中断/覆盖退化,车速超过 40 km/h 影响吞吐,结合高速移动场景优化移动性和覆盖连续性。,-82.44,11.047,626.376,202.892,34.2
RC_ID_E5QXCLA5MQ,ID_E5QXCLA5MQ,C2,信号中断/覆盖退化,服务小区覆盖距离超过 1 km，越区覆盖,检查越区覆盖，调整功率、方位角或切换边界。,-81.656,3.766,692.565,201.838,23.1
RC_ID_ZJQICWCELW,ID_ZJQICWCELW,C8,带宽不足,平均调度 RB 低于 160 影响吞吐,检查 RB 调度资源，评估扩容或负载均衡。,-75.936,8.292,650.952,161.5975,19.6
RC_ID_PJGAGBSDJB,ID_PJGAGBSDJB,C7,信号中断/覆盖退化,车速超过 40 km/h 影响吞吐,结合高速移动场景优化移动性和覆盖连续性。,-86.404,20.638,739.002,201.644,38.2
RC_ID_OTS3NWAKAE,ID_OTS3NWAKAE,C1,信号中断/覆盖退化,服务小区下倾角过大，远端弱覆盖,复核服务小区下倾角，优化远端覆盖。,-82.222,8.101,696.294,205.39,18.3
RC_ID_EYRMGHSJVG,ID_EYRMGHSJVG,C8,带宽不足,平均调度 RB 低于 160 影响吞吐,检查 RB 调度资源，评估扩容或负载均衡。,-80.932,7.732,876.927,166.348,22
RC_ID_XMLTN6LV7Q,ID_XMLTN6LV7Q,C7,信号中断/覆盖退化,车速超过 40 km/h 影响吞吐,结合高速移动场景优化移动性和覆盖连续性。,-87.465,9.302,671.507,191.364,35.4
RC_ID_S7W790KYG0,ID_S7W790KYG0,C8,带宽不足,平均调度 RB 低于 160 影响吞吐,检查 RB 调度资源，评估扩容或负载均衡。,-84.1,5.853,658.36,165.3245,13.6
RC_ID_8I0MPIV0WR,ID_8I0MPIV0WR,C2,信号中断/覆盖退化,服务小区覆盖距离超过 1 km，越区覆盖,检查越区覆盖，调整功率、方位角或切换边界。,-81.668,12.806,1040.123,208.432,20.4
RC_ID_TI68RL2JOC,ID_TI68RL2JOC,C8,带宽不足,平均调度 RB 低于 160 影响吞吐,检查 RB 调度资源，评估扩容或负载均衡。,-81.644,10.623,616.166,165.6785,18.8
RC_ID_XFZCOHDIL7,ID_XFZCOHDIL7,C2,信号中断/覆盖退化,服务小区覆盖距离超过 1 km，越区覆盖,检查越区覆盖，调整功率、方位角或切换边界。,-85.248,-2.708,664.175,205.828,24.8
RC_ID_LIK6KUNQZ9,ID_LIK6KUNQZ9,C7,信号中断/覆盖退化,车速超过 40 km/h 影响吞吐,结合高速移动场景优化移动性和覆盖连续性。,-82.252,14.702,824.852,209.022,35.7
RC_ID_K4HBDODIMY,ID_K4HBDODIMY,C7,信号中断/覆盖退化,车速超过 40 km/h 影响吞吐,结合高速移动场景优化移动性和覆盖连续性。,-85.873,21.799,629.779,200.125,31.9
RC_ID_X6844DXZ6P,ID_X6844DXZ6P,C5,基站故障,频繁切换降低性能,调整切换门限、迟滞和定时器，减少频繁切换。,-83.716,17.02,1146.496,195.157,13.9
RC_ID_JOKI8SC6UP,ID_JOKI8SC6UP,C1,信号中断/覆盖退化,服务小区下倾角过大，远端弱覆盖,复核服务小区下倾角，优化远端覆盖。,-90.468,24.967,660.17,207.55,13
RC_ID_PWN46L5V70,ID_PWN46L5V70,C6,信道干扰,邻区和服务小区 PCI mod 30 相同导致干扰,重新规划 PCI，消除 PCI mod 30 冲突。,-79.114,16.424,681.703,187.845,20.2
RC_ID_S98VKITFNU,ID_S98VKITFNU,C4,信道干扰,非共站同频邻区导致严重重叠覆盖,处理同频重叠覆盖，优化频点、功率和覆盖边界。,-71.707,13.834,785.797,201.168,17.7
RC_ID_WGNOABDGHE,ID_WGNOABDGHE,C5,基站故障,频繁切换降低性能,调整切换门限、迟滞和定时器，减少频繁切换。,-85.311,10.097,528.365,202.627,17.2
RC_ID_A5AGEQGMEI,ID_A5AGEQGMEI,C1,信号中断/覆盖退化,服务小区下倾角过大，远端弱覆盖,复核服务小区下倾角，优化远端覆盖。,-88.986,22.117,664.141,201.052,14.4
RC_ID_PI1SV04TSA,ID_PI1SV04TSA,C7,信号中断/覆盖退化,车速超过 40 km/h 影响吞吐,结合高速移动场景优化移动性和覆盖连续性。,-79.698,13.366,776.623,209.474,32
RC_ID_BG20RY2ECY,ID_BG20RY2ECY,C5,基站故障,频繁切换降低性能,调整切换门限、迟滞和定时器，减少频繁切换。,-85.279,20.241,816.188,203.725,19.8
RC_ID_8ERT0IVDPP,ID_8ERT0IVDPP,C8,带宽不足,平均调度 RB 低于 160 影响吞吐,检查 RB 调度资源，评估扩容或负载均衡。,-85.873,21.799,629.779,159.599,15.9
RC_ID_M3X5DIKZCX,ID_M3X5DIKZCX,C5,基站故障,频繁切换降低性能,调整切换门限、迟滞和定时器，减少频繁切换。,-87.018,20.55,562.341,199.74,17.8
RC_ID_41LU3UJZBU,ID_41LU3UJZBU,C5,基站故障,频繁切换降低性能,调整切换门限、迟滞和定时器，减少频繁切换。,-81.822,9.889,594.488,207.671,16.9
RC_ID_FXWG6K34KV,ID_FXWG6K34KV,C7,信号中断/覆盖退化,车速超过 40 km/h 影响吞吐,结合高速移动场景优化移动性和覆盖连续性。,-78.635,12.561,682.417,198.074,40.9
RC_ID_P6DB5HH1MV,ID_P6DB5HH1MV,C7,信号中断/覆盖退化,车速超过 40 km/h 影响吞吐,结合高速移动场景优化移动性和覆盖连续性。,-81.158,10.31,728.994,199.677,30.1
RC_ID_RQTLYKRF1A,ID_RQTLYKRF1A,C5,基站故障,频繁切换降低性能,调整切换门限、迟滞和定时器，减少频繁切换。,-75.719,8.157,539.83,204.07,19.3
RC_ID_PU4K01CJSO,ID_PU4K01CJSO,C2,信号中断/覆盖退化,服务小区覆盖距离超过 1 km，越区覆盖,检查越区覆盖，调整功率、方位角或切换边界。,-83.585,3.117,634.395,209.01,14.2
RC_ID_4WMVC5HZYT,ID_4WMVC5HZYT,C2,信号中断/覆盖退化,服务小区覆盖距离超过 1 km，越区覆盖,检查越区覆盖，调整功率、方位角或切换边界。,-84.667,11.995,804.488,206.078,17.8
RC_ID_9A60DSTSLU,ID_9A60DSTSLU,C6,信道干扰,邻区和服务小区 PCI mod 30 相同导致干扰,重新规划 PCI，消除 PCI mod 30 冲突。,-80.932,7.732,876.927,207.47,22
RC_ID_ZDEL6LN033,ID_ZDEL6LN033,C8,带宽不足,平均调度 RB 低于 160 影响吞吐,检查 RB 调度资源，评估扩容或负载均衡。,-79.36,9.715,860.39,166.549,18.1
RC_ID_H2FLC4L43U,ID_H2FLC4L43U,C6,信道干扰,邻区和服务小区 PCI mod 30 相同导致干扰,重新规划 PCI，消除 PCI mod 30 冲突。,-79.541,10.227,730.398,204.93,21.9
RC_ID_N6V813XT8T,ID_N6V813XT8T,C6,信道干扰,邻区和服务小区 PCI mod 30 相同导致干扰,重新规划 PCI，消除 PCI mod 30 冲突。,-82.46,9.148,641.175,206.565,23.7
RC_ID_RH584VPZWZ,ID_RH584VPZWZ,C5,基站故障,频繁切换降低性能,调整切换门限、迟滞和定时器，减少频繁切换。,-81.685,7.162,639.757,205.725,15.6
RC_ID_BQLI90DF8I,ID_BQLI90DF8I,C1,信号中断/覆盖退化,服务小区下倾角过大，远端弱覆盖,复核服务小区下倾角，优化远端覆盖。,-88.727,11.351,664.302,210.191,19.2
RC_ID_OAGP1LNHKD,ID_OAGP1LNHKD,C5,基站故障,频繁切换降低性能,调整切换门限、迟滞和定时器，减少频繁切换。,-86.156,18.896,624.175,205.699,18.6
RC_ID_7T485K8ZVO,ID_7T485K8ZVO,C8,带宽不足,平均调度 RB 低于 160 影响吞吐,检查 RB 调度资源，评估扩容或负载均衡。,-84.395,8.788,926.541,166.9295,19.9
RC_ID_CURTTUGXB8,ID_CURTTUGXB8,C8,带宽不足,平均调度 RB 低于 160 影响吞吐,检查 RB 调度资源，评估扩容或负载均衡。,-84.24,13.214,607.955,168.0315,23.4
RC_ID_U5H576GBMJ,ID_U5H576GBMJ,C3,信道干扰,邻区提供更高吞吐,优化邻区关系和切换策略，降低强邻区抢占影响。,-83.279,9.915,811.956,204.18,21
RC_ID_K1IDA1LCT2,ID_K1IDA1LCT2,C2,信号中断/覆盖退化,服务小区覆盖距离超过 1 km，越区覆盖,检查越区覆盖，调整功率、方位角或切换边界。,-84.652,9.847,720.851,206.402,20.9
RC_ID_TCBKK4X8D0,ID_TCBKK4X8D0,C7,信号中断/覆盖退化,车速超过 40 km/h 影响吞吐,结合高速移动场景优化移动性和覆盖连续性。,-86.496,19.066,976.464,208.737,31.6
RC_ID_NB75C6UTWH,ID_NB75C6UTWH,C7,信号中断/覆盖退化,车速超过 40 km/h 影响吞吐,结合高速移动场景优化移动性和覆盖连续性。,-87.328,20.356,600.418,195.456,38.7
RC_ID_0KMFHO8UAF,ID_0KMFHO8UAF,C1,信号中断/覆盖退化,服务小区下倾角过大，远端弱覆盖,复核服务小区下倾角，优化远端覆盖。,-83.384,21.3,856.487,203.252,16.7
RC_ID_HLT3DQEQF9,ID_HLT3DQEQF9,C4,信道干扰,非共站同频邻区导致严重重叠覆盖,处理同频重叠覆盖，优化频点、功率和覆盖边界。,-82.578,10.668,670.887,206.536,21.6
RC_ID_LB5P5C0TNK,ID_LB5P5C0TNK,C6,信道干扰,邻区和服务小区 PCI mod 30 相同导致干扰,重新规划 PCI，消除 PCI mod 30 冲突。,-83.037,3.811,615.835,202.287,19.9
RC_ID_MTZZTNLGT8,ID_MTZZTNLGT8,C2,信号中断/覆盖退化,服务小区覆盖距离超过 1 km，越区覆盖,检查越区覆盖，调整功率、方位角或切换边界。,-79.437,7.607,669.675,202.605,17.4
RC_ID_TOZZ851HMF,ID_TOZZ851HMF,C2,信号中断/覆盖退化,服务小区覆盖距离超过 1 km，越区覆盖,检查越区覆盖，调整功率、方位角或切换边界。,-85.108,17.967,674.332,208.236,17.7
RC_ID_9LQ5EWFZWQ,ID_9LQ5EWFZWQ,C5,基站故障,频繁切换降低性能,调整切换门限、迟滞和定时器，减少频繁切换。,-86.712,5.66,610.332,207.011,16.9
RC_ID_Q8ER3VEGLW,ID_Q8ER3VEGLW,C7,信号中断/覆盖退化,车速超过 40 km/h 影响吞吐,结合高速移动场景优化移动性和覆盖连续性。,-86.4,13.149,853.161,209.863,34.9
RC_ID_AMSLAN1ICL,ID_AMSLAN1ICL,C2,信号中断/覆盖退化,服务小区覆盖距离超过 1 km，越区覆盖,检查越区覆盖，调整功率、方位角或切换边界。,-83.777,11.533,802.582,200.798,14.8
RC_ID_B4Y25Y8IZF,ID_B4Y25Y8IZF,C3,信道干扰,邻区提供更高吞吐,优化邻区关系和切换策略，降低强邻区抢占影响。,-83.904,19.519,886.38,208.767,21
RC_ID_S3ZSDMUPXG,ID_S3ZSDMUPXG,C6,信道干扰,邻区和服务小区 PCI mod 30 相同导致干扰,重新规划 PCI，消除 PCI mod 30 冲突。,-84.033,14.453,583.432,210.939,19.8
RC_ID_7E30RDFY20,ID_7E30RDFY20,C4,信道干扰,非共站同频邻区导致严重重叠覆盖,处理同频重叠覆盖，优化频点、功率和覆盖边界。,-83.032,10.864,652.082,202.823,25
RC_ID_4PRFECVJDP,ID_4PRFECVJDP,C1,信号中断/覆盖退化,服务小区下倾角过大，远端弱覆盖,复核服务小区下倾角，优化远端覆盖。,-87.444,6.208,610.361,200.011,22.8
RC_ID_QG8DXJLXWW,ID_QG8DXJLXWW,C4,信道干扰,非共站同频邻区导致严重重叠覆盖,处理同频重叠覆盖，优化频点、功率和覆盖边界。,-85.774,5.167,613.727,209.546,21.6
RC_ID_OWMSGK8353,ID_OWMSGK8353,C5,基站故障,频繁切换降低性能,调整切换门限、迟滞和定时器，减少频繁切换。,-87.016,21.57,612.189,193.159,16.6
RC_ID_VJOWP0PSA8,ID_VJOWP0PSA8,C5,基站故障,频繁切换降低性能,调整切换门限、迟滞和定时器，减少频繁切换。,-82.81,6.978,737.717,210.537,18.5
RC_ID_9R0SNDJHAD,ID_9R0SNDJHAD,C2,信号中断/覆盖退化,服务小区覆盖距离超过 1 km，越区覆盖,检查越区覆盖，调整功率、方位角或切换边界。,-73.564,23.042,1157.858,210.818,15.8
RC_ID_N7BILT4CJU,ID_N7BILT4CJU,C7,信号中断/覆盖退化,车速超过 40 km/h 影响吞吐,结合高速移动场景优化移动性和覆盖连续性。,-83.671,14.049,609.589,201.5,37.3
RC_ID_YV065S9T3Q,ID_YV065S9T3Q,C2,信号中断/覆盖退化,服务小区覆盖距离超过 1 km，越区覆盖,检查越区覆盖，调整功率、方位角或切换边界。,-83.471,10.513,652.939,195.005,16.8
RC_ID_N5SLBVXLMT,ID_N5SLBVXLMT,C4,信道干扰,非共站同频邻区导致严重重叠覆盖,处理同频重叠覆盖，优化频点、功率和覆盖边界。,-80.882,9.734,888.98,209.559,16.5
RC_ID_NBBRD6S3ZI,ID_NBBRD6S3ZI,C1,信号中断/覆盖退化,服务小区下倾角过大，远端弱覆盖,复核服务小区下倾角，优化远端覆盖。,-81.368,14.143,826.737,205.485,20.7
RC_ID_ZRF1INM9H5,ID_ZRF1INM9H5,C3,信道干扰,邻区提供更高吞吐,优化邻区关系和切换策略，降低强邻区抢占影响。,-85.834,6.994,613.572,210.996,15.1
RC_ID_ZH7PFC5C7G,ID_ZH7PFC5C7G,C1,信号中断/覆盖退化,服务小区下倾角过大，远端弱覆盖,复核服务小区下倾角，优化远端覆盖。,-86.746,11.675,678.067,199.041,21.9
RC_ID_F8C490J4QY,ID_F8C490J4QY,C7,信号中断/覆盖退化,车速超过 40 km/h 影响吞吐,结合高速移动场景优化移动性和覆盖连续性。,-79.887,4.802,674.8,196.691,32.7
RC_ID_X3G5MS0JLT,ID_X3G5MS0JLT,C8,带宽不足,平均调度 RB 低于 160 影响吞吐,检查 RB 调度资源，评估扩容或负载均衡。,-82.153,10.673,617.002,166.904,21.7
RC_ID_PH1SVLBFHU,ID_PH1SVLBFHU,C3,信道干扰,邻区提供更高吞吐,优化邻区关系和切换策略，降低强邻区抢占影响。,-81.894,21.261,1013.782,207.787,17.6
RC_ID_1U0K4QNNOA,ID_1U0K4QNNOA,C4,信道干扰,非共站同频邻区导致严重重叠覆盖,处理同频重叠覆盖，优化频点、功率和覆盖边界。,-83.939,21.388,986.35,208.35,20.5
RC_ID_FNV1Y43G5A,ID_FNV1Y43G5A,C8,带宽不足,平均调度 RB 低于 160 影响吞吐,检查 RB 调度资源，评估扩容或负载均衡。,-83.533,17.023,1043.214,168.08,18.7
RC_ID_LG3ESQIX6U,ID_LG3ESQIX6U,C4,信道干扰,非共站同频邻区导致严重重叠覆盖,处理同频重叠覆盖，优化频点、功率和覆盖边界。,-85.701,16.511,1059.873,211.278,20.2
RC_ID_IXONPHPKFH,ID_IXONPHPKFH,C7,信号中断/覆盖退化,车速超过 40 km/h 影响吞吐,结合高速移动场景优化移动性和覆盖连续性。,-74.832,1.565,622.835,195.487,41.8
RC_ID_9SH688TOX0,ID_9SH688TOX0,C5,基站故障,频繁切换降低性能,调整切换门限、迟滞和定时器，减少频繁切换。,-85.834,6.994,573.572,210.996,15.1
RC_ID_Z8V9IUV5RK,ID_Z8V9IUV5RK,C3,信道干扰,邻区提供更高吞吐,优化邻区关系和切换策略，降低强邻区抢占影响。,-87.514,20.487,952.714,209.57,21.1
RC_ID_WU4NYNG8FV,ID_WU4NYNG8FV,C8,带宽不足,平均调度 RB 低于 160 影响吞吐,检查 RB 调度资源，评估扩容或负载均衡。,-83.016,9.176,712.709,165.393,25.1
RC_ID_AWADQF9D6R,ID_AWADQF9D6R,C5,基站故障,频繁切换降低性能,调整切换门限、迟滞和定时器，减少频繁切换。,-82.708,9.801,961.856,209.372,14.5
RC_ID_6WHW677IN8,ID_6WHW677IN8,C1,信号中断/覆盖退化,服务小区下倾角过大，远端弱覆盖,复核服务小区下倾角，优化远端覆盖。,-85.073,-1.194,882.479,206.977,22.9
RC_ID_1EHNN5SIM3,ID_1EHNN5SIM3,C7,信号中断/覆盖退化,车速超过 40 km/h 影响吞吐,结合高速移动场景优化移动性和覆盖连续性。,-80.206,17.739,926.353,204.469,37
RC_ID_6AS4PXY6CB,ID_6AS4PXY6CB,C4,信道干扰,非共站同频邻区导致严重重叠覆盖,处理同频重叠覆盖，优化频点、功率和覆盖边界。,-85.859,21.8,622.746,203.884,25.1
RC_ID_07H3O5K0YK,ID_07H3O5K0YK,C3,信道干扰,邻区提供更高吞吐,优化邻区关系和切换策略，降低强邻区抢占影响。,-83.774,24.352,680.861,204.426,21.3
RC_ID_IULHWJJH5K,ID_IULHWJJH5K,C3,信道干扰,邻区提供更高吞吐,优化邻区关系和切换策略，降低强邻区抢占影响。,-80.329,15.28,607.624,207.773,21.4
RC_ID_J4RO4MYXMO,ID_J4RO4MYXMO,C1,信号中断/覆盖退化,服务小区下倾角过大，远端弱覆盖,复核服务小区下倾角，优化远端覆盖。,-86.214,3.204,631.877,204.518,22.2
RC_ID_H4Z2HE13XG,ID_H4Z2HE13XG,C7,信号中断/覆盖退化,车速超过 40 km/h 影响吞吐,结合高速移动场景优化移动性和覆盖连续性。,-83.808,6.262,710.642,205.221,36.8
RC_ID_BY391F7N9F,ID_BY391F7N9F,C1,信号中断/覆盖退化,服务小区下倾角过大，远端弱覆盖,复核服务小区下倾角，优化远端覆盖。,-89.842,24.877,592.213,200.214,20.7
RC_ID_JMX74KPXTO,ID_JMX74KPXTO,C5,基站故障,频繁切换降低性能,调整切换门限、迟滞和定时器，减少频繁切换。,-81.158,10.31,728.994,199.677,14.1
RC_ID_JDBT2YVVB4,ID_JDBT2YVVB4,C7,信号中断/覆盖退化,车速超过 40 km/h 影响吞吐,结合高速移动场景优化移动性和覆盖连续性。,-80.384,21.3,856.487,203.252,32.7
RC_ID_8OML7BZU1S,ID_8OML7BZU1S,C3,信道干扰,邻区提供更高吞吐,优化邻区关系和切换策略，降低强邻区抢占影响。,-84.663,5.5,716.208,203.359,23.1
RC_ID_1KCSEDUFJA,ID_1KCSEDUFJA,C3,信道干扰,邻区提供更高吞吐,优化邻区关系和切换策略，降低强邻区抢占影响。,-86.4,13.149,893.161,209.863,18.9
RC_ID_TTBR3FTY01,ID_TTBR3FTY01,C6,信道干扰,邻区和服务小区 PCI mod 30 相同导致干扰,重新规划 PCI，消除 PCI mod 30 冲突。,-81.656,3.766,692.565,201.838,23.1
RC_ID_4BRQYBVC72,ID_4BRQYBVC72,C5,基站故障,频繁切换降低性能,调整切换门限、迟滞和定时器，减少频繁切换。,-78.654,11.049,702.967,207.088,20.2
RC_ID_QUJWCV8BLM,ID_QUJWCV8BLM,C6,信道干扰,邻区和服务小区 PCI mod 30 相同导致干扰,重新规划 PCI，消除 PCI mod 30 冲突。,-84.828,26.219,807.398,210.648,23.1
RC_ID_454XQ3EJIV,ID_454XQ3EJIV,C6,信道干扰,邻区和服务小区 PCI mod 30 相同导致干扰,重新规划 PCI，消除 PCI mod 30 冲突。,-82.527,24.861,862.827,202.004,10.3
RC_ID_FITTXVEPYH,ID_FITTXVEPYH,C8,带宽不足,平均调度 RB 低于 160 影响吞吐,检查 RB 调度资源，评估扩容或负载均衡。,-83.79,13.218,614.54,164.173,24.7
RC_ID_RUJ62GIACU,ID_RUJ62GIACU,C3,信道干扰,邻区提供更高吞吐,优化邻区关系和切换策略，降低强邻区抢占影响。,-84.543,5.398,655.909,204.871,27.4
RC_ID_2M2OUVUL7P,ID_2M2OUVUL7P,C2,信号中断/覆盖退化,服务小区覆盖距离超过 1 km，越区覆盖,检查越区覆盖，调整功率、方位角或切换边界。,-84.839,15.557,743.725,206.474,24.3
RC_ID_99LIN1YBT1,ID_99LIN1YBT1,C4,信道干扰,非共站同频邻区导致严重重叠覆盖,处理同频重叠覆盖，优化频点、功率和覆盖边界。,-77.823,5.707,668.293,204.085,16.4
RC_ID_WBW3P58DUR,ID_WBW3P58DUR,C2,信号中断/覆盖退化,服务小区覆盖距离超过 1 km，越区覆盖,检查越区覆盖，调整功率、方位角或切换边界。,-83.072,13.307,778.024,203.175,17.5
RC_ID_Y6EE0BFSKW,ID_Y6EE0BFSKW,C1,信号中断/覆盖退化,服务小区下倾角过大，远端弱覆盖,复核服务小区下倾角，优化远端覆盖。,-84.057,8.795,663.923,204.039,18.6
RC_ID_Z7ZLF52IGH,ID_Z7ZLF52IGH,C6,信道干扰,邻区和服务小区 PCI mod 30 相同导致干扰,重新规划 PCI，消除 PCI mod 30 冲突。,-80.028,10.629,805.537,206.235,17.1
RC_ID_GPJUMPHGNQ,ID_GPJUMPHGNQ,C8,带宽不足,平均调度 RB 低于 160 影响吞吐,检查 RB 调度资源，评估扩容或负载均衡。,-80.603,4.657,717.765,163.6405,14.5
RC_ID_J6JC0NZTFO,ID_J6JC0NZTFO,C8,带宽不足,平均调度 RB 低于 160 影响吞吐,检查 RB 调度资源，评估扩容或负载均衡。,-84.47,3.209,1134.975,163.7355,16.6
RC_ID_FV5TT4S1KN,ID_FV5TT4S1KN,C2,信号中断/覆盖退化,服务小区覆盖距离超过 1 km，越区覆盖,检查越区覆盖，调整功率、方位角或切换边界。,-78.516,10.008,789.406,195.452,21.4
RC_ID_E22V8J3FNC,ID_E22V8J3FNC,C2,信号中断/覆盖退化,服务小区覆盖距离超过 1 km，越区覆盖,检查越区覆盖，调整功率、方位角或切换边界。,-84.033,14.453,583.432,210.939,19.8
RC_ID_IUJ3HUK7PD,ID_IUJ3HUK7PD,C6,信道干扰,邻区和服务小区 PCI mod 30 相同导致干扰,重新规划 PCI，消除 PCI mod 30 冲突。,-77.823,5.707,668.293,204.085,16.4
RC_ID_DSV94VT899,ID_DSV94VT899,C4,信道干扰,非共站同频邻区导致严重重叠覆盖,处理同频重叠覆盖，优化频点、功率和覆盖边界。,-79.698,13.366,776.623,209.474,16
RC_ID_RE3PFSFE2M,ID_RE3PFSFE2M,C1,信号中断/覆盖退化,服务小区下倾角过大，远端弱覆盖,复核服务小区下倾角，优化远端覆盖。,-81.719,10.873,716.574,203.469,17.6
RC_ID_1EZX9IUFWJ,ID_1EZX9IUFWJ,C4,信道干扰,非共站同频邻区导致严重重叠覆盖,处理同频重叠覆盖，优化频点、功率和覆盖边界。,-83.896,18.042,854.066,205.304,16.2
RC_ID_RB4G826N9J,ID_RB4G826N9J,C3,信道干扰,邻区提供更高吞吐,优化邻区关系和切换策略，降低强邻区抢占影响。,-84.33,3.026,576.477,206.408,23.4
RC_ID_KL2C37OQ4L,ID_KL2C37OQ4L,C7,信号中断/覆盖退化,车速超过 40 km/h 影响吞吐,结合高速移动场景优化移动性和覆盖连续性。,-85.747,8.596,807.296,201.357,35.1
RC_ID_7X61NSO1NG,ID_7X61NSO1NG,C4,信道干扰,非共站同频邻区导致严重重叠覆盖,处理同频重叠覆盖，优化频点、功率和覆盖边界。,-84.522,7.411,1112.746,208.063,20.3
RC_ID_P2M0N8OFY4,ID_P2M0N8OFY4,C4,信道干扰,非共站同频邻区导致严重重叠覆盖,处理同频重叠覆盖，优化频点、功率和覆盖边界。,-81.653,2.989,688.67,208.543,19.9
RC_ID_8QTKN1PH1J,ID_8QTKN1PH1J,C8,带宽不足,平均调度 RB 低于 160 影响吞吐,检查 RB 调度资源，评估扩容或负载均衡。,-82.995,2.69,676.732,163.123,25
RC_ID_R5IZZIXX05,ID_R5IZZIXX05,C7,信号中断/覆盖退化,车速超过 40 km/h 影响吞吐,结合高速移动场景优化移动性和覆盖连续性。,-85.383,13.015,843.923,209.476,39.1
RC_ID_QLLIO1WDEW,ID_QLLIO1WDEW,C7,信号中断/覆盖退化,车速超过 40 km/h 影响吞吐,结合高速移动场景优化移动性和覆盖连续性。,-86.318,21.079,583.29,202.937,32.8
RC_ID_KDKI4RDKS0,ID_KDKI4RDKS0,C3,信道干扰,邻区提供更高吞吐,优化邻区关系和切换策略，降低强邻区抢占影响。,-88.071,10.182,727.066,207.417,23.1
RC_ID_Y503GJMC5J,ID_Y503GJMC5J,C6,信道干扰,邻区和服务小区 PCI mod 30 相同导致干扰,重新规划 PCI，消除 PCI mod 30 冲突。,-84.745,6.384,730.106,206.293,19.1
RC_ID_EQINRMY60C,ID_EQINRMY60C,C2,信号中断/覆盖退化,服务小区覆盖距离超过 1 km，越区覆盖,检查越区覆盖，调整功率、方位角或切换边界。,-83.494,1.134,606.579,205.656,20.1
RC_ID_8FFKERQYRJ,ID_8FFKERQYRJ,C1,信号中断/覆盖退化,服务小区下倾角过大，远端弱覆盖,复核服务小区下倾角，优化远端覆盖。,-87.812,10.646,982.646,199.784,14.8
RC_ID_VL9WO57LWI,ID_VL9WO57LWI,C8,带宽不足,平均调度 RB 低于 160 影响吞吐,检查 RB 调度资源，评估扩容或负载均衡。,-81.758,14.697,667.403,154.6135,23.7
RC_ID_4TC7HL56OI,ID_4TC7HL56OI,C6,信道干扰,邻区和服务小区 PCI mod 30 相同导致干扰,重新规划 PCI，消除 PCI mod 30 冲突。,-82.035,8.22,742.545,203.289,19.9
RC_ID_AT1ZP8UKEZ,ID_AT1ZP8UKEZ,C7,信号中断/覆盖退化,车速超过 40 km/h 影响吞吐,结合高速移动场景优化移动性和覆盖连续性。,-80.751,12.26,815.971,206.711,28
RC_ID_785IDVUQN7,ID_785IDVUQN7,C3,信道干扰,邻区提供更高吞吐,优化邻区关系和切换策略，降低强邻区抢占影响。,-79.607,6.539,647.329,204.595,12.4
RC_ID_BWSDCJREX4,ID_BWSDCJREX4,C2,信号中断/覆盖退化,服务小区覆盖距离超过 1 km，越区覆盖,检查越区覆盖，调整功率、方位角或切换边界。,-80.882,9.734,888.98,209.559,16.5
RC_ID_JPNAW3CFGZ,ID_JPNAW3CFGZ,C1,信号中断/覆盖退化,服务小区下倾角过大，远端弱覆盖,复核服务小区下倾角，优化远端覆盖。,-85,2.396,651.305,202.278,23.6
RC_ID_HRGM0N1P61,ID_HRGM0N1P61,C4,信道干扰,非共站同频邻区导致严重重叠覆盖,处理同频重叠覆盖，优化频点、功率和覆盖边界。,-86.484,20.926,601.206,197.562,15.1
RC_ID_CX7OPZ2018,ID_CX7OPZ2018,C2,信号中断/覆盖退化,服务小区覆盖距离超过 1 km，越区覆盖,检查越区覆盖，调整功率、方位角或切换边界。,-82.153,10.673,617.002,208.085,21.7
RC_ID_8CLHAHPB9Y,ID_8CLHAHPB9Y,C2,信号中断/覆盖退化,服务小区覆盖距离超过 1 km，越区覆盖,检查越区覆盖，调整功率、方位角或切换边界。,-83.939,20.429,755.729,204.22,17.8
RC_ID_N451I4MOC9,ID_N451I4MOC9,C6,信道干扰,邻区和服务小区 PCI mod 30 相同导致干扰,重新规划 PCI，消除 PCI mod 30 冲突。,-81.063,11.878,686.453,208.342,17.3
RC_ID_0K3TFQNN0W,ID_0K3TFQNN0W,C8,带宽不足,平均调度 RB 低于 160 影响吞吐,检查 RB 调度资源，评估扩容或负载均衡。,-82.015,13,716.37,163.3685,20
RC_ID_NV8UNAQUUN,ID_NV8UNAQUUN,C2,信号中断/覆盖退化,服务小区覆盖距离超过 1 km，越区覆盖,检查越区覆盖，调整功率、方位角或切换边界。,-84.24,13.214,607.955,209.886,23.4
RC_ID_ERYIU5HLCM,ID_ERYIU5HLCM,C5,基站故障,频繁切换降低性能,调整切换门限、迟滞和定时器，减少频繁切换。,-81.319,9.228,716.488,206.208,16.6
RC_ID_NZQPEFRJET,ID_NZQPEFRJET,C7,信号中断/覆盖退化,车速超过 40 km/h 影响吞吐,结合高速移动场景优化移动性和覆盖连续性。,-80.886,8.559,722.925,205.991,28.3
RC_ID_5BI1EME6KS,ID_5BI1EME6KS,C8,带宽不足,平均调度 RB 低于 160 影响吞吐,检查 RB 调度资源，评估扩容或负载均衡。,-82.858,17.125,677.899,156.665,17.1
RC_ID_SM4Y9KXVK0,ID_SM4Y9KXVK0,C3,信道干扰,邻区提供更高吞吐,优化邻区关系和切换策略，降低强邻区抢占影响。,-84.925,10.939,714.005,203.831,22
RC_ID_NO3FAQKP22,ID_NO3FAQKP22,C7,信号中断/覆盖退化,车速超过 40 km/h 影响吞吐,结合高速移动场景优化移动性和覆盖连续性。,-79.508,12.101,738.481,206.616,32
RC_ID_BDR3G4QLUN,ID_BDR3G4QLUN,C6,信道干扰,邻区和服务小区 PCI mod 30 相同导致干扰,重新规划 PCI，消除 PCI mod 30 冲突。,-86.547,24.024,887.997,210.469,14.8
RC_ID_E0DVPPBAGU,ID_E0DVPPBAGU,C4,信道干扰,非共站同频邻区导致严重重叠覆盖,处理同频重叠覆盖，优化频点、功率和覆盖边界。,-80.798,13.488,685.832,205.456,18.3
RC_ID_QA2U72K54O,ID_QA2U72K54O,C1,信号中断/覆盖退化,服务小区下倾角过大，远端弱覆盖,复核服务小区下倾角，优化远端覆盖。,-85.83,3.026,536.477,206.408,23.4
RC_ID_OT2TVHCSFP,ID_OT2TVHCSFP,C1,信号中断/覆盖退化,服务小区下倾角过大，远端弱覆盖,复核服务小区下倾角，优化远端覆盖。,-86.052,22.247,737.455,208.139,23.8
RC_ID_W751WL22SK,ID_W751WL22SK,C7,信号中断/覆盖退化,车速超过 40 km/h 影响吞吐,结合高速移动场景优化移动性和覆盖连续性。,-85.779,20.031,613.704,188.313,32.1
RC_ID_VLHTJOP84W,ID_VLHTJOP84W,C5,基站故障,频繁切换降低性能,调整切换门限、迟滞和定时器，减少频繁切换。,-73.134,11.721,1059.551,209.389,20.7
RC_ID_K9HZ09ORPE,ID_K9HZ09ORPE,C6,信道干扰,邻区和服务小区 PCI mod 30 相同导致干扰,重新规划 PCI，消除 PCI mod 30 冲突。,-83.512,19.648,1051.553,210.16,22.1
RC_ID_74KZU3D88M,ID_74KZU3D88M,C4,信道干扰,非共站同频邻区导致严重重叠覆盖,处理同频重叠覆盖，优化频点、功率和覆盖边界。,-83.533,17.023,1043.214,210.058,18.7
RC_ID_1HQOO42FAG,ID_1HQOO42FAG,C3,信道干扰,邻区提供更高吞吐,优化邻区关系和切换策略，降低强邻区抢占影响。,-86.101,8.606,683.581,206.767,20.9
RC_ID_WD2MLQEG6Z,ID_WD2MLQEG6Z,C7,信号中断/覆盖退化,车速超过 40 km/h 影响吞吐,结合高速移动场景优化移动性和覆盖连续性。,-81.372,8.922,657.052,208.385,36.1
RC_ID_FQQ2SA38BP,ID_FQQ2SA38BP,C2,信号中断/覆盖退化,服务小区覆盖距离超过 1 km，越区覆盖,检查越区覆盖，调整功率、方位角或切换边界。,-81.896,5.776,641.042,202.379,19.1
RC_ID_2GO2BMBNKP,ID_2GO2BMBNKP,C4,信道干扰,非共站同频邻区导致严重重叠覆盖,处理同频重叠覆盖，优化频点、功率和覆盖边界。,-82.216,14.272,698.91,209.924,20.1
RC_ID_X1RZASNNUC,ID_X1RZASNNUC,C8,带宽不足,平均调度 RB 低于 160 影响吞吐,检查 RB 调度资源，评估扩容或负载均衡。,-84.998,10.698,921.43,166.0665,15.8
RC_ID_FEEN7EILAH,ID_FEEN7EILAH,C5,基站故障,频繁切换降低性能,调整切换门限、迟滞和定时器，减少频繁切换。,-86.746,22.327,644.153,202.719,21.1
RC_ID_BR5643Q7YQ,ID_BR5643Q7YQ,C1,信号中断/覆盖退化,服务小区下倾角过大，远端弱覆盖,复核服务小区下倾角，优化远端覆盖。,-84.658,10.31,728.994,199.677,14.1
RC_ID_PLQ9QIWNE9,ID_PLQ9QIWNE9,C3,信道干扰,邻区提供更高吞吐,优化邻区关系和切换策略，降低强邻区抢占影响。,-83.384,2.522,690.548,200.465,16.5
